item_id,state_id,ADI,CV2
FOODS_1_001,CA,1.2247119078104993,0.6796324087675432
FOODS_1_001,TX,1.537781350482315,0.7347018614699717
FOODS_1_001,WI,1.6678291194420227,0.5005839823062971
FOODS_1_002,CA,1.2736351531291612,0.3636264224901836
FOODS_1_002,TX,2.2882775119617227,0.30442454725080403
FOODS_1_002,WI,1.4614209320091673,0.4016861275906542
FOODS_1_003,CA,1.0753232152894885,0.4072307942476205
FOODS_1_003,TX,1.7845149253731343,0.45528477969381786
FOODS_1_003,WI,1.3340306834030684,0.6461184078672917
FOODS_1_004,CA,1.4055841293166789,0.3258636980057322
FOODS_1_004,TX,1.4138950480413894,0.2562565645179139
FOODS_1_004,WI,1.4159881569207995,0.31082658894395715
FOODS_1_005,CA,1.3293954134815844,0.5495603234588656
FOODS_1_005,TX,1.488715953307393,0.7780602984941131
FOODS_1_005,WI,1.4760802469135803,0.5381257958030651
FOODS_1_006,CA,1.044784270890224,0.4482226534132717
FOODS_1_006,TX,1.3922852983988354,0.7845986026140718
FOODS_1_006,WI,1.0906499429874572,0.5613419656479879
FOODS_1_008,CA,2.367574257425743,0.46149857283117013
FOODS_1_008,TX,4.56563245823389,0.4444994092929223
FOODS_1_008,WI,2.1470258136924802,0.5022189885160551
FOODS_1_009,CA,2.0547798066595058,0.5525258457101895
FOODS_1_009,TX,3.3798586572438163,0.8143949073732752
FOODS_1_009,WI,2.6349862258953167,0.4503281894503793
FOODS_1_010,CA,2.2505882352941176,0.5184331254588807
FOODS_1_010,TX,1.8064211520302171,0.6369754864920054
FOODS_1_010,WI,2.137430167597765,0.5566275902298893
FOODS_1_011,CA,1.5888704318936877,0.5200570302860099
FOODS_1_011,TX,2.500653594771242,0.8525550723468613
FOODS_1_011,WI,2.4844155844155846,0.5205761597479974
FOODS_1_012,CA,1.340574632095305,0.09127885250777838
FOODS_1_012,TX,1.069910514541387,0.12482017774568065
FOODS_1_012,WI,1.4159881569207995,0.3629898024464737
FOODS_1_013,CA,1.1482593037214885,0.5539099974517531
FOODS_1_013,TX,1.3752695902228613,1.16488459448626
FOODS_1_013,WI,1.3433988764044944,0.6530032741785077
FOODS_1_014,CA,2.009453781512605,0.48251749453349
FOODS_1_014,TX,1.6378424657534247,0.5228696018381745
FOODS_1_014,WI,1.5194598888006354,0.41699568803193726
FOODS_1_015,CA,1.4704073789392775,1.0621166620569849
FOODS_1_015,TX,1.894059405940594,1.104795854146579
FOODS_1_015,WI,1.8959365708622398,1.3884886757798052
FOODS_1_016,CA,1.0863145939806929,0.47715934096069196
FOODS_1_016,TX,1.626700680272109,0.4532167137829143
FOODS_1_016,WI,1.3943148688046647,0.5461443274119966
FOODS_1_017,CA,1.8098391674550616,0.44859859856027556
FOODS_1_017,TX,2.6169630642954855,0.5694868022857211
FOODS_1_017,WI,2.5851351351351353,0.4223056090244161
FOODS_1_018,CA,1.0073723012111637,0.23509831066970152
FOODS_1_018,TX,1.0127051349920593,0.4016878684788699
FOODS_1_018,WI,1.0063124671225672,0.26490880931863625
FOODS_1_019,CA,1.5134493670886076,0.32453185450067795
FOODS_1_019,TX,1.721872187218722,0.38151013020675895
FOODS_1_019,WI,1.1686010995723886,0.3501480651226308
FOODS_1_020,CA,1.2438231469440832,0.32136822172793417
FOODS_1_020,TX,1.4361861861861862,0.4043474751738113
FOODS_1_020,WI,1.2544262295081967,0.3497281537065024
FOODS_1_021,CA,1.6649260226283724,0.49525623712813116
FOODS_1_021,TX,2.0748373101952278,0.6051241641667401
FOODS_1_021,WI,1.7065120428189118,0.42262374524728974
FOODS_1_022,CA,3.0954692556634305,0.533208814376228
FOODS_1_022,TX,2.5746971736204576,0.37021190037334295
FOODS_1_022,WI,6.85663082437276,0.24165790725674396
FOODS_1_023,CA,1.3424561403508772,0.1987578840102364
FOODS_1_023,TX,1.1393686718284692,0.4325557697873823
FOODS_1_023,WI,1.7203237410071943,0.45094867903003477
FOODS_1_024,CA,1.051676745464541,0.37255440530047595
FOODS_1_024,TX,1.3703438395415473,0.5549489554606504
FOODS_1_024,WI,1.134638196915777,0.46031451903573234
FOODS_1_025,CA,1.6824978012313105,0.6118401794061629
FOODS_1_025,TX,2.154279279279279,0.6695880407916687
FOODS_1_025,WI,2.500653594771242,0.45793025225300266
FOODS_1_026,CA,1.372309899569584,0.4591985434050698
FOODS_1_026,TX,1.832375478927203,0.44664985294825255
FOODS_1_026,WI,1.509865824782952,0.4400093752257951
FOODS_1_027,CA,1.5968280467445743,0.5047318611456152
FOODS_1_027,TX,1.6143459915611815,0.5387418141418214
FOODS_1_027,WI,1.602177554438861,0.5350147184891876
FOODS_1_028,CA,3.130932896890344,0.49160708686313226
FOODS_1_028,TX,3.478181818181818,0.903406599440577
FOODS_1_028,WI,2.156708004509583,0.6362931025001848
FOODS_1_029,CA,2.120842572062084,0.4512147122815754
FOODS_1_029,TX,2.624142661179698,0.9703393197711379
FOODS_1_029,WI,2.0547798066595058,0.7982083204527706
FOODS_1_030,CA,1.587551867219917,1.0753951049988557
FOODS_1_030,TX,2.203917050691244,0.6013759728699261
FOODS_1_030,WI,2.0158061116965227,1.0531020217080331
FOODS_1_031,CA,1.1586917019987886,0.3772823789307811
FOODS_1_031,TX,1.4692780337941629,0.5436501871802959
FOODS_1_031,WI,1.3994147768836869,0.4171517674096208
FOODS_1_032,CA,1.2247119078104993,0.31816624375297264
FOODS_1_032,TX,1.239792611795204,0.6247635927741768
FOODS_1_032,WI,1.2660489741892786,0.34247657709457857
FOODS_1_033,CA,2.772463768115942,0.7178623528447834
FOODS_1_033,TX,4.418013856812933,0.8411916810483698
FOODS_1_033,WI,6.712280701754386,0.45343644914469505
FOODS_1_034,CA,1.4097273397199706,0.41207235315430624
FOODS_1_034,TX,1.890316205533597,0.47237967228318717
FOODS_1_034,WI,2.355911330049261,0.43583573971223744
FOODS_1_035,CA,1.6294718909710393,0.6422510554002657
FOODS_1_035,TX,2.705799151343706,1.0105891653017174
FOODS_1_035,WI,3.4344703770197484,0.5997797110885307
FOODS_1_036,CA,1.0663322185061315,0.3558432513466783
FOODS_1_036,TX,1.2389896373056994,0.49713091524866304
FOODS_1_036,WI,1.2951929587000677,0.6020741662697495
FOODS_1_037,CA,1.3557760453579022,1.192730244483402
FOODS_1_037,TX,2.063646170442287,1.311927171638359
FOODS_1_037,WI,1.532852564102564,2.62569499517027
FOODS_1_038,CA,1.2084649399873657,0.4345170181685625
FOODS_1_038,TX,1.4715384615384615,0.5500171615346225
FOODS_1_038,WI,1.9034825870646765,0.48851470645987577
FOODS_1_039,CA,1.7845149253731343,0.5628761605941538
FOODS_1_039,TX,4.0615711252653925,0.4215124482162249
FOODS_1_039,WI,3.2982758620689654,0.6012294303831982
FOODS_1_040,CA,1.1089855072463768,0.3011326385203591
FOODS_1_040,TX,1.2478799739073712,0.4533039268848382
FOODS_1_040,WI,1.1941323345817727,0.5168722299595447
FOODS_1_041,CA,1.42548435171386,0.34517060141404615
FOODS_1_041,TX,1.9742002063983488,0.4908656623446009
FOODS_1_041,WI,1.6143459915611815,0.43367554088246674
FOODS_1_042,CA,1.8754901960784314,0.3424473224317081
FOODS_1_042,TX,1.4107669616519174,0.2582366761308257
FOODS_1_042,WI,1.438345864661654,0.32829665627402194
FOODS_1_043,CA,1.312071330589849,0.28500799224292594
FOODS_1_043,TX,1.30580204778157,0.27832188029407057
FOODS_1_043,WI,1.3184011026878015,0.3198657522589111
FOODS_1_044,CA,1.5783828382838283,0.5207979400050932
FOODS_1_044,TX,1.774582560296846,0.7295883441530628
FOODS_1_044,WI,1.2454427083333333,0.687689060738395
FOODS_1_045,CA,1.1148018648018647,0.2903813668979668
FOODS_1_045,TX,1.2239283429302623,0.42005679522608796
FOODS_1_045,WI,1.2084649399873657,0.4433968132296947
FOODS_1_046,CA,1.006842105263158,0.34571875176613237
FOODS_1_046,TX,1.0031463030938648,0.46264773746175525
FOODS_1_046,WI,1.006842105263158,0.38058548958092214
FOODS_1_047,CA,1.161505768063145,0.415793641708575
FOODS_1_047,TX,1.430815258040389,0.5652323229640926
FOODS_1_047,WI,1.472671285604311,0.42331013659065087
FOODS_1_048,CA,1.3257103257103258,0.40140159764977973
FOODS_1_048,TX,2.2479435957696827,0.3466260391675466
FOODS_1_048,WI,2.2090069284064664,0.32287095790973847
FOODS_1_049,CA,1.3567375886524822,0.47959206528761716
FOODS_1_049,TX,1.9906347554630592,0.69592905170363
FOODS_1_049,WI,1.832375478927203,0.5054996652281817
FOODS_1_050,CA,1.5731907894736843,0.48055880001140794
FOODS_1_050,TX,3.736328125,0.32842288128554376
FOODS_1_050,WI,2.8257016248153617,0.347027737002762
FOODS_1_051,CA,1.7422586520947176,0.31474975274873307
FOODS_1_051,TX,1.6854625550660793,0.46189930466313484
FOODS_1_051,WI,1.5452342487883683,0.3419831659245743
FOODS_1_052,CA,1.911088911088911,0.4578308755286145
FOODS_1_052,TX,1.799623706491063,0.4839790403146872
FOODS_1_052,WI,1.4829457364341085,0.3937969336868845
FOODS_1_053,CA,1.2161474888747617,0.4068426216090227
FOODS_1_053,TX,2.4876462938881665,0.44151299891004236
FOODS_1_053,WI,1.8828740157480315,0.3999912121823963
FOODS_1_054,CA,1.0240899357601714,0.4002616902868146
FOODS_1_054,TX,1.233397807865893,0.5273611873579908
FOODS_1_054,WI,1.1608009708737863,0.4652968813987208
FOODS_1_055,CA,1.239792611795204,0.7855462472843316
FOODS_1_055,TX,1.30580204778157,0.8294642979966519
FOODS_1_055,WI,1.3902616279069768,1.7182506189244586
FOODS_1_056,CA,3.6577437858508604,0.38772241871147234
FOODS_1_056,TX,5.497126436781609,1.7045603622409253
FOODS_1_056,WI,4.511792452830188,0.3317711103139358
FOODS_1_057,CA,3.3269565217391306,0.41723720078236354
FOODS_1_057,TX,4.981770833333333,0.8623904311333971
FOODS_1_057,WI,3.904081632653061,0.39736373186401236
FOODS_1_058,CA,1.2899527983816588,0.46965482236939693
FOODS_1_058,TX,1.284754869039624,0.4244057579821361
FOODS_1_058,WI,1.3129718599862732,0.5064635770995718
FOODS_1_059,CA,2.335775335775336,0.6136743607870926
FOODS_1_059,TX,1.914914914914915,0.3621694665553131
FOODS_1_059,WI,2.7019774011299433,0.5265028816538094
FOODS_1_060,CA,3.0031397174254315,0.5167827856902985
FOODS_1_060,TX,6.292763157894737,0.4491237186684076
FOODS_1_060,WI,5.087765957446808,0.5505802977188436
FOODS_1_061,CA,1.0753232152894885,0.27754729995815014
FOODS_1_061,TX,1.1128563118091914,0.436962257630723
FOODS_1_061,WI,1.1045034642032332,0.41839048083220615
FOODS_1_062,CA,1.205419029615627,0.42902105502278887
FOODS_1_062,TX,1.6336464560204953,0.4842505742766048
FOODS_1_062,WI,1.3732950466618807,0.7074968286193393
FOODS_1_063,CA,1.1531042796865583,0.44775620077232064
FOODS_1_063,TX,1.3238754325259516,0.6070122781143403
FOODS_1_063,WI,1.0534140969162995,0.37646788794983854
FOODS_1_064,CA,1.0723094170403586,0.3926269497558757
FOODS_1_064,TX,2.3530135301353012,0.41162669877267544
FOODS_1_064,WI,1.3912727272727272,0.44633403767076785
FOODS_1_065,CA,1.284754869039624,0.5126058090624217
FOODS_1_065,TX,1.9681069958847737,0.6603505268631612
FOODS_1_065,WI,1.6211864406779661,0.4119143364629066
FOODS_1_066,CA,1.0663322185061315,0.4667264785276075
FOODS_1_066,TX,1.5757825370675453,0.5041312018233519
FOODS_1_066,WI,1.2610415293342123,0.719408501324571
FOODS_1_067,CA,1.1025936599423631,0.34993605446626347
FOODS_1_067,TX,1.169315403422983,0.7280843275378805
FOODS_1_067,WI,1.1434548714883443,0.43791228158567014
FOODS_1_068,CA,2.327250608272506,0.5460865167148545
FOODS_1_068,TX,3.664750957854406,0.5443635043542991
FOODS_1_068,WI,3.231418918918919,0.5594996273627115
FOODS_1_069,CA,1.4580792682926829,0.5600902335948584
FOODS_1_069,TX,2.1470258136924802,0.849082487547626
FOODS_1_069,WI,2.3617283950617285,0.646260160182802
FOODS_1_070,CA,2.0703463203463204,0.6500930063170842
FOODS_1_070,TX,2.947611710323575,0.5409458261548911
FOODS_1_070,WI,1.914914914914915,0.5554653321299393
FOODS_1_071,CA,1.8608949416342413,0.5683523935133262
FOODS_1_071,TX,2.3216019417475726,0.509586552945138
FOODS_1_071,WI,1.9968684759916493,0.7001486360602964
FOODS_1_072,CA,1.695921985815603,0.6818169441897739
FOODS_1_072,TX,1.7928772258669166,0.5025583431378602
FOODS_1_072,WI,2.3763975155279504,0.4041718365909835
FOODS_1_073,CA,1.2278562259306804,0.39499857218850337
FOODS_1_073,TX,1.9460834181078333,0.45297637318364653
FOODS_1_073,WI,1.3963503649635036,0.4386318725726443
FOODS_1_074,CA,1.4580792682926829,0.29208138664744604
FOODS_1_074,TX,1.7696577243293248,0.5196576052428608
FOODS_1_074,WI,1.5291766586730615,0.4013347634036846
FOODS_1_075,CA,1.4783616692426584,0.753010755788363
FOODS_1_075,TX,2.198850574712644,0.7871776996051841
FOODS_1_075,WI,1.721872187218722,0.970919392019011
FOODS_1_076,CA,1.0569060773480663,0.32443927335932843
FOODS_1_076,TX,1.1239717978848414,0.34018824164319594
FOODS_1_076,WI,2.698166431593794,0.2914833231491555
FOODS_1_077,CA,3.3211805555555554,0.38490397419957456
FOODS_1_077,TX,4.469626168224299,0.35127336641753204
FOODS_1_077,WI,3.2589437819420786,0.490502892914951
FOODS_1_078,CA,2.4908854166666665,0.5609403926163291
FOODS_1_078,TX,3.2205387205387206,0.5019599605024777
FOODS_1_078,WI,3.0608,0.3864599005858844
FOODS_1_079,CA,8.540178571428571,0.2552048900562241
FOODS_1_079,TX,7.682730923694779,0.30112772396496734
FOODS_1_079,WI,5.465714285714285,0.44147151184402045
FOODS_1_080,CA,1.2153748411689962,0.407800272767103
FOODS_1_080,TX,1.5194598888006354,0.41515649569595897
FOODS_1_080,WI,1.4840961986035686,0.31611714515652817
FOODS_1_081,CA,1.383224873463485,0.4070513966978465
FOODS_1_081,TX,1.301360544217687,0.5350923874439187
FOODS_1_081,WI,1.9865005192107996,0.3926934882524549
FOODS_1_082,CA,1.6854625550660793,0.2975760856499638
FOODS_1_082,TX,1.7187780772686434,0.45408115504126706
FOODS_1_082,WI,1.6869488536155204,0.240280632967459
FOODS_1_083,CA,1.1154518950437318,0.4415196086783473
FOODS_1_083,TX,1.2778891115564461,0.5840759087264219
FOODS_1_083,WI,1.1400476758045293,0.5358888237869154
FOODS_1_084,CA,5.047493403693931,0.5664645593841452
FOODS_1_084,TX,4.917737789203085,0.550747681804008
FOODS_1_084,WI,5.15633423180593,0.34478179124711317
FOODS_1_085,CA,1.0063124671225672,0.18551180609763399
FOODS_1_085,TX,1.004199475065617,0.3888355980455668
FOODS_1_085,WI,1.006842105263158,0.19210695262401342
FOODS_1_086,CA,1.0052548607461902,0.22313023804250634
FOODS_1_086,TX,2.5609103078982596,0.33075566918305577
FOODS_1_086,WI,1.0430752453653216,0.3950009007164811
FOODS_1_087,CA,1.3415147265077139,0.2247600882110799
FOODS_1_087,TX,1.0717086834733893,0.21638026579010086
FOODS_1_087,WI,1.6577123050259965,0.5220171997533014
FOODS_1_088,CA,1.1154518950437318,0.5211641044176293
FOODS_1_088,TX,1.199373040752351,0.8852769201187362
FOODS_1_088,WI,1.336827393431167,0.8087718508506802
FOODS_1_089,CA,4.027368421052632,0.562528270042194
FOODS_1_089,TX,4.0788912579957355,0.39929285191621694
FOODS_1_089,WI,3.7436399217221137,0.5138192824366673
FOODS_1_090,CA,1.386231884057971,0.5305814682982427
FOODS_1_090,TX,1.8884501480750246,0.6960422519531757
FOODS_1_090,WI,1.8736532810969637,0.4856705138607721
FOODS_1_091,CA,1.4351087771942985,0.3324312330726149
FOODS_1_091,TX,2.03727369542066,0.5923253636614757
FOODS_1_091,WI,1.548987854251012,0.4077366342781659
FOODS_1_092,CA,1.4795050270688321,0.45147116561320727
FOODS_1_092,TX,1.5901911886949294,0.6176837783944852
FOODS_1_092,WI,1.499216300940439,0.445411119547552
FOODS_1_093,CA,1.8718199608610568,0.5217676830021915
FOODS_1_093,TX,1.9072781655034896,0.44993009724504196
FOODS_1_093,WI,2.8810240963855422,0.4785424373831166
FOODS_1_094,CA,1.096275071633238,0.4562744875023533
FOODS_1_094,TX,1.3732950466618807,0.6612971499505925
FOODS_1_094,WI,1.299592391304348,0.42456500032343425
FOODS_1_095,CA,2.0770901194353963,0.9623407444872847
FOODS_1_095,TX,1.6491379310344827,0.5310713393181725
FOODS_1_095,WI,1.9580348004094166,0.6343797308034582
FOODS_1_096,CA,1.080180688876341,0.4147178527827153
FOODS_1_096,TX,1.0912721049629206,0.7124526231008603
FOODS_1_096,WI,1.024638457418318,0.825253275790817
FOODS_1_097,CA,1.8959365708622398,0.3978928375762535
FOODS_1_097,TX,1.4329588014981274,0.39822655648763483
FOODS_1_097,WI,1.4066176470588236,0.3497275065779007
FOODS_1_098,CA,5.8323170731707314,0.4544914983325853
FOODS_1_098,TX,2.6643454038997216,0.6808588170258799
FOODS_1_098,WI,2.2296037296037294,0.47219163762201627
FOODS_1_099,CA,1.7019572953736655,0.18317056619641722
FOODS_1_099,TX,1.7080357142857143,0.2605692896749376
FOODS_1_099,WI,1.7049910873440286,0.2300442589311532
FOODS_1_101,CA,1.3732950466618807,0.6249077010693589
FOODS_1_101,TX,1.832375478927203,0.7086477245102616
FOODS_1_101,WI,1.336827393431167,0.6806452587106836
FOODS_1_102,CA,1.3812274368231048,0.36758428942024796
FOODS_1_102,TX,1.442684766214178,0.4459986710124805
FOODS_1_102,WI,1.2008788449466417,0.40405878494674174
FOODS_1_103,CA,1.2470664928292048,0.5383320116306148
FOODS_1_103,TX,1.4772200772200772,0.6272851765584789
FOODS_1_103,WI,1.4910366328916602,0.45167102866120545
FOODS_1_104,CA,1.3138736263736264,0.40489738032424877
FOODS_1_104,TX,1.3782420749279538,0.4859594259149092
FOODS_1_104,WI,1.5439870863599676,0.551181707130149
FOODS_1_105,CA,1.6170752324598479,0.5317482215409806
FOODS_1_105,TX,2.219257540603248,0.5174909090410756
FOODS_1_105,WI,2.23220536756126,0.4541474278096037
FOODS_1_106,CA,1.0747191011235955,0.3520138544176045
FOODS_1_106,TX,1.1600970285021226,0.568717695678845
FOODS_1_106,WI,1.161505768063145,0.42115810059764985
FOODS_1_107,CA,2.421518987341772,0.5436479529368563
FOODS_1_107,TX,2.8424962852897475,0.6374515610634914
FOODS_1_107,WI,3.136065573770492,0.469035647912418
FOODS_1_108,CA,1.0307112068965518,0.4015765241069164
FOODS_1_108,TX,1.2668874172185431,0.5564804950676386
FOODS_1_108,WI,1.1772307692307693,0.498703800700702
FOODS_1_109,CA,2.135044642857143,0.3508258333196621
FOODS_1_109,TX,2.6943661971830988,0.4675267171069442
FOODS_1_109,WI,2.2141203703703702,0.4200648447241578
FOODS_1_110,CA,1.2882154882154881,0.28627377599067066
FOODS_1_110,TX,1.2925675675675676,0.31302445754366204
FOODS_1_110,WI,1.3066939890710383,0.3499807507864502
FOODS_1_111,CA,3.356140350877193,0.3728884476705909
FOODS_1_111,TX,7.904958677685951,0.16115977665078635
FOODS_1_111,WI,5.609970674486804,0.24769848347502263
FOODS_1_112,CA,1.0723094170403586,0.34944435495461296
FOODS_1_112,TX,1.4265473527218493,0.5463546944555349
FOODS_1_112,WI,1.230225080385852,0.4441426740477851
FOODS_1_113,CA,1.602177554438861,0.5126261453853266
FOODS_1_113,TX,1.695921985815603,0.8749448965385769
FOODS_1_113,WI,1.5888704318936877,0.42993889683833125
FOODS_1_114,CA,1.42548435171386,0.6247045442000523
FOODS_1_114,TX,2.318787878787879,0.6609333582529034
FOODS_1_114,WI,1.7172351885098742,0.4062570489399639
FOODS_1_115,CA,2.0351063829787233,0.5027961611425037
FOODS_1_115,TX,2.4973890339425586,0.5254240407956874
FOODS_1_115,WI,2.537135278514589,0.6588585854391584
FOODS_1_116,CA,1.5230891719745223,0.6740278218489502
FOODS_1_116,TX,2.834074074074074,1.3619651080528896
FOODS_1_116,WI,2.554072096128171,0.828764304990905
FOODS_1_117,CA,1.42548435171386,0.4058473442746335
FOODS_1_117,TX,1.905378486055777,0.8075809638558374
FOODS_1_117,WI,1.5074862096138693,0.44705475752229473
FOODS_1_118,CA,2.219257540603248,0.5749375202851511
FOODS_1_118,TX,2.2064590542099194,0.546416852247175
FOODS_1_118,WI,1.5616326530612246,0.5010349292843796
FOODS_1_119,CA,1.764760147601476,0.6050260558445001
FOODS_1_119,TX,2.7525179856115107,0.48093134107824537
FOODS_1_119,WI,1.7712962962962964,0.49267133440499883
FOODS_1_120,CA,1.3174931129476584,0.5000454692946472
FOODS_1_120,TX,1.4107669616519174,0.5471355169234707
FOODS_1_120,WI,1.4086892488954346,0.6018747520260546
FOODS_1_121,CA,1.0487938596491229,0.722580278452577
FOODS_1_121,TX,1.388243831640058,0.7257494364526303
FOODS_1_121,WI,1.1729000613120786,0.5567430143653433
FOODS_1_122,CA,3.888211382113821,0.42868244125201227
FOODS_1_122,TX,4.56563245823389,0.36331490917934806
FOODS_1_122,WI,4.279642058165548,0.40848823257467637
FOODS_1_123,CA,1.3174931129476584,0.5209398679089292
FOODS_1_123,TX,1.6406518010291595,0.5994865402364516
FOODS_1_123,WI,1.8167141500474835,0.7405754353168885
FOODS_1_124,CA,1.4035216434336024,0.4129821315882089
FOODS_1_124,TX,1.644883920894239,0.571998183099603
FOODS_1_124,WI,1.4191394658753709,0.41530591048517335
FOODS_1_125,CA,3.1258169934640523,0.3416270707051569
FOODS_1_125,TX,3.4718693284936477,0.43036026279167605
FOODS_1_125,WI,4.241685144124168,0.32014900583744504
FOODS_1_126,CA,3.236886632825719,0.4207067639648602
FOODS_1_126,TX,6.111821086261981,1.0511133755087398
FOODS_1_126,WI,4.576555023923445,0.4545639329200389
FOODS_1_127,CA,1.1608009708737863,0.39783375835220863
FOODS_1_127,TX,1.3111720356408498,0.47755103895054735
FOODS_1_127,WI,1.2422077922077923,0.5324955964597607
FOODS_1_128,CA,1.2039018250471996,0.5871225710915877
FOODS_1_128,TX,1.755045871559633,0.7785914415197922
FOODS_1_128,WI,1.568032786885246,0.7736588563328008
FOODS_1_129,CA,1.0569060773480663,0.3809453998097724
FOODS_1_129,TX,1.1786814540973505,0.3770758475564351
FOODS_1_129,WI,1.0975329890992542,0.5973169110179128
FOODS_1_130,CA,1.0639599555061179,0.2864737633155008
FOODS_1_130,TX,1.210759493670886,0.43053838048142595
FOODS_1_130,WI,1.0759280089988752,0.3192848433728569
FOODS_1_131,CA,4.576555023923445,0.49115122805655426
FOODS_1_131,TX,6.5290102389078495,0.8042100136711691
FOODS_1_131,WI,5.15633423180593,0.6072915170914223
FOODS_1_132,CA,1.7065120428189118,0.6588945910167767
FOODS_1_132,TX,1.9782833505687694,0.6271427524750215
FOODS_1_132,WI,1.8047169811320756,0.4873578354311583
FOODS_1_133,CA,1.531625300240192,1.6417979853129685
FOODS_1_133,TX,2.5677852348993286,0.998343179707518
FOODS_1_133,WI,1.5565500406834825,1.7102441090296927
FOODS_1_134,CA,2.2141203703703702,0.41213002239532176
FOODS_1_134,TX,2.517105263157895,0.40788360619701614
FOODS_1_134,WI,2.23220536756126,0.3920056419048684
FOODS_1_135,CA,1.4968701095461658,0.5114365411718412
FOODS_1_135,TX,3.536044362292052,0.7496052831833057
FOODS_1_135,WI,2.7096317280453257,0.5079833940032716
FOODS_1_136,CA,1.3284722222222223,0.47875509965506985
FOODS_1_136,TX,4.113978494623656,0.31452934608240707
FOODS_1_136,WI,1.9245472837022133,0.4405126695111968
FOODS_1_137,CA,1.1233118027011157,0.5936866736873744
FOODS_1_137,TX,1.2130627774254914,0.5644865419513984
FOODS_1_137,WI,1.1448234590065829,0.578974961104171
FOODS_1_138,CA,1.5051140833988985,0.6262274265048268
FOODS_1_138,TX,2.592140921409214,0.9568943887963859
FOODS_1_138,WI,2.3646477132262054,0.7060764639856163
FOODS_1_139,CA,1.7065120428189118,0.2539204908820114
FOODS_1_139,TX,1.4681504221028396,0.35083197640230457
FOODS_1_139,WI,1.450341167551175,0.30960379140699834
FOODS_1_140,CA,1.3481324876673715,0.4176848997896343
FOODS_1_140,TX,1.890316205533597,0.4328721026847054
FOODS_1_140,WI,1.6765994741454864,0.4431522377372001
FOODS_1_141,CA,1.4956997654417514,0.5145318953062262
FOODS_1_141,TX,2.668061366806137,0.5392389467903763
FOODS_1_141,WI,1.6322525597269624,0.4060404331520879
FOODS_1_142,CA,1.151022864019254,0.5073233284141202
FOODS_1_142,TX,1.3902616279069768,0.8732033003566535
FOODS_1_142,WI,1.359630419331912,0.6806058067618025
FOODS_1_143,CA,1.20770202020202,0.5583659294549765
FOODS_1_143,TX,2.7019774011299433,1.0018546664762666
FOODS_1_143,WI,1.5353130016051364,0.5319293310651023
FOODS_1_144,CA,1.1312832643406268,0.389190164701112
FOODS_1_144,TX,1.5836092715231789,0.39557207277596834
FOODS_1_144,WI,1.1721813725490196,0.4207159048290998
FOODS_1_145,CA,1.8921859545004946,0.30651743460187547
FOODS_1_145,TX,1.4547528517110266,0.46591721364374755
FOODS_1_145,WI,1.4415975885455916,0.4376483493492722
FOODS_1_146,CA,1.5074862096138693,0.3695096702101922
FOODS_1_146,TX,2.3300852618757615,0.43350952239065144
FOODS_1_146,WI,1.6102693602693603,0.38145642398276214
FOODS_1_147,CA,1.9381965552178317,0.40266618225679573
FOODS_1_147,TX,3.1830282861896837,0.528293630552349
FOODS_1_147,WI,4.855329949238579,0.2728283325914423
FOODS_1_148,CA,2.3882646691635454,0.527972217724217
FOODS_1_148,TX,3.650763358778626,0.4688817632869987
FOODS_1_148,WI,8.897674418604652,0.30009515153144123
FOODS_1_149,CA,1.9303733602421795,0.42180830432420646
FOODS_1_149,TX,1.630861040068201,0.5108208682569777
FOODS_1_149,WI,1.6211864406779661,0.5226868744027409
FOODS_1_150,CA,1.125956444967628,0.39693347734831735
FOODS_1_150,TX,1.1714635639926516,0.5170317623939932
FOODS_1_150,WI,1.6839788732394365,0.4954345077068708
FOODS_1_151,CA,2.7096317280453257,0.7147083643412375
FOODS_1_151,TX,2.821533923303835,0.45907725520420667
FOODS_1_151,WI,3.1777408637873754,0.4949636128338291
FOODS_1_152,CA,1.1881987577639752,0.5965407264124666
FOODS_1_152,TX,1.340574632095305,0.5906246258744773
FOODS_1_152,WI,1.274483677548301,0.5885460991289242
FOODS_1_153,CA,1.0279419666845782,0.3504275082471256
FOODS_1_153,TX,1.3443429374560787,0.6254422804776658
FOODS_1_153,WI,1.4470499243570347,0.44344092204388047
FOODS_1_154,CA,1.1213364595545134,0.5470069126519987
FOODS_1_154,TX,1.231809401159047,0.9438328961167958
FOODS_1_154,WI,1.2677269715043076,0.8295788313417664
FOODS_1_155,CA,1.9187562688064193,0.3369826236698108
FOODS_1_155,TX,1.4795050270688321,0.5038234053635806
FOODS_1_155,WI,1.4898753894080996,0.42908636681745577
FOODS_1_156,CA,1.796244131455399,0.3834023105902222
FOODS_1_156,TX,2.6277472527472527,0.7313109595594037
FOODS_1_156,WI,2.39125,0.38378087805146244
FOODS_1_157,CA,2.3530135301353012,0.6200066378607371
FOODS_1_157,TX,2.5746971736204576,0.5199231556457318
FOODS_1_157,WI,4.501176470588235,0.34746167759605756
FOODS_1_158,CA,1.4286781179985064,0.404181548042217
FOODS_1_158,TX,2.7886297376093294,0.27723919182241874
FOODS_1_158,WI,2.3159806295399514,0.38918737921731755
FOODS_1_159,CA,3.575700934579439,0.5833146419252067
FOODS_1_159,TX,2.3159806295399514,0.6538006577103164
FOODS_1_159,WI,2.868065967016492,0.4032031492867465
FOODS_1_160,CA,5.313888888888889,0.37409561635559097
FOODS_1_160,TX,7.904958677685951,0.4275228034391977
FOODS_1_160,WI,6.596551724137931,0.325458791354722
FOODS_1_161,CA,1.006842105263158,0.2435765484609058
FOODS_1_161,TX,1.0663322185061315,0.5551173612654151
FOODS_1_161,WI,1.006842105263158,0.3136112777727907
FOODS_1_162,CA,1.485248447204969,0.37286130151609853
FOODS_1_162,TX,1.5110584518167456,0.47213547763421393
FOODS_1_162,WI,1.5390185036202735,0.5182232085703952
FOODS_1_163,CA,2.7604617604617605,0.4726428852414332
FOODS_1_163,TX,3.1936560934891487,0.7852162942135359
FOODS_1_163,WI,2.7604617604617605,0.46402535159496044
FOODS_1_164,CA,2.04162219850587,0.590799547008511
FOODS_1_164,TX,1.8847290640394088,0.4617141541622665
FOODS_1_164,WI,2.602721088435374,0.5066610951742482
FOODS_1_166,CA,1.3156808803301239,0.2583794381695777
FOODS_1_166,TX,1.4045521292217327,0.4500867348054321
FOODS_1_166,WI,1.3202208419599724,0.33165356718682565
FOODS_1_167,CA,1.0975329890992542,0.40488861046254876
FOODS_1_167,TX,1.7296564195298372,0.488852817709479
FOODS_1_167,WI,1.5134493670886076,0.43154849090787756
FOODS_1_168,CA,1.2115262824572515,0.5970728408441605
FOODS_1_168,TX,1.369362920544023,0.5878871026333996
FOODS_1_168,WI,1.4086892488954346,0.5678895326508796
FOODS_1_169,CA,2.0681081081081083,1.7088644343287342
FOODS_1_169,TX,3.8413654618473894,0.6315682688970206
FOODS_1_169,WI,2.85096870342772,1.297283995570083
FOODS_1_170,CA,1.340574632095305,0.11249418678319356
FOODS_1_170,TX,1.0747191011235955,0.1992932046013055
FOODS_1_170,WI,1.4670245398773005,0.44166179317424686
FOODS_1_171,CA,2.4307496823379924,0.7083139806743372
FOODS_1_171,TX,2.344362745098039,0.5255282890252214
FOODS_1_171,WI,4.7002457002457,0.5184099091282044
FOODS_1_172,CA,1.0089662447257384,0.302860440063019
FOODS_1_172,TX,1.0741156653565413,0.5546161235401457
FOODS_1_172,WI,1.0592469545957919,0.5313652225858896
FOODS_1_173,CA,1.0906499429874572,0.3813017598137089
FOODS_1_173,TX,1.167887667887668,0.6542774042858254
FOODS_1_173,WI,1.1272834413671184,0.6596120369557202
FOODS_1_174,CA,1.1845201238390093,0.4551821190512498
FOODS_1_174,TX,1.5901911886949294,0.6779197721216035
FOODS_1_174,WI,1.3040218132242671,0.507457884168097
FOODS_1_175,CA,1.2978290366350067,0.3637207746693013
FOODS_1_175,TX,1.8098391674550616,0.5333102219717388
FOODS_1_175,WI,1.8847290640394088,0.4078957736872084
FOODS_1_176,CA,1.6434707903780068,2.527840646664087
FOODS_1_176,TX,3.1830282861896837,1.7037104852542566
FOODS_1_176,WI,1.9168336673346693,1.653102214718844
FOODS_1_177,CA,1.1353115727002967,0.441329027254708
FOODS_1_177,TX,1.4097273397199706,0.5478219806616185
FOODS_1_177,WI,1.2381877022653722,0.4537622536004267
FOODS_1_178,CA,1.0711086226203808,0.4061307488628134
FOODS_1_178,TX,1.4045521292217327,0.508536679668832
FOODS_1_178,WI,1.3625356125356125,0.3768736414884279
FOODS_1_179,CA,4.806532663316583,0.6960120423907604
FOODS_1_179,TX,7.840163934426229,0.5501046035431942
FOODS_1_179,WI,8.735159817351597,0.508318209094497
FOODS_1_180,CA,1.1933873986275734,2.118142765626291
FOODS_1_180,TX,1.251144538914323,0.9478981002822364
FOODS_1_180,WI,2.0329436769394262,0.8582025928542404
FOODS_1_181,CA,1.3471830985915494,0.39077200795329076
FOODS_1_181,TX,1.4898753894080996,0.5022305951975067
FOODS_1_181,WI,1.5414987912973408,0.5206225658318314
FOODS_1_182,CA,1.5170499603489294,0.4654286687666239
FOODS_1_182,TX,1.542741935483871,0.567128977902458
FOODS_1_182,WI,1.5578175895765471,0.5068693716448773
FOODS_1_183,CA,1.0094986807387862,0.25383405718523044
FOODS_1_183,TX,1.0592469545957919,0.3932993261417638
FOODS_1_183,WI,1.1482593037214885,0.4450475771915895
FOODS_1_184,CA,1.20770202020202,0.5045020222691718
FOODS_1_184,TX,1.2130627774254914,0.5128970840256332
FOODS_1_184,WI,1.2161474888747617,0.5465942974212415
FOODS_1_185,CA,1.103866128101558,0.43594443154423806
FOODS_1_185,TX,1.3340306834030684,0.5679346247937286
FOODS_1_185,WI,1.1272834413671184,0.48430116947849783
FOODS_1_186,CA,1.603520536462699,0.3982076364476574
FOODS_1_186,TX,2.9028831562974204,0.3050086723226143
FOODS_1_186,WI,2.443167305236271,0.3441799273881816
FOODS_1_187,CA,1.1187134502923977,0.4402597028649823
FOODS_1_187,TX,1.264375413086583,0.5320219518965732
FOODS_1_187,WI,1.2856182795698925,0.6040914309678473
FOODS_1_188,CA,2.721194879089616,0.3852290118667722
FOODS_1_188,TX,3.5425925925925927,0.3992177462037581
FOODS_1_188,WI,3.3858407079646016,0.3706326090602965
FOODS_1_189,CA,2.171396140749149,0.7836942272304482
FOODS_1_189,TX,3.7217898832684826,0.6219162037037035
FOODS_1_189,WI,3.1883333333333335,0.6088846902234705
FOODS_1_190,CA,1.6929203539823008,0.5261687264486582
FOODS_1_190,TX,1.7696577243293248,0.6552167104481974
FOODS_1_190,WI,1.7895229186155286,0.6130383381172158
FOODS_1_191,CA,1.7598896044158234,0.5319602038794292
FOODS_1_191,TX,1.4603053435114504,0.49347588185857577
FOODS_1_191,WI,2.784570596797671,0.4655874869706529
FOODS_1_192,CA,1.3872371283538796,0.39192240018504015
FOODS_1_192,TX,1.6239388794567062,0.5210025417875617
FOODS_1_192,WI,1.5170499603489294,0.4442506124847081
FOODS_1_193,CA,2.240046838407494,0.5990993498557284
FOODS_1_193,TX,1.9226130653266331,0.37278866169137626
FOODS_1_193,WI,3.7217898832684826,0.5988646120546258
FOODS_1_194,CA,1.034613304488913,0.40147699844262125
FOODS_1_194,TX,1.1102727800348229,0.5702137342802577
FOODS_1_194,WI,1.085082246171299,0.44313169129544433
FOODS_1_195,CA,1.5134493670886076,0.36513532473056026
FOODS_1_195,TX,2.0438034188034186,0.4885746051312037
FOODS_1_195,WI,1.586235489220564,0.39662041317275915
FOODS_1_196,CA,1.0844671201814058,0.42124948393001016
FOODS_1_196,TX,1.3040218132242671,0.6293706962634356
FOODS_1_196,WI,1.2478799739073712,0.54750173071811
FOODS_1_197,CA,1.2153748411689962,0.40999815576956844
FOODS_1_197,TX,2.540504648074369,0.34992001025549685
FOODS_1_197,WI,1.9034825870646765,0.380755086164219
FOODS_1_198,CA,1.6062132661628883,0.5977011610406829
FOODS_1_198,TX,3.338568935427574,0.5139432874207721
FOODS_1_198,WI,2.606267029972752,0.41299016695648383
FOODS_1_199,CA,1.6378424657534247,0.5638949168742174
FOODS_1_199,TX,1.398391812865497,0.45554295271761475
FOODS_1_199,WI,1.9968684759916493,0.5268975073628976
FOODS_1_200,CA,2.7604617604617605,0.31609843963761036
FOODS_1_200,TX,2.9161585365853657,0.4265329398279981
FOODS_1_200,WI,2.744619799139168,0.4417354857714343
FOODS_1_201,CA,1.30580204778157,0.29693660465127997
FOODS_1_201,TX,1.442684766214178,0.4499230413342438
FOODS_1_201,WI,1.3238754325259516,0.3442676988066436
FOODS_1_202,CA,1.6989342806394316,0.4291002389853164
FOODS_1_202,TX,1.7878504672897195,0.4908517230137585
FOODS_1_202,WI,1.774582560296846,0.5233129043470003
FOODS_1_203,CA,1.2115262824572515,0.967457131337328
FOODS_1_203,TX,1.6462994836488813,0.5216462007777026
FOODS_1_203,WI,1.3842257597684515,0.5955679726308666
FOODS_1_204,CA,1.4361861861861862,0.5066755264238829
FOODS_1_204,TX,1.739090909090909,0.5662632347507024
FOODS_1_204,WI,1.430815258040389,0.2929630062854082
FOODS_1_205,CA,1.6211864406779661,0.6301003541058328
FOODS_1_205,TX,2.106828193832599,0.5520310956645118
FOODS_1_205,WI,2.970496894409938,0.47631407223054095
FOODS_1_206,CA,1.0545755237045205,3.79881100165902
FOODS_1_206,TX,1.14619532654284,2.3221585581891753
FOODS_1_206,WI,1.1448234590065829,1.8711488455643868
FOODS_1_207,CA,1.0419389978213507,0.41225850525045193
FOODS_1_207,TX,1.565466448445172,0.6878614213511709
FOODS_1_207,WI,1.2341935483870967,0.488719179765676
FOODS_1_208,CA,1.2830315224681421,0.42518822672653034
FOODS_1_208,TX,1.3462350457424348,0.4285518279642396
FOODS_1_208,WI,1.300475866757308,0.37555785753093385
FOODS_1_209,CA,1.4097273397199706,0.3517485315950737
FOODS_1_209,TX,1.7049910873440286,0.6320358338863657
FOODS_1_209,WI,1.635042735042735,0.37041255077652224
FOODS_1_210,CA,1.8047169811320756,0.4124473367418888
FOODS_1_210,TX,1.8447444551591128,0.5096495014191921
FOODS_1_210,WI,1.8483091787439614,0.5232269746194365
FOODS_1_211,CA,2.0884279475982535,0.5369392131863063
FOODS_1_211,TX,1.8483091787439614,0.38263402215804465
FOODS_1_211,WI,5.512968299711815,0.36125365542752397
FOODS_1_212,CA,2.1812998859749144,0.37314232576543693
FOODS_1_212,TX,4.158695652173913,0.2967625737434154
FOODS_1_212,WI,3.9362139917695473,0.2830692795642322
FOODS_1_213,CA,1.222364217252396,0.44837625009066256
FOODS_1_213,TX,1.8341323106423777,0.7504252763930043
FOODS_1_213,WI,1.336827393431167,0.4336589416521183
FOODS_1_214,CA,1.096275071633238,0.36774795934615623
FOODS_1_214,TX,1.6336464560204953,0.4548745386561589
FOODS_1_214,WI,1.5578175895765471,0.4271772621341295
FOODS_1_215,CA,1.402492668621701,0.48556466312141067
FOODS_1_215,TX,1.6378424657534247,0.8219435288616045
FOODS_1_215,WI,1.7203237410071943,0.5895945237131482
FOODS_1_216,CA,1.0615982241953386,0.5304211267793687
FOODS_1_216,TX,1.3586647727272727,0.6251324209287679
FOODS_1_216,WI,1.4558599695585996,0.6069699663974168
FOODS_1_217,CA,1.301360544217687,0.3565761848645469
FOODS_1_217,TX,1.3577004968062456,0.5752234141141722
FOODS_1_217,WI,1.3732950466618807,0.6505933580209871
FOODS_1_218,CA,1.0073723012111637,0.3163922071579008
FOODS_1_218,TX,1.0052548607461902,0.4462551718660768
FOODS_1_218,WI,1.0073723012111637,0.3180963682537394
FOODS_1_219,CA,1.3156808803301239,0.22778353023955006
FOODS_1_219,TX,1.3732950466618807,0.5985258005932582
FOODS_1_219,WI,1.3129718599862732,0.2769896825319308
FOODS_2_001,CA,1.9421319796954315,0.5273614658129047
FOODS_2_001,TX,1.0838526912181303,0.3525664062281992
FOODS_2_001,WI,4.167755991285403,0.7456216017111081
FOODS_2_002,CA,1.913,0.46033227600226223
FOODS_2_002,TX,2.0438034188034186,0.4924806125452086
FOODS_2_002,WI,1.7598896044158234,0.22016506265595226
FOODS_2_003,CA,1.2454427083333333,0.7915128259034253
FOODS_2_003,TX,1.360597439544808,0.4587802492503048
FOODS_2_003,WI,1.371326164874552,0.49072117401702614
FOODS_2_004,CA,2.624142661179698,0.35330054274927314
FOODS_2_004,TX,2.690576652601969,0.3211434420128949
FOODS_2_004,WI,2.6386206896551725,0.3506142576772488
FOODS_2_005,CA,1.4681504221028396,0.4253810889940663
FOODS_2_005,TX,1.209228824273072,0.4037126403560186
FOODS_2_005,WI,1.430815258040389,0.40229450393171456
FOODS_2_006,CA,3.3269565217391306,0.26958844479620103
FOODS_2_006,TX,4.818639798488665,0.22733824868078623
FOODS_2_006,WI,3.198996655518395,0.31270692070289624
FOODS_2_007,CA,3.8803245436105476,0.5285474320185302
FOODS_2_007,TX,4.5985576923076925,0.4888458266123079
FOODS_2_007,WI,4.480093676814988,0.4967489170201225
FOODS_2_008,CA,3.2925989672977627,0.4831893827491984
FOODS_2_008,TX,4.158695652173913,0.46596690767008353
FOODS_2_008,WI,3.5623836126629422,0.411398143683364
FOODS_2_009,CA,1.2326030927835052,0.48848860691039264
FOODS_2_009,TX,1.2916948008102633,0.6021094456243344
FOODS_2_009,WI,1.1948782011242973,0.4681469373020091
FOODS_2_010,CA,1.4921996879875195,0.5001351029542211
FOODS_2_010,TX,1.600836820083682,0.5198993259271941
FOODS_2_010,WI,2.0907103825136613,0.47408229297109516
FOODS_2_011,CA,1.6406518010291595,0.5425769328655592
FOODS_2_011,TX,2.3216019417475726,0.5264692586361467
FOODS_2_011,WI,2.0158061116965227,0.5136998556098088
FOODS_2_012,CA,1.4704073789392775,0.5814160982872003
FOODS_2_012,TX,2.510498687664042,0.4008381393004335
FOODS_2_012,WI,1.9342770475227502,0.48472007950279145
FOODS_2_013,CA,1.0094986807387862,0.19882499867106673
FOODS_2_013,TX,1.0026205450733752,0.1719971749655122
FOODS_2_013,WI,3.2478777589134125,0.2171037094957046
FOODS_2_014,CA,1.0856980703745744,0.3465161537109805
FOODS_2_014,TX,1.1551932367149758,0.4436892546490758
FOODS_2_014,WI,1.2381877022653722,0.6667657413677369
FOODS_2_015,CA,4.576555023923445,0.4696594019261335
FOODS_2_015,TX,3.7509803921568627,0.3923553172783651
FOODS_2_015,WI,3.7509803921568627,0.40723914961895435
FOODS_2_016,CA,1.1246325690770136,0.28220225171108193
FOODS_2_016,TX,1.2486945169712793,0.5670587330647473
FOODS_2_016,WI,1.1332938388625593,0.27708911817725657
FOODS_2_017,CA,4.83080808080808,0.35896595997399466
FOODS_2_017,TX,10.687150837988828,0.29637307085151815
FOODS_2_017,WI,5.465714285714285,0.5178138568819365
FOODS_2_018,CA,1.6129848229342327,0.5826217007679994
FOODS_2_018,TX,1.386231884057971,0.36996875369157634
FOODS_2_018,WI,1.3973703433162892,0.4853644857993797
FOODS_2_019,CA,1.0374186550976139,0.1991134929042963
FOODS_2_019,TX,1.0820135746606334,0.3002599012261343
FOODS_2_019,WI,1.1252941176470588,0.3956369199562245
FOODS_2_020,CA,1.3084815321477428,0.4887088453011464
FOODS_2_020,TX,1.3220456116102282,0.5710389929291108
FOODS_2_020,WI,1.5565500406834825,0.5815872314497612
FOODS_2_021,CA,1.2486945169712793,0.35719131627453127
FOODS_2_021,TX,1.2023884349465745,0.322254817097537
FOODS_2_021,WI,1.338698390482855,0.4450806398040241
FOODS_2_022,CA,1.4569687738004569,0.3984114401405735
FOODS_2_022,TX,1.485248447204969,0.3684926184926185
FOODS_2_022,WI,1.5062992125984251,0.47922298021610993
FOODS_2_023,CA,4.397701149425288,0.479984070091597
FOODS_2_023,TX,3.7217898832684826,0.5963023277971037
FOODS_2_023,WI,3.960662525879917,0.4374976831126621
FOODS_2_024,CA,1.1808641975308642,0.35757682343229485
FOODS_2_024,TX,1.250326797385621,0.39030438662782896
FOODS_2_024,WI,1.3577004968062456,0.42777686597936454
FOODS_2_025,CA,1.1779556650246306,0.4854224845042381
FOODS_2_025,TX,1.825381679389313,0.3056806337346237
FOODS_2_025,WI,1.3752695902228613,0.303915084882121
FOODS_2_026,CA,1.2838926174496643,0.41308422978807835
FOODS_2_026,TX,1.6129848229342327,0.37665805338153857
FOODS_2_026,WI,1.2470664928292048,0.3929112538504895
FOODS_2_027,CA,2.0010460251046025,0.6320484406128205
FOODS_2_027,TX,2.9521604938271606,0.8249590426900337
FOODS_2_027,WI,1.9885654885654886,0.5078089486917018
FOODS_2_028,CA,3.338568935427574,0.38073788964161037
FOODS_2_028,TX,2.8723723723723724,0.40418259484011604
FOODS_2_028,WI,2.679271708683473,0.3828887853977373
FOODS_2_029,CA,1.9206827309236947,0.40299403582953025
FOODS_2_029,TX,1.8828740157480315,0.37212800188411044
FOODS_2_029,WI,3.362038664323374,0.7170045446725878
FOODS_2_030,CA,1.0052548607461902,0.2098777926668125
FOODS_2_030,TX,1.0906499429874572,0.3543141087650894
FOODS_2_030,WI,3.5036630036630036,0.5114986652408231
FOODS_2_031,CA,4.377574370709382,0.4124257792187683
FOODS_2_031,TX,1.666376306620209,0.3818227432996937
FOODS_2_031,WI,1.312071330589849,0.3813434209768912
FOODS_2_032,CA,4.994778067885117,0.37303220111878066
FOODS_2_032,TX,1.7080357142857143,0.41902678634165064
FOODS_2_032,WI,1.4806501547987616,0.4119321401445885
FOODS_2_033,CA,3.765748031496063,0.39548554059030055
FOODS_2_033,TX,4.318284424379232,0.3057434363563451
FOODS_2_033,WI,3.9854166666666666,0.26674426513320665
FOODS_2_034,CA,1.1359857482185274,0.43828071985796924
FOODS_2_034,TX,1.1252941176470588,0.40390353749159785
FOODS_2_034,WI,1.300475866757308,0.48123927768648583
FOODS_2_035,CA,2.5609103078982596,0.4413560106342599
FOODS_2_035,TX,2.5816464237516867,0.30096227915157947
FOODS_2_035,WI,2.602721088435374,0.35998940896142506
FOODS_2_036,CA,1.3220456116102282,0.31146761666486344
FOODS_2_036,TX,1.3822254335260116,0.2675843705991858
FOODS_2_036,WI,1.3963503649635036,0.35060619432414813
FOODS_2_037,CA,1.7065120428189118,0.3419433885789091
FOODS_2_037,TX,2.063646170442287,0.3268668257377819
FOODS_2_037,WI,2.3942428035043806,0.35023145108404724
FOODS_2_038,CA,1.1823238566131027,0.414551165903392
FOODS_2_038,TX,1.3093771389459274,0.48115229266630793
FOODS_2_038,WI,1.2856182795698925,0.46952937199071787
FOODS_2_039,CA,2.2800953516090585,0.3616185941318592
FOODS_2_039,TX,1.8773307163886164,0.3569660203559307
FOODS_2_039,WI,2.0816104461371054,0.34793013571301445
FOODS_2_040,CA,3.3738977072310408,0.4127320535164204
FOODS_2_040,TX,6.441077441077441,0.3885533048130004
FOODS_2_040,WI,3.6026365348399247,0.4489519725022126
FOODS_2_041,CA,1.4569687738004569,0.5359068718785308
FOODS_2_041,TX,1.9034825870646765,0.460716460763285
FOODS_2_041,WI,1.5718981101068201,0.400840541212279
FOODS_2_042,CA,1.6974267968056789,0.4574915369792457
FOODS_2_042,TX,1.764760147601476,0.42205814455642454
FOODS_2_042,WI,1.3211325966850829,0.38323944867797255
FOODS_2_043,CA,1.398391812865497,0.4499892908086247
FOODS_2_043,TX,2.4715762273901807,0.6444646416558863
FOODS_2_043,WI,1.6824978012313105,0.5428806408030483
FOODS_2_044,CA,1.274483677548301,0.46366110295814716
FOODS_2_044,TX,1.607563025210084,1.1419409386522112
FOODS_2_044,WI,1.3293954134815844,0.4970072402841287
FOODS_2_045,CA,2.520421607378129,0.3615766640625353
FOODS_2_045,TX,2.85096870342772,0.32143622815824735
FOODS_2_045,WI,2.0394456289978677,0.4075710555287358
FOODS_2_046,CA,5.2554945054945055,0.3864261291222113
FOODS_2_046,TX,4.5985576923076925,0.38095286632554237
FOODS_2_046,WI,4.843037974683544,0.32912030616922494
FOODS_2_047,CA,1.0759280089988752,0.3322151681283264
FOODS_2_047,TX,1.129279811097993,0.39648434179959124
FOODS_2_047,WI,1.1608009708737863,0.4050645784169797
FOODS_2_048,CA,3.7731755424063116,0.44770697354577677
FOODS_2_048,TX,3.070626003210273,0.46911479449182153
FOODS_2_048,WI,2.41540404040404,0.585143251468161
FOODS_2_049,CA,1.4066176470588236,0.4500674561735831
FOODS_2_049,TX,1.0925185608223873,0.4123406048585697
FOODS_2_049,WI,1.3040218132242671,0.41116454733292074
FOODS_2_050,CA,3.3444055944055946,0.40783146679293475
FOODS_2_050,TX,3.3978685612788633,0.9668507543992865
FOODS_2_050,WI,3.3738977072310408,0.3327460620648105
FOODS_2_051,CA,1.2046599496221662,0.4159041513319842
FOODS_2_051,TX,1.453647416413374,0.4827792052517163
FOODS_2_051,WI,1.4933645589383295,0.5884249622804989
FOODS_2_052,CA,1.5757825370675453,0.30674080988623514
FOODS_2_052,TX,1.151715833835039,0.29989146285391166
FOODS_2_052,WI,1.8681640625,0.37795150094545094
FOODS_2_053,CA,1.383224873463485,0.362409857136995
FOODS_2_053,TX,3.1004862236628847,0.27496396621469293
FOODS_2_053,WI,1.9885654885654886,0.4210138995003755
FOODS_2_054,CA,1.0657381615598887,0.4047812490178489
FOODS_2_054,TX,1.0219017094017093,0.3395273534202284
FOODS_2_054,WI,1.0814019219898248,0.49090908885241713
FOODS_2_055,CA,1.2478799739073712,0.4948981350643355
FOODS_2_055,TX,1.383224873463485,0.5061026072883352
FOODS_2_055,WI,1.3519434628975264,0.5035143036978666
FOODS_2_056,CA,1.3872371283538796,0.2796871239746299
FOODS_2_056,TX,1.3462350457424348,0.3213808753804114
FOODS_2_056,WI,1.4265473527218493,0.2901836336023176
FOODS_2_057,CA,3.9200819672131146,0.4220927548206018
FOODS_2_057,TX,5.796969696969697,0.35876424863357753
FOODS_2_057,WI,7.19172932330827,0.35268052321285703
FOODS_2_058,CA,1.3994147768836869,0.4081509831894822
FOODS_2_058,TX,1.2031446540880504,0.4283894213414062
FOODS_2_058,WI,1.3802308802308803,0.5139751326222927
FOODS_2_059,CA,1.1664634146341464,0.48025785172861285
FOODS_2_059,TX,1.0296017222820237,0.31012639190207203
FOODS_2_059,WI,1.2660489741892786,0.49932108953252086
FOODS_2_060,CA,1.2294344473007712,0.3442787010029965
FOODS_2_060,TX,1.4138950480413894,0.455212559902572
FOODS_2_060,WI,1.587551867219917,0.3875418604095324
FOODS_2_061,CA,1.0257372654155497,0.34818566727757055
FOODS_2_061,TX,1.051676745464541,0.41627990973397305
FOODS_2_061,WI,1.062187673514714,0.4624470066509054
FOODS_2_062,CA,1.12994683992912,0.44462365302959617
FOODS_2_062,TX,1.832375478927203,0.4232442501858412
FOODS_2_062,WI,1.3752695902228613,0.43584741557683787
FOODS_2_063,CA,1.2710963455149502,0.25074227915475356
FOODS_2_063,TX,1.145508982035928,0.23337556194031217
FOODS_2_063,WI,1.2813127930341595,0.37827737414160467
FOODS_2_064,CA,1.4351087771942985,0.45062424300861004
FOODS_2_064,TX,1.4351087771942985,0.44883467402365124
FOODS_2_064,WI,1.4933645589383295,0.49882430119463433
FOODS_2_065,CA,1.223145780051151,0.48357407494178395
FOODS_2_065,TX,1.0191795418220564,0.38089740328003663
FOODS_2_065,WI,1.1600970285021226,0.35408263828595044
FOODS_2_066,CA,1.5015698587127158,0.3646544449041364
FOODS_2_066,TX,1.14619532654284,0.4592816461723563
FOODS_2_066,WI,1.2176957352005093,0.5543375791705327
FOODS_2_067,CA,1.8288718929254302,0.4719639940430594
FOODS_2_067,TX,1.7518315018315018,0.4713678414508657
FOODS_2_067,WI,3.1207177814029365,0.4397560659502176
FOODS_2_068,CA,2.876691729323308,0.3047150859530101
FOODS_2_068,TX,5.212534059945504,0.2771282323959224
FOODS_2_068,WI,4.1951754385964914,0.22527937268421702
FOODS_2_069,CA,1.7343608340888486,0.3739810815423896
FOODS_2_069,TX,6.211038961038961,0.1268117263843648
FOODS_2_069,WI,3.2925989672977627,0.24825259956929635
FOODS_2_070,CA,2.335775335775336,0.5073186398195381
FOODS_2_070,TX,2.2719714964370548,0.31237332519716765
FOODS_2_070,WI,2.313180169286578,0.42502710040421987
FOODS_2_071,CA,8.245689655172415,0.48334636764452976
FOODS_2_071,TX,17.55045871559633,0.12714276382706716
FOODS_2_071,WI,5.6765578635014835,0.4448759607217835
FOODS_2_072,CA,1.4118081180811808,0.5352315051979506
FOODS_2_072,TX,1.8554801163918526,0.47955070962642515
FOODS_2_072,WI,1.600836820083682,0.6558312347388783
FOODS_2_073,CA,5.419263456090651,0.26631329471409904
FOODS_2_073,TX,14.38345864661654,0.19438181489316222
FOODS_2_073,WI,7.443579766536965,0.32378450694401384
FOODS_2_074,CA,1.4636572302983932,0.32494238897834954
FOODS_2_074,TX,1.630861040068201,0.4166139450412768
FOODS_2_074,WI,1.5915141430948418,0.5407270013788937
FOODS_2_075,CA,1.294316644113667,0.3503775999620541
FOODS_2_075,TX,1.3822254335260116,0.34451636849864237
FOODS_2_075,WI,1.402492668621701,0.40028846723744604
FOODS_2_076,CA,1.864522417153996,0.3437979669833369
FOODS_2_076,TX,1.962051282051282,0.42733092487866325
FOODS_2_076,WI,2.1837899543378994,0.3415499677249525
FOODS_2_077,CA,3.27008547008547,0.3993530148370204
FOODS_2_077,TX,3.510091743119266,0.33343953164709755
FOODS_2_077,WI,3.609433962264151,0.6639945050286479
FOODS_2_078,CA,1.7928772258669166,0.40758399405665674
FOODS_2_078,TX,1.905378486055777,0.4119237420973659
FOODS_2_078,WI,1.85188770571152,0.4304057095020603
FOODS_2_079,CA,1.0881683731513083,0.35434433670651827
FOODS_2_079,TX,1.5693191140278917,0.3707003977389849
FOODS_2_079,WI,1.3852280955829108,0.3517743150400958
FOODS_2_080,CA,1.8098391674550616,0.5302977952359259
FOODS_2_080,TX,1.6462994836488813,0.3206572163298076
FOODS_2_080,WI,1.3842257597684515,0.49313431764878085
FOODS_2_081,CA,1.085082246171299,0.4085147036785502
FOODS_2_081,TX,1.1180596142606662,0.3297549639791698
FOODS_2_081,WI,1.2627062706270626,0.45481447906610345
FOODS_2_082,CA,1.080180688876341,0.2857839024268489
FOODS_2_082,TX,1.0127051349920593,0.26516912728875025
FOODS_2_082,WI,1.340574632095305,0.5151011428885388
FOODS_2_083,CA,1.2115262824572515,0.39736170831602646
FOODS_2_083,TX,1.7049910873440286,0.3609548487845926
FOODS_2_083,WI,1.3822254335260116,0.41610007469792626
FOODS_2_084,CA,4.654501216545012,0.3308704748915426
FOODS_2_084,TX,2.8257016248153617,0.38477140911760765
FOODS_2_084,WI,2.086150490730643,0.4316793793524569
FOODS_2_085,CA,1.3943148688046647,0.5829927287549316
FOODS_2_085,TX,1.6548442906574394,0.6591309600473548
FOODS_2_085,WI,1.360597439544808,0.4281237727510245
FOODS_2_086,CA,1.2478799739073712,0.31379384259621657
FOODS_2_086,TX,1.0592469545957919,0.4053913455137588
FOODS_2_086,WI,1.3349616189811584,0.3906228201460967
FOODS_2_087,CA,2.379353233830846,0.4169983138233147
FOODS_2_087,TX,5.45014245014245,0.46424987789058425
FOODS_2_087,WI,3.16198347107438,0.39363569026425277
FOODS_2_088,CA,1.5578175895765471,0.4048218521384011
FOODS_2_088,TX,1.4558599695585996,0.6833218072065973
FOODS_2_088,WI,1.2899527983816588,0.49711443677296907
FOODS_2_089,CA,3.2259696458684655,0.3518329615062186
FOODS_2_089,TX,4.855329949238579,0.39420277039937984
FOODS_2_089,WI,4.347727272727273,0.45738498650045206
FOODS_2_090,CA,4.892583120204604,0.3609230769230771
FOODS_2_090,TX,8.390350877192983,0.5113992715649812
FOODS_2_090,WI,5.465714285714285,0.4177838731588771
FOODS_2_091,CA,3.609433962264151,0.4134170528757349
FOODS_2_091,TX,3.085483870967742,0.3494329954881556
FOODS_2_091,WI,3.5036630036630036,0.43464387790250475
FOODS_2_092,CA,1.442684766214178,0.4078741199643763
FOODS_2_092,TX,1.4933645589383295,0.40220998814995695
FOODS_2_092,WI,1.3994147768836869,0.3570321213087743
FOODS_2_093,CA,1.189676616915423,0.41643854955182075
FOODS_2_093,TX,1.2702523240371846,0.4509759457369933
FOODS_2_093,WI,1.225496476617553,0.38525741629279325
FOODS_2_094,CA,3.826,0.5643211319153345
FOODS_2_094,TX,4.576555023923445,0.5164984633046548
FOODS_2_094,WI,4.270089285714286,0.4522125900255249
FOODS_2_095,CA,2.885369532428356,0.4266362669361862
FOODS_2_095,TX,3.2259696458684655,0.5801673991260936
FOODS_2_095,WI,2.984399375975039,0.5272887366919939
FOODS_2_096,CA,6.881294964028777,0.2843405031931404
FOODS_2_096,TX,8.140425531914893,0.18097848999457689
FOODS_2_096,WI,4.758706467661692,0.37299861688131397
FOODS_2_097,CA,5.886153846153846,0.4440140486484252
FOODS_2_097,TX,6.3344370860927155,0.406289375607167
FOODS_2_097,WI,5.2699724517906334,0.3593624573265884
FOODS_2_099,CA,1.3312456506610995,0.3623301617826339
FOODS_2_099,TX,1.4066176470588236,0.519824794372514
FOODS_2_099,WI,1.4159881569207995,0.46779487740831943
FOODS_2_100,CA,1.300475866757308,0.4640518947882013
FOODS_2_100,TX,1.3635067712045617,0.5209253042419444
FOODS_2_100,WI,1.2270686337395766,0.517394518022896
FOODS_2_101,CA,1.101958525345622,0.37462168507658206
FOODS_2_101,TX,1.223145780051151,0.38713351265737733
FOODS_2_101,WI,1.5552845528455284,0.45990229957874124
FOODS_2_102,CA,3.7073643410852712,0.3239225143969635
FOODS_2_102,TX,6.231270358306189,0.37611298417551425
FOODS_2_102,WI,5.796969696969697,0.4133226717892431
FOODS_2_103,CA,1.3912727272727272,0.4523377937977906
FOODS_2_103,TX,1.2804551539491298,0.4778383858052945
FOODS_2_103,WI,1.2882154882154881,0.44485545686663847
FOODS_2_104,CA,1.3211325966850829,0.4087461855218647
FOODS_2_104,TX,1.2864828513786146,0.3700794680921473
FOODS_2_104,WI,1.7004444444444444,0.6162168258544067
FOODS_2_105,CA,2.2013808975834293,0.4532194818729025
FOODS_2_105,TX,2.5677852348993286,1.6695222899384161
FOODS_2_105,WI,2.1422172452407615,0.49821609908947484
FOODS_2_106,CA,1.4647779479326186,0.3497986648244385
FOODS_2_106,TX,1.4603053435114504,0.42989498818610067
FOODS_2_106,WI,1.4580792682926829,0.6101704063352517
FOODS_2_107,CA,1.2694094226940942,0.4727600195419749
FOODS_2_107,TX,1.6378424657534247,0.5370528465082064
FOODS_2_107,WI,1.5353130016051364,0.6230196077671242
FOODS_2_108,CA,1.8681640625,0.38865932327728786
FOODS_2_108,TX,2.0614224137931036,0.40794632512036383
FOODS_2_108,WI,1.9782833505687694,0.40473920148546266
FOODS_2_109,CA,1.1671751067724223,0.3405966951575031
FOODS_2_109,TX,1.3331010452961674,0.4392324905038436
FOODS_2_109,WI,1.3812274368231048,0.37785076154955527
FOODS_2_110,CA,3.0954692556634305,0.41276551752226437
FOODS_2_110,TX,3.403914590747331,0.3524873008963018
FOODS_2_110,WI,3.3858407079646016,0.40151510841647464
FOODS_2_111,CA,2.2746730083234246,0.34080799200369755
FOODS_2_111,TX,2.2773809523809523,0.4231239473977272
FOODS_2_111,WI,2.0998902305159164,0.4728855420914249
FOODS_2_112,CA,1.8132701421800947,0.2967598336248326
FOODS_2_112,TX,1.7712962962962964,0.35286631534032514
FOODS_2_112,WI,1.8013182674199624,0.36958962486578584
FOODS_2_113,CA,1.9480651731160896,0.5042128649416079
FOODS_2_113,TX,2.3617283950617285,0.3993486430702802
FOODS_2_113,WI,1.9303733602421795,0.6528016652120693
FOODS_2_114,CA,4.5875299760191846,0.534006897886362
FOODS_2_114,TX,4.318284424379232,0.38745019690011395
FOODS_2_114,WI,4.308558558558558,0.4681018164764846
FOODS_2_115,CA,2.2612293144208038,0.332573681263942
FOODS_2_115,TX,2.564343163538874,0.41552508819857426
FOODS_2_115,WI,2.6386206896551725,0.75107814941001
FOODS_2_116,CA,1.127948113207547,0.3858505313526646
FOODS_2_116,TX,1.2519633507853403,0.5057787947009296
FOODS_2_116,WI,1.2978290366350067,0.5367739055609526
FOODS_2_117,CA,21.255555555555556,0.4790887380187261
FOODS_2_117,TX,16.49137931034483,0.36224626036141905
FOODS_2_117,WI,1.7895229186155286,0.48369480127203685
FOODS_2_118,CA,1.6477174849267873,0.45267873329305197
FOODS_2_118,TX,1.6462994836488813,0.530104326288358
FOODS_2_118,WI,1.8865877712031558,0.6012764660275327
FOODS_2_119,CA,1.2381877022653722,0.2601094594788936
FOODS_2_119,TX,1.0820135746606334,0.38292911494878284
FOODS_2_119,WI,1.284754869039624,0.3396129356151712
FOODS_2_120,CA,1.9091816367265468,0.3509453050842422
FOODS_2_120,TX,3.080515297906602,0.3825695514257858
FOODS_2_120,WI,2.0351063829787233,0.3863597505687961
FOODS_2_121,CA,2.0929978118161925,0.5934585037308516
FOODS_2_121,TX,2.1738636363636363,0.5905426090333211
FOODS_2_121,WI,1.911088911088911,0.601155795124913
FOODS_2_122,CA,1.8358925143953935,0.36110267222536474
FOODS_2_122,TX,1.4004392386530016,0.32410873013610964
FOODS_2_122,WI,1.4783616692426584,0.4067795414241701
FOODS_2_123,CA,4.4282407407407405,0.3465361515045881
FOODS_2_123,TX,2.592140921409214,0.39625708943486404
FOODS_2_123,WI,1.9381965552178317,0.3288935328086608
FOODS_2_124,CA,1.4128508124076808,0.5297807605541465
FOODS_2_124,TX,2.6643454038997216,0.43860412723935394
FOODS_2_124,WI,2.0394456289978677,0.5685223064678292
FOODS_2_125,CA,2.05037513397642,0.43392471261571425
FOODS_2_125,TX,1.9500509683995924,0.42183816276297187
FOODS_2_125,WI,2.2612293144208038,0.37737509059660096
FOODS_2_126,CA,1.4670245398773005,0.4039530889668303
FOODS_2_126,TX,1.6944198405668733,0.4228032079216879
FOODS_2_126,WI,1.7502287282708142,0.39426065346983563
FOODS_2_127,CA,1.8773307163886164,0.30784986747700216
FOODS_2_127,TX,2.7289586305278175,0.25149818913839106
FOODS_2_127,WI,2.599184782608696,0.2774479078888184
FOODS_2_128,CA,1.2462540716612378,0.31254982218741995
FOODS_2_128,TX,1.199373040752351,0.28568375760998616
FOODS_2_128,WI,1.3481324876673715,0.6218499117916401
FOODS_2_129,CA,3.904081632653061,0.21722240904255102
FOODS_2_129,TX,4.994778067885117,0.23405729621146013
FOODS_2_129,WI,2.9521604938271606,0.3078466086792479
FOODS_2_130,CA,2.817378497790869,0.4132834374200823
FOODS_2_130,TX,3.172470978441128,0.45586440087581387
FOODS_2_130,WI,2.8940998487140694,0.44483480757215643
FOODS_2_131,CA,1.3892519970951343,0.2808773300013555
FOODS_2_131,TX,1.5304,0.3549731941155287
FOODS_2_131,WI,1.4659003831417625,0.44200105243468224
FOODS_2_132,CA,1.8047169811320756,0.4840751845054971
FOODS_2_132,TX,3.2982758620689654,0.3786998086692602
FOODS_2_132,WI,2.0547798066595058,0.43474185418074507
FOODS_2_133,CA,1.607563025210084,0.5131970101544742
FOODS_2_133,TX,2.934049079754601,0.3597084489233923
FOODS_2_133,WI,2.3300852618757615,0.48160992230229205
FOODS_2_134,CA,1.1427718040621266,0.3623410202698577
FOODS_2_134,TX,1.3812274368231048,0.46048563392383707
FOODS_2_134,WI,1.4591914569031275,0.42595129226565076
FOODS_2_135,CA,1.369362920544023,0.4945752263000085
FOODS_2_135,TX,1.6678291194420227,0.40767841919199593
FOODS_2_135,WI,1.3567375886524822,0.43214682086244954
FOODS_2_136,CA,2.907294832826748,0.5126589300699046
FOODS_2_136,TX,2.7173295454545454,0.35309679574645336
FOODS_2_136,WI,1.098163030998852,0.459304805002078
FOODS_2_137,CA,1.386231884057971,0.5662336742033366
FOODS_2_137,TX,1.2804551539491298,0.4868209284005116
FOODS_2_137,WI,1.3902616279069768,0.5045125251400796
FOODS_2_138,CA,1.1154518950437318,0.4341201683305242
FOODS_2_138,TX,1.223145780051151,0.47215356140863823
FOODS_2_138,WI,1.2978290366350067,0.48691206744744847
FOODS_2_139,CA,1.10641989589358,0.2751212275241503
FOODS_2_139,TX,1.163625304136253,0.40912071027524016
FOODS_2_139,WI,1.3577004968062456,0.47740010412637207
FOODS_2_140,CA,4.232300884955753,0.4736541372239003
FOODS_2_140,TX,4.222958057395143,0.4675677423721992
FOODS_2_140,WI,5.6765578635014835,0.6608281467328231
FOODS_2_141,CA,1.2890835579514826,0.4160051820218153
FOODS_2_141,TX,1.2916948008102633,0.3967940272577301
FOODS_2_141,WI,1.450341167551175,0.4696419176018655
FOODS_2_142,CA,1.4772200772200772,0.37215106546582266
FOODS_2_142,TX,1.4603053435114504,0.3349686338873966
FOODS_2_142,WI,1.4525436598329537,0.3589655550271655
FOODS_2_143,CA,1.2326030927835052,0.37508177314841057
FOODS_2_143,TX,1.2873485868102288,0.40078434492292686
FOODS_2_143,WI,1.383224873463485,0.4925571616841127
FOODS_2_144,CA,1.175061425061425,0.355504330845487
FOODS_2_144,TX,1.402492668621701,0.41209286094096265
FOODS_2_144,WI,1.4138950480413894,0.5325490528984165
FOODS_2_145,CA,3.7436399217221137,0.3585212191822507
FOODS_2_145,TX,4.397701149425288,0.4168007255235494
FOODS_2_145,WI,4.0358649789029535,0.2954787641938111
FOODS_2_146,CA,1.1650426309378807,0.44393474983869674
FOODS_2_146,TX,1.2838926174496643,0.459208817494009
FOODS_2_146,WI,1.3238754325259516,0.6001129885776747
FOODS_2_147,CA,4.367579908675799,0.41368593380260854
FOODS_2_147,TX,8.735159817351597,0.2877146197837227
FOODS_2_147,WI,6.092356687898089,0.46945574345163277
FOODS_2_148,CA,2.028632025450689,0.46015695902451353
FOODS_2_148,TX,2.9117199391171993,0.4726558053034808
FOODS_2_148,WI,1.7019572953736655,0.43013904600514236
FOODS_2_149,CA,1.5243027888446214,0.4605863055619424
FOODS_2_149,TX,1.3664285714285713,0.2722947042996949
FOODS_2_149,WI,1.4459561602418745,0.4996006350588261
FOODS_2_150,CA,1.128613569321534,0.34473486693803823
FOODS_2_150,TX,1.125956444967628,0.4297927358111518
FOODS_2_150,WI,1.2987101154107263,0.4742148147212195
FOODS_2_151,CA,2.0793478260869565,0.5281539067219153
FOODS_2_151,TX,2.1446188340807173,0.5619309601789683
FOODS_2_151,WI,1.7861811391223157,0.2544067724588828
FOODS_2_152,CA,1.0663322185061315,0.23344542946629412
FOODS_2_152,TX,1.0362946912242688,0.21065194703065382
FOODS_2_152,WI,1.0711086226203808,0.3009220335656018
FOODS_2_153,CA,1.1729000613120786,0.3398714897481857
FOODS_2_153,TX,1.2916948008102633,0.42181829684092204
FOODS_2_153,WI,1.3066939890710383,0.5335402069788463
FOODS_2_154,CA,2.571236559139785,0.33461718395882445
FOODS_2_154,TX,1.7126230975828112,0.4381502667532061
FOODS_2_154,WI,4.711822660098522,0.23693693185132497
FOODS_2_155,CA,3.888211382113821,0.4234631439780665
FOODS_2_155,TX,5.71044776119403,0.3943134516500148
FOODS_2_155,WI,4.469626168224299,0.4820847983920466
FOODS_2_156,CA,1.1593939393939394,0.4509053655717477
FOODS_2_156,TX,1.5194598888006354,0.46213748261003296
FOODS_2_156,WI,1.1721813725490196,0.49262962473068705
FOODS_2_157,CA,1.1380130874479477,0.41274015417757226
FOODS_2_157,TX,2.5609103078982596,0.27162061436609153
FOODS_2_157,WI,1.4659003831417625,0.3802640946040994
FOODS_2_158,CA,6.39799331103679,0.45335172942509083
FOODS_2_158,TX,3.42831541218638,0.2721276411939802
FOODS_2_158,WI,3.7073643410852712,0.4571330823591574
FOODS_2_159,CA,4.1317494600431965,0.35885630256206213
FOODS_2_159,TX,8.175213675213675,0.18655464036824698
FOODS_2_159,WI,3.9443298969072167,0.3837899542755776
FOODS_2_160,CA,1.9168336673346693,0.4175228164829658
FOODS_2_160,TX,2.876691729323308,0.3999542456066871
FOODS_2_160,WI,2.3646477132262054,0.39960341431346336
FOODS_2_161,CA,1.6364414029084688,0.3111239917867248
FOODS_2_161,TX,2.9295558958652372,0.30206700133051645
FOODS_2_161,WI,2.477979274611399,0.3013133048828932
FOODS_2_162,CA,1.4659003831417625,0.404048155926702
FOODS_2_162,TX,9.710659898477157,0.32886327227414086
FOODS_2_162,WI,1.5110584518167456,0.3989846160856521
FOODS_2_163,CA,1.611625947767481,0.46767112951696393
FOODS_2_163,TX,2.1255555555555556,0.5668930261605104
FOODS_2_163,WI,2.020063357972545,0.5721173081401952
FOODS_2_164,CA,1.0197228144989339,0.2270432616445474
FOODS_2_164,TX,1.0137784843667197,0.25756912508349444
FOODS_2_164,WI,1.0296017222820237,0.27839218335178806
FOODS_2_165,CA,3.5557620817843865,0.5086697767225653
FOODS_2_165,TX,6.619377162629758,0.5013217211888347
FOODS_2_165,WI,3.904081632653061,0.4942915464359019
FOODS_2_166,CA,1.7778810408921932,0.49823452362344356
FOODS_2_166,TX,1.8921859545004946,0.4279952272873542
FOODS_2_166,WI,1.2830315224681421,0.48571524058078447
FOODS_2_167,CA,1.2710963455149502,0.45939365723420705
FOODS_2_167,TX,1.6722027972027973,0.4750295399968534
FOODS_2_167,WI,1.6048657718120805,0.524173047108671
FOODS_2_168,CA,4.1496746203904555,0.36907582369913633
FOODS_2_168,TX,6.712280701754386,0.27285822372250035
FOODS_2_168,WI,5.15633423180593,0.3484353556296535
FOODS_2_169,CA,2.139821029082774,0.535034165911554
FOODS_2_169,TX,3.2645051194539247,0.6039594665728204
FOODS_2_169,WI,2.7525179856115107,0.5021215859079057
FOODS_2_170,CA,1.4004392386530016,0.34070531233101464
FOODS_2_170,TX,1.4149408284023668,0.32946654731583974
FOODS_2_170,WI,1.5353130016051364,0.416852430468835
FOODS_2_171,CA,1.044784270890224,0.35347909161385493
FOODS_2_171,TX,1.0651447661469933,0.40259367564883825
FOODS_2_171,WI,1.0374186550976139,0.4360505987936339
FOODS_2_172,CA,3.6577437858508604,0.37477972708122875
FOODS_2_172,TX,3.7731755424063116,0.4409888127583789
FOODS_2_172,WI,3.403914590747331,0.29497929501248443
FOODS_2_173,CA,1.230225080385852,0.4410027229271446
FOODS_2_173,TX,1.2247119078104993,0.4145394128393992
FOODS_2_173,WI,1.3138736263736264,0.6159926178846605
FOODS_2_174,CA,1.2294344473007712,0.5354600723175372
FOODS_2_174,TX,1.5477346278317152,0.5625277242976378
FOODS_2_174,WI,1.4760802469135803,0.5617084676590973
FOODS_2_175,CA,1.5629084967320261,0.4110193699885338
FOODS_2_175,TX,2.106828193832599,0.27762050757056633
FOODS_2_175,WI,1.5515004055150041,0.3400253171758549
FOODS_2_176,CA,1.3415147265077139,0.4823729568500466
FOODS_2_176,TX,1.4840961986035686,0.5740867357284696
FOODS_2_176,WI,1.9381965552178317,0.5002986452102477
FOODS_2_177,CA,1.8030160226201697,0.5441243491116665
FOODS_2_177,TX,8.856481481481481,0.6019665238275463
FOODS_2_177,WI,1.9264853977844913,0.5109472030862767
FOODS_2_178,CA,3.303972366148532,0.43315183746814007
FOODS_2_178,TX,4.002092050209205,0.4508880824746562
FOODS_2_178,WI,3.478181818181818,0.38473825383046384
FOODS_2_179,CA,2.85949177877429,0.37005325962210833
FOODS_2_179,TX,2.889728096676737,0.33746409910247616
FOODS_2_179,WI,2.4245880861850444,0.4110322456050046
FOODS_2_180,CA,2.164027149321267,0.5146281768117531
FOODS_2_180,TX,2.3734491315136474,0.4295773079303469
FOODS_2_180,WI,2.0838779956427014,0.4876273624938646
FOODS_2_181,CA,1.0084343700579863,0.12783967867286322
FOODS_2_181,TX,1.0047268907563025,0.14461274086013234
FOODS_2_181,WI,3.1883333333333335,0.22419079942404202
FOODS_2_182,CA,1.1600970285021226,0.3877557418593494
FOODS_2_182,TX,1.3625356125356125,0.45956004140236795
FOODS_2_182,WI,1.379235760634463,0.4810812083491957
FOODS_2_183,CA,1.1579903147699757,0.37211904566036125
FOODS_2_183,TX,1.1448234590065829,0.259301739847652
FOODS_2_183,WI,1.1779556650246306,0.47542172991347253
FOODS_2_184,CA,1.312071330589849,0.3398309621530545
FOODS_2_184,TX,1.1714635639926516,0.23439340160475602
FOODS_2_184,WI,1.4191394658753709,0.4635403592916058
FOODS_2_185,CA,4.4282407407407405,0.42165388352412814
FOODS_2_185,TX,5.814589665653496,0.43702703468137594
FOODS_2_185,WI,4.620772946859903,0.35568647744331794
FOODS_2_186,CA,2.307599517490953,0.4151361378261654
FOODS_2_186,TX,3.3798586572438163,0.3755922050880794
FOODS_2_186,WI,2.5956580732700134,0.3672836809360433
FOODS_2_187,CA,3.9688796680497926,0.36495797302751637
FOODS_2_187,TX,5.959501557632398,0.3314321067930046
FOODS_2_187,WI,3.8646464646464644,0.3537969770388126
FOODS_2_188,CA,1.5353130016051364,0.5557322488960893
FOODS_2_188,TX,3.7073643410852712,0.47606052974977664
FOODS_2_188,WI,1.8828740157480315,0.46956272247405695
FOODS_2_189,CA,1.1558912386706948,0.39245343580338843
FOODS_2_189,TX,1.340574632095305,0.4427715347438015
FOODS_2_189,WI,1.2934415145368492,0.5888034480428914
FOODS_2_190,CA,1.5968280467445743,0.5938728937329463
FOODS_2_190,TX,2.2090069284064664,0.6073710631386463
FOODS_2_190,WI,1.7454379562043796,0.5344786287105241
FOODS_2_191,CA,4.232300884955753,0.6727353402488293
FOODS_2_191,TX,3.788118811881188,0.3738619132398859
FOODS_2_191,WI,5.2699724517906334,0.557970784967813
FOODS_2_192,CA,1.079571106094808,0.3736531245977183
FOODS_2_192,TX,2.721194879089616,0.447793855342846
FOODS_2_192,WI,1.3703438395415473,0.5576217187523186
FOODS_2_193,CA,3.8183632734530937,0.35992441599380115
FOODS_2_193,TX,3.1258169934640523,0.3961161657114881
FOODS_2_193,WI,3.4655797101449277,0.4208362965128403
FOODS_2_194,CA,1.096275071633238,0.43544984795464603
FOODS_2_194,TX,1.1141525917297612,0.3421294902392503
FOODS_2_194,WI,1.231809401159047,0.5492873862098134
FOODS_2_195,CA,2.335775335775336,0.3517726418606354
FOODS_2_195,TX,1.30580204778157,0.9716555481948171
FOODS_2_195,WI,2.3103864734299515,0.5249382591812131
FOODS_2_196,CA,1.11610268378063,0.4138223805232633
FOODS_2_196,TX,1.2668874172185431,0.4297771049757545
FOODS_2_196,WI,1.2610415293342123,0.3868715837552635
FOODS_2_197,CA,1.0318230852211434,0.17932328557239868
FOODS_2_197,TX,1.080180688876341,0.2414914688975592
FOODS_2_197,WI,1.0436442989634478,0.322478192985113
FOODS_2_198,CA,1.5641864268192969,0.5610536895025775
FOODS_2_198,TX,1.4265473527218493,0.3134591937775039
FOODS_2_198,WI,1.5770816158285244,0.6656227196388781
FOODS_2_199,CA,1.1572897761645493,0.4223224071095893
FOODS_2_199,TX,1.0279419666845782,0.36330498922587207
FOODS_2_199,WI,1.222364217252396,0.4844933325953188
FOODS_2_200,CA,2.8984848484848484,0.41287875122535994
FOODS_2_200,TX,2.564343163538874,0.4568961666484644
FOODS_2_200,WI,2.022198731501057,0.44483860767826056
FOODS_2_201,CA,2.9206106870229007,0.28112406327479894
FOODS_2_201,TX,2.956723338485317,0.2767740148634202
FOODS_2_201,WI,3.2869415807560136,0.4165759431768825
FOODS_2_202,CA,1.4806501547987616,0.4204068312398357
FOODS_2_202,TX,1.8554801163918526,0.3019960334159568
FOODS_2_202,WI,1.5502431118314424,0.3884451486877596
FOODS_2_203,CA,2.3048192771084337,0.5945302786336881
FOODS_2_203,TX,4.930412371134021,0.31724621631598376
FOODS_2_203,WI,2.462033462033462,0.3902462237085989
FOODS_2_204,CA,1.1393686718284692,0.37050927101883724
FOODS_2_204,TX,1.0057833859095688,0.2768978724667793
FOODS_2_204,WI,1.2527832351015062,0.5480760838297517
FOODS_2_205,CA,1.5693191140278917,0.48276793924137296
FOODS_2_205,TX,2.3588162762022193,0.4272003670489323
FOODS_2_205,WI,1.9742002063983488,0.4520860457427235
FOODS_2_206,CA,2.7173295454545454,0.49622590851562515
FOODS_2_206,TX,2.8984848484848484,0.3871897359082963
FOODS_2_206,WI,4.469626168224299,0.6492681768446206
FOODS_2_207,CA,2.0793478260869565,0.34758166287120396
FOODS_2_207,TX,3.2259696458684655,0.28258093743038115
FOODS_2_207,WI,2.3329268292682928,0.4035967183851483
FOODS_2_208,CA,1.4035216434336024,0.4482061453084756
FOODS_2_208,TX,1.5015698587127158,0.43404548803766185
FOODS_2_208,WI,1.6322525597269624,0.43849572731067815
FOODS_2_209,CA,18.21904761904762,0.3602104197165291
FOODS_2_209,TX,14.9453125,0.3373386382818632
FOODS_2_209,WI,1.8376560999039384,0.4886148973103962
FOODS_2_210,CA,2.965891472868217,0.3521900045330217
FOODS_2_210,TX,3.9854166666666666,0.3564550092665683
FOODS_2_210,WI,2.9937402190923317,0.44570321105388006
FOODS_2_211,CA,1.2934415145368492,0.4280057098632785
FOODS_2_211,TX,1.3812274368231048,0.4446860246349836
FOODS_2_211,WI,1.3548158640226629,0.4910970647046146
FOODS_2_212,CA,1.3932993445010926,0.5253941629925782
FOODS_2_212,TX,1.5158478605388273,0.6429110039027571
FOODS_2_212,WI,1.5693191140278917,0.38853822872628807
FOODS_2_213,CA,2.6606397774687065,0.7227278653152763
FOODS_2_213,TX,4.0615711252653925,0.7227888415414894
FOODS_2_213,WI,3.303972366148532,0.5908318179091717
FOODS_2_214,CA,3.453068592057762,0.49862861451593676
FOODS_2_214,TX,3.7436399217221137,0.4736985941331182
FOODS_2_214,WI,3.4845173041894353,0.4536215970094484
FOODS_2_215,CA,4.9051282051282055,0.3752666505487703
FOODS_2_215,TX,5.343575418994414,0.50225332454965
FOODS_2_215,WI,5.198369565217392,0.3733120081879977
FOODS_2_216,CA,1.197871008140263,0.42289194242363876
FOODS_2_216,TX,2.4245880861850444,0.2683688649174485
FOODS_2_216,WI,1.6048657718120805,0.4666279279372156
FOODS_2_217,CA,1.5206677265500794,0.36692570796971397
FOODS_2_217,TX,1.4864024864024865,0.3281853992949985
FOODS_2_217,WI,1.4558599695585996,0.37513576916319397
FOODS_2_218,CA,1.1531042796865583,0.37080771409309493
FOODS_2_218,TX,2.821533923303835,0.33487904386523215
FOODS_2_218,WI,1.9342770475227502,0.4343345191640854
FOODS_2_219,CA,1.4118081180811808,0.507870102591986
FOODS_2_219,TX,2.132664437012263,0.5425368704146446
FOODS_2_219,WI,1.740673339399454,0.5646161282551868
FOODS_2_220,CA,1.165752589884217,0.46148006950075365
FOODS_2_220,TX,1.7928772258669166,0.4380743381967791
FOODS_2_220,WI,1.6280851063829787,0.6061590452602862
FOODS_2_221,CA,2.224418604651163,0.5807431337411367
FOODS_2_221,TX,2.4525641025641027,0.5049508432866391
FOODS_2_221,WI,3.05103668261563,0.588317272246063
FOODS_2_222,CA,1.438345864661654,0.2732248034134808
FOODS_2_222,TX,1.4910366328916602,0.28086194183007457
FOODS_2_222,WI,1.5015698587127158,0.46116124223964744
FOODS_2_223,CA,1.9520408163265306,0.4277241059610598
FOODS_2_223,TX,2.35012285012285,0.5116326899103463
FOODS_2_223,WI,1.8394230769230768,0.5253960651137706
FOODS_2_224,CA,1.3156808803301239,0.4590364801421343
FOODS_2_224,TX,1.7327898550724639,0.39734724572167907
FOODS_2_224,WI,1.9803312629399585,0.42638109141451486
FOODS_2_225,CA,1.1707466340269277,0.365201533594552
FOODS_2_225,TX,1.5836092715231789,0.45786278500837924
FOODS_2_225,WI,1.3424561403508772,0.45235869685006486
FOODS_2_226,CA,4.105150214592275,0.37133092369492526
FOODS_2_226,TX,7.138059701492537,0.2626334593380545
FOODS_2_226,WI,5.481375358166189,0.261877121185045
FOODS_2_227,CA,3.309688581314879,0.47636693368591104
FOODS_2_227,TX,3.810756972111554,0.3908804693291812
FOODS_2_227,WI,3.253401360544218,0.43259821761323675
FOODS_2_228,CA,2.2090069284064664,0.4441271069541844
FOODS_2_228,TX,1.7249774571686203,0.36391353507567914
FOODS_2_228,WI,1.8718199608610568,0.471794327337583
FOODS_2_229,CA,1.8921859545004946,0.4279310159465293
FOODS_2_229,TX,2.0793478260869565,0.574776360562672
FOODS_2_229,WI,1.6406518010291595,0.5327438467399683
FOODS_2_230,CA,1.821904761904762,0.3986392659286147
FOODS_2_230,TX,1.8997020854021847,0.4648884259395965
FOODS_2_230,WI,1.7878504672897195,0.4711196910974161
FOODS_2_231,CA,1.359630419331912,0.5648973893658252
FOODS_2_231,TX,1.4276119402985075,0.7967845242117659
FOODS_2_231,WI,1.2247119078104993,0.48864202530322287
FOODS_2_232,CA,1.0385450597176982,0.4925675704622412
FOODS_2_232,TX,1.695921985815603,0.4825740895030401
FOODS_2_232,WI,1.0906499429874572,0.4172457836887221
FOODS_2_233,CA,1.0094986807387862,0.28647109559069606
FOODS_2_233,TX,1.0063124671225672,0.25271821805742983
FOODS_2_233,WI,3.2259696458684655,0.48247014715917635
FOODS_2_234,CA,1.509865824782952,0.4315169253164103
FOODS_2_234,TX,2.120842572062084,0.4489590082166594
FOODS_2_234,WI,1.7845149253731343,0.5853595064857404
FOODS_2_235,CA,1.994786235662148,0.593118519345679
FOODS_2_235,TX,2.998432601880878,0.654297017644187
FOODS_2_235,WI,2.0264830508474576,0.5597821417747413
FOODS_2_236,CA,1.5146476642913698,0.5288068645446065
FOODS_2_236,TX,1.1154518950437318,0.28639082211751543
FOODS_2_236,WI,1.2694094226940942,0.5540506865227216
FOODS_2_237,CA,1.2804551539491298,0.4201537664659553
FOODS_2_237,TX,1.8997020854021847,0.5627629008403361
FOODS_2_237,WI,1.6239388794567062,0.4765623262177021
FOODS_2_238,CA,1.9844398340248963,0.5664519793428588
FOODS_2_238,TX,2.1763367463026166,0.5083991385139852
FOODS_2_238,WI,1.8847290640394088,0.5954624870218984
FOODS_2_239,CA,6.170967741935484,0.3599666005715723
FOODS_2_239,TX,5.3887323943661976,0.3031933083698588
FOODS_2_239,WI,6.712280701754386,0.2704570638056829
FOODS_2_240,CA,1.7778810408921932,0.4279593623747142
FOODS_2_240,TX,1.8754901960784314,0.3756263222113498
FOODS_2_240,WI,1.2908232118758434,0.47725828214433047
FOODS_2_241,CA,1.611625947767481,0.25949190697374025
FOODS_2_241,TX,1.7566574839302111,0.1978497675448034
FOODS_2_241,WI,1.7004444444444444,0.3517404353290801
FOODS_2_242,CA,1.1845201238390093,0.37392831947723937
FOODS_2_242,TX,1.2627062706270626,0.3867860607932367
FOODS_2_242,WI,1.4840961986035686,0.4782239274449371
FOODS_2_243,CA,2.188787185354691,0.36177615351079706
FOODS_2_243,TX,2.6459197786998616,0.35366395839323145
FOODS_2_243,WI,2.443167305236271,0.3583605602874928
FOODS_2_244,CA,1.0385450597176982,0.2151217776477722
FOODS_2_244,TX,1.2146031746031747,0.4768907232856755
FOODS_2_244,WI,1.1167542323409223,0.5195865917858805
FOODS_2_245,CA,1.1757836508912107,0.3828109755545355
FOODS_2_245,TX,1.142089552238806,0.3351733532716863
FOODS_2_245,WI,1.3822254335260116,0.45229478752827035
FOODS_2_246,CA,7.357692307692307,0.43443479486327635
FOODS_2_246,TX,4.794486215538847,0.48703928701212407
FOODS_2_246,WI,2.8298816568047336,0.3472693651951483
FOODS_2_247,CA,1.0669269380925823,0.3425212318247027
FOODS_2_247,TX,1.2925675675675676,0.4608783128997722
FOODS_2_247,WI,1.103866128101558,0.3140623627789023
FOODS_2_248,CA,10.396739130434783,0.31830579203451875
FOODS_2_248,TX,1.5158478605388273,0.4812881230459089
FOODS_2_248,WI,1.7845149253731343,0.6627811097968637
FOODS_2_249,CA,4.459207459207459,0.4636040907051385
FOODS_2_249,TX,3.7073643410852712,0.3879269711611749
FOODS_2_249,WI,4.56563245823389,0.3741796923106129
FOODS_2_250,CA,3.6859344894026975,0.3817529773184481
FOODS_2_250,TX,7.033088235294118,0.45463660068923
FOODS_2_250,WI,5.2699724517906334,0.44526753269951225
FOODS_2_251,CA,1.6989342806394316,0.5186837028812367
FOODS_2_251,TX,1.4138950480413894,0.3125128008306043
FOODS_2_251,WI,1.5267358339984038,0.4452408150009173
FOODS_2_252,CA,6.906137184115524,0.49201080389102664
FOODS_2_252,TX,12.925675675675675,0.4587378561833859
FOODS_2_252,WI,8.175213675213675,0.5510557085042268
FOODS_2_253,CA,4.241685144124168,0.47121430849670876
FOODS_2_253,TX,4.7825,0.41857494721109084
FOODS_2_253,WI,10.121693121693122,0.5897872340425532
FOODS_2_254,CA,6.272131147540984,0.28055799165526574
FOODS_2_254,TX,4.723456790123457,0.31934598418519544
FOODS_2_254,WI,4.533175355450237,0.4816451984661402
FOODS_2_255,CA,1.2161474888747617,5.141307510205083
FOODS_2_255,TX,1.1881987577639752,6.565105030660817
FOODS_2_255,WI,1.4956997654417514,4.316002460601954
FOODS_2_256,CA,8.656108597285067,0.3787651727148025
FOODS_2_256,TX,7.970833333333333,0.42663851390689406
FOODS_2_256,WI,1.349083215796897,0.4107387983514194
FOODS_2_257,CA,1.5901911886949294,0.518974020704082
FOODS_2_257,TX,1.9782833505687694,0.9609801404182005
FOODS_2_257,WI,1.503930817610063,0.33636978575389065
FOODS_2_258,CA,1.2873485868102288,0.43998315864092213
FOODS_2_258,TX,1.651986183074266,0.49837017018039115
FOODS_2_258,WI,1.5182539682539682,0.5375052087325443
FOODS_2_259,CA,3.209731543624161,0.39934843410730825
FOODS_2_259,TX,5.744744744744745,0.6124879330015169
FOODS_2_259,WI,4.554761904761905,0.5312810161281969
FOODS_2_260,CA,1.8536821705426356,0.489466537342386
FOODS_2_260,TX,2.690576652601969,0.5659267593272007
FOODS_2_260,WI,2.344362745098039,0.607714510906612
FOODS_2_261,CA,2.436942675159236,0.36577700523084355
FOODS_2_261,TX,2.592140921409214,0.3273938335611823
FOODS_2_261,WI,1.4783616692426584,0.4828118531298019
FOODS_2_262,CA,1.2115262824572515,0.46716346932485564
FOODS_2_262,TX,1.8465250965250966,0.5764794897765699
FOODS_2_262,WI,1.3443429374560787,0.5069254660966092
FOODS_2_263,CA,1.5340817963111468,0.42043969539463183
FOODS_2_263,TX,2.109151047409041,0.47647853332265133
FOODS_2_263,WI,3.026898734177215,0.3616681912818739
FOODS_2_264,CA,1.4066176470588236,0.5280833685514558
FOODS_2_264,TX,2.109151047409041,0.34073067225153575
FOODS_2_264,WI,1.914914914914915,0.396296741960785
FOODS_2_265,CA,2.1738636363636363,0.49520882796252724
FOODS_2_265,TX,4.843037974683544,0.3373795053261866
FOODS_2_265,WI,3.490875912408759,0.4441209203044572
FOODS_2_266,CA,1.8047169811320756,0.46927863341568543
FOODS_2_266,TX,1.635042735042735,0.44113805597296296
FOODS_2_266,WI,1.7712962962962964,0.5003413362552012
FOODS_2_267,CA,1.0969036697247707,0.46269493593119326
FOODS_2_267,TX,1.1823238566131027,0.4909651568561812
FOODS_2_267,WI,1.352899575671853,0.5479207650751285
FOODS_2_268,CA,2.4747736093143597,0.45456192009124213
FOODS_2_268,TX,5.959501557632398,0.43619427610053546
FOODS_2_268,WI,4.347727272727273,0.3467144571965972
FOODS_2_269,CA,1.830622009569378,0.44505373053118413
FOODS_2_269,TX,2.817378497790869,0.380765353125307
FOODS_2_269,WI,2.1938073394495414,0.44295449134874626
FOODS_2_270,CA,3.0461783439490446,0.7267526978697215
FOODS_2_270,TX,6.462837837837838,0.7613330310508476
FOODS_2_270,WI,3.4344703770197484,0.8336894976796967
FOODS_2_271,CA,4.241685144124168,0.4068989922933706
FOODS_2_271,TX,9.10952380952381,0.39419536495559876
FOODS_2_271,WI,5.8323170731707314,0.5578638105530196
FOODS_2_272,CA,2.164027149321267,0.4731558757456014
FOODS_2_272,TX,2.269276393831554,0.4611333678062177
FOODS_2_272,WI,1.774582560296846,0.24913290384321143
FOODS_2_273,CA,1.994786235662148,0.5709153409801241
FOODS_2_273,TX,4.994778067885117,0.30002569252447286
FOODS_2_273,WI,2.436942675159236,0.46123642068900517
FOODS_2_274,CA,1.1801357186921653,0.47456894332011196
FOODS_2_274,TX,1.2341935483870967,0.3778014552703215
FOODS_2_274,WI,1.3138736263736264,0.505596775888084
FOODS_2_275,CA,1.4055841293166789,0.5244513324475835
FOODS_2_275,TX,1.832375478927203,0.537909996699828
FOODS_2_275,WI,1.4212481426448738,0.49067266678714383
FOODS_2_276,CA,1.0357336220898754,0.3616389088215671
FOODS_2_276,TX,1.0789622109419064,0.177054959715972
FOODS_2_276,WI,1.0362946912242688,0.24795051397158335
FOODS_2_277,CA,3.671785028790787,0.6873177660790457
FOODS_2_277,TX,4.818639798488665,0.741653412018724
FOODS_2_277,WI,4.533175355450237,1.1882986476415431
FOODS_2_278,CA,3.536044362292052,0.3489880890042424
FOODS_2_278,TX,4.158695652173913,0.4245930557133201
FOODS_2_278,WI,3.4845173041894353,0.39918576276302975
FOODS_2_279,CA,1.6364414029084688,0.4291843041254398
FOODS_2_279,TX,1.8376560999039384,0.4506427110759822
FOODS_2_279,WI,1.681019332161687,0.5061915240875846
FOODS_2_280,CA,2.705799151343706,0.727572146127194
FOODS_2_280,TX,3.8413654618473894,0.3295188984416811
FOODS_2_280,WI,2.7485632183908044,0.3471339319827212
FOODS_2_281,CA,1.9989550679205852,0.3180041008445531
FOODS_2_281,TX,3.0125984251968503,0.26737695158689306
FOODS_2_281,WI,3.007861635220126,0.30845379652541394
FOODS_2_282,CA,1.1671751067724223,0.43178678217348254
FOODS_2_282,TX,1.2422077922077923,0.5339155642157928
FOODS_2_282,WI,1.210759493670886,0.5508370044147385
FOODS_2_283,CA,1.0931428571428572,0.6181691740882483
FOODS_2_283,TX,1.5062992125984251,0.6671805490196343
FOODS_2_283,WI,1.1808641975308642,0.5878367983651317
FOODS_2_284,CA,1.6678291194420227,0.49303508435269483
FOODS_2_284,TX,1.6102693602693603,0.5699522453752709
FOODS_2_284,WI,1.4921996879875195,0.5758048069752932
FOODS_2_285,CA,1.060421286031042,0.3265110226043036
FOODS_2_285,TX,1.0175531914893616,2.5987017467846374
FOODS_2_285,WI,1.0875497441728255,0.5575651473827323
FOODS_2_286,CA,2.8257016248153617,0.4524751451358177
FOODS_2_286,TX,2.6422651933701657,0.24965257893952078
FOODS_2_286,WI,2.85949177877429,0.522049940632662
FOODS_2_287,CA,4.387614678899083,0.4522610914411919
FOODS_2_287,TX,6.313531353135313,0.38964904960261326
FOODS_2_287,WI,4.397701149425288,0.39846368538791294
FOODS_2_288,CA,1.2838926174496643,0.4132992539216045
FOODS_2_288,TX,2.0547798066595058,0.568364328426476
FOODS_2_288,WI,1.453647416413374,0.5279924320411821
FOODS_2_289,CA,1.161505768063145,0.35818249058407353
FOODS_2_289,TX,1.231016731016731,0.39333145019223054
FOODS_2_289,WI,1.4459561602418745,0.4689134880118364
FOODS_2_290,CA,4.1496746203904555,0.4088775871717885
FOODS_2_290,TX,4.289237668161435,0.4130567945411269
FOODS_2_290,WI,3.9937369519832986,0.2918666240116908
FOODS_2_291,CA,1.4233630952380953,0.39401279716130344
FOODS_2_291,TX,1.3683834048640915,0.3878181534618145
FOODS_2_291,WI,1.4817970565453138,0.3969620834898839
FOODS_2_292,CA,4.140692640692641,0.36769551977491605
FOODS_2_292,TX,3.7731755424063116,0.245643614097024
FOODS_2_292,WI,5.659763313609467,0.4664806383697924
FOODS_2_293,CA,1.0052548607461902,0.16636412523012595
FOODS_2_293,TX,1.0213561131873998,0.28680316982418025
FOODS_2_293,WI,1.047645125958379,0.4374020571146638
FOODS_2_294,CA,1.2023884349465745,0.4122738979503715
FOODS_2_294,TX,1.2916948008102633,0.3409806054051015
FOODS_2_294,WI,1.4481453444360333,0.39048355350594605
FOODS_2_295,CA,1.9520408163265306,0.4547443098634283
FOODS_2_295,TX,1.3452883263009845,0.4756934952394742
FOODS_2_295,WI,3.1777408637873754,0.42165578561493905
FOODS_2_296,CA,2.2374269005847953,0.44353239453438187
FOODS_2_296,TX,2.705799151343706,0.4876620305553604
FOODS_2_296,WI,2.2719714964370548,0.42742982354826053
FOODS_2_297,CA,1.4817970565453138,0.42045005262611274
FOODS_2_297,TX,1.4704073789392775,0.3985583722515224
FOODS_2_297,WI,1.3902616279069768,0.3043359251782144
FOODS_2_298,CA,2.2992788461538463,0.4272256997644481
FOODS_2_298,TX,1.5888704318936877,0.4327394461216124
FOODS_2_298,WI,3.9771309771309773,0.2998153118069997
FOODS_2_299,CA,1.0143160127253446,0.22480708438123284
FOODS_2_299,TX,1.0912721049629206,0.457203208487703
FOODS_2_299,WI,3.1672185430463577,0.7629775050026072
FOODS_2_300,CA,3.575700934579439,0.36520781066628705
FOODS_2_300,TX,3.453068592057762,0.37284893845020417
FOODS_2_300,WI,3.4845173041894353,0.496652881462267
FOODS_2_301,CA,2.5237467018469655,0.36928591481363654
FOODS_2_301,TX,2.440051020408163,0.38973071489408007
FOODS_2_301,WI,2.255896226415094,0.4264449554469179
FOODS_2_302,CA,2.513797634691196,0.42630816129312576
FOODS_2_302,TX,2.335775335775336,0.3937139411545809
FOODS_2_302,WI,2.998432601880878,0.7493391176228784
FOODS_2_303,CA,1.7762302692664809,0.469867963615788
FOODS_2_303,TX,1.8884501480750246,0.49967318383118164
FOODS_2_303,WI,1.9226130653266331,0.470067043026897
FOODS_2_304,CA,1.151022864019254,0.2972036430147871
FOODS_2_304,TX,1.3147766323024055,0.3756495872312193
FOODS_2_304,WI,1.472671285604311,0.39718007227525226
FOODS_2_305,CA,1.6944198405668733,0.37821936048376115
FOODS_2_305,TX,2.690576652601969,0.3348990994873197
FOODS_2_305,WI,2.240046838407494,0.3829204659440409
FOODS_2_306,CA,1.167887667887668,1.4735434088495925
FOODS_2_306,TX,1.369362920544023,0.4063169126297843
FOODS_2_306,WI,1.7928772258669166,0.4338308633012929
FOODS_2_307,CA,1.4829457364341085,0.3766895048065774
FOODS_2_307,TX,1.7156950672645739,0.43912928299654386
FOODS_2_307,WI,1.5158478605388273,0.4306308490398554
FOODS_2_308,CA,1.4045521292217327,0.4589179030801605
FOODS_2_308,TX,1.6884377758164166,0.42313362753837674
FOODS_2_308,WI,1.8959365708622398,0.5153949485186646
FOODS_2_309,CA,1.2873485868102288,0.43417610292915815
FOODS_2_309,TX,1.338698390482855,0.3686189664302927
FOODS_2_309,WI,1.2618733509234827,0.3840684447414226
FOODS_2_310,CA,3.664750957854406,0.40502212845608404
FOODS_2_310,TX,6.807829181494662,0.3900417886822319
FOODS_2_310,WI,4.5875299760191846,0.5237703812687213
FOODS_2_311,CA,1.2192479286169535,0.2714921646379533
FOODS_2_311,TX,1.1586917019987886,0.35416953472389323
FOODS_2_311,WI,1.349083215796897,0.5041334884356818
FOODS_2_312,CA,2.6606397774687065,0.462984692164155
FOODS_2_312,TX,2.1689342403628116,0.4146058881598751
FOODS_2_312,WI,2.4683870967741934,0.42227572819379816
FOODS_2_313,CA,2.698166431593794,0.28745735092525476
FOODS_2_313,TX,1.913,0.33279132848101933
FOODS_2_313,WI,3.367957746478873,0.2666819750524243
FOODS_2_314,CA,1.4244229337304541,0.4315277693195317
FOODS_2_314,TX,1.5928393005828476,0.3689247584125451
FOODS_2_314,WI,1.531625300240192,0.5218187606604263
FOODS_2_315,CA,1.1386904761904761,0.22531090524363448
FOODS_2_315,TX,1.1881987577639752,0.3248812417585717
FOODS_2_315,WI,1.2208040842373964,0.45173856548627395
FOODS_2_316,CA,2.507208387942333,0.48011922106380234
FOODS_2_316,TX,2.224418604651163,0.4239773173172642
FOODS_2_316,WI,3.338568935427574,1.0264316124580126
FOODS_2_317,CA,1.9927083333333333,0.40324316299544116
FOODS_2_317,TX,1.5667485667485668,0.39824842860427273
FOODS_2_317,WI,2.4973890339425586,0.4135303557269662
FOODS_2_318,CA,1.6170752324598479,0.26277377878485286
FOODS_2_318,TX,1.6929203539823008,0.3418471378872946
FOODS_2_318,WI,1.6780701754385965,0.3607178375663352
FOODS_2_319,CA,1.4405120481927711,0.4565440001974173
FOODS_2_319,TX,2.571236559139785,0.3667025371744673
FOODS_2_319,WI,2.2612293144208038,0.5040455453775624
FOODS_2_320,CA,2.4276649746192893,0.4515976473856542
FOODS_2_320,TX,2.4338422391857506,0.7456889626776031
FOODS_2_320,WI,2.302045728038508,0.6143025078445421
FOODS_2_321,CA,1.175061425061425,0.3538724887887031
FOODS_2_321,TX,1.353857041755131,0.4098049765875601
FOODS_2_321,WI,1.5218774860779634,0.39434710870621414
FOODS_2_322,CA,1.0820135746606334,0.4710795288006604
FOODS_2_322,TX,1.0121693121693123,0.27187120914946755
FOODS_2_322,WI,1.0499451152579582,0.3585888919727027
FOODS_2_323,CA,1.5291766586730615,0.4901527986893926
FOODS_2_323,TX,2.4652061855670104,0.5122248979528703
FOODS_2_323,WI,1.7470319634703195,0.42802545084332877
FOODS_2_324,CA,3.3269565217391306,0.5178714720942919
FOODS_2_324,TX,4.222958057395143,0.49440343359901123
FOODS_2_324,WI,3.616257088846881,0.46699916202758424
FOODS_2_325,CA,1.125956444967628,0.22221987194153095
FOODS_2_325,TX,1.1339656194427978,0.3498358374666282
FOODS_2_325,WI,1.125956444967628,0.28298130623472517
FOODS_2_326,CA,1.1359857482185274,0.45599181647878523
FOODS_2_326,TX,1.006842105263158,0.2011651503500167
FOODS_2_326,WI,1.2349903163331182,0.3825011675761985
FOODS_2_327,CA,1.1045034642032332,0.42369981878612095
FOODS_2_327,TX,1.2349903163331182,0.518484420742595
FOODS_2_327,WI,1.3084815321477428,0.5994961993201973
FOODS_2_328,CA,3.231418918918919,0.5220283461818
FOODS_2_328,TX,3.6859344894026975,0.46309811946289176
FOODS_2_328,WI,3.1463815789473686,0.4590201658426001
FOODS_2_329,CA,1.2969491525423729,0.3852587354315673
FOODS_2_329,TX,2.9521604938271606,0.33347447825377446
FOODS_2_329,WI,2.1938073394495414,0.3342216361010278
FOODS_2_330,CA,1.2770360480640854,0.39099133982773054
FOODS_2_330,TX,1.3772498200143988,0.3973339808585133
FOODS_2_330,WI,1.3275503122831367,0.5607254882937808
FOODS_2_331,CA,1.565466448445172,0.444527826852975
FOODS_2_331,TX,2.5816464237516867,0.3994742753492451
FOODS_2_331,WI,1.630861040068201,0.4191074589645856
FOODS_2_332,CA,1.3102739726027397,0.4303738701787425
FOODS_2_332,TX,1.8030160226201697,0.43751017447945734
FOODS_2_332,WI,1.7911985018726593,0.4435212140513094
FOODS_2_333,CA,1.1700305810397553,0.39763630646932485
FOODS_2_333,TX,1.2405966277561609,0.4580474566939326
FOODS_2_333,WI,1.1537997587454765,0.30573949588624827
FOODS_2_334,CA,2.550666666666667,0.4600574867802695
FOODS_2_334,TX,2.421518987341772,0.5053540316602668
FOODS_2_334,WI,3.303972366148532,0.6774034742753134
FOODS_2_335,CA,1.407652685798381,0.4781523953994189
FOODS_2_335,TX,2.5472703062583224,0.38792284380127595
FOODS_2_335,WI,2.1689342403628116,0.3446015077664086
FOODS_2_336,CA,2.04162219850587,0.4847343423918394
FOODS_2_336,TX,1.9342770475227502,0.4249335555163742
FOODS_2_336,WI,2.253239104829211,0.43331799157819223
FOODS_2_337,CA,5.087765957446808,0.26117412227296577
FOODS_2_337,TX,4.438515081206496,0.3183929613318693
FOODS_2_337,WI,4.044397463002114,0.43182553210336033
FOODS_2_338,CA,4.1496746203904555,0.25290060221493343
FOODS_2_338,TX,1.8483091787439614,0.3856115062732729
FOODS_2_338,WI,1.6884377758164166,0.31701688184721155
FOODS_2_339,CA,1.3822254335260116,0.4370905833692008
FOODS_2_339,TX,1.8201712654614652,0.4334753149982017
FOODS_2_339,WI,1.3932993445010926,0.3096105023523776
FOODS_2_340,CA,1.189676616915423,0.436072174238381
FOODS_2_340,TX,1.611625947767481,0.41395283899509083
FOODS_2_340,WI,1.4470499243570347,0.47261716602474496
FOODS_2_341,CA,3.912065439672802,0.3750471444379887
FOODS_2_341,TX,5.481375358166189,0.48711383054859086
FOODS_2_341,WI,4.357630979498861,0.4445139807319522
FOODS_2_342,CA,1.09002849002849,0.35051983177848944
FOODS_2_342,TX,1.031266846361186,0.30172575738963237
FOODS_2_342,WI,1.3284722222222223,0.5052384032548554
FOODS_2_343,CA,1.5603588907014683,0.4116869085071913
FOODS_2_343,TX,2.5851351351351353,0.4292856130594265
FOODS_2_343,WI,1.6854625550660793,0.39132218301693766
FOODS_2_344,CA,1.2830315224681421,0.4795564920474527
FOODS_2_344,TX,1.7203237410071943,0.5066910222884012
FOODS_2_344,WI,1.4459561602418745,0.5027850128053725
FOODS_2_345,CA,3.650763358778626,0.4214264712130871
FOODS_2_345,TX,3.693050193050193,0.42163156125650864
FOODS_2_345,WI,3.1258169934640523,0.5814343124128262
FOODS_2_346,CA,3.6859344894026975,0.47560155218981326
FOODS_2_346,TX,4.260579064587973,0.21240727888681354
FOODS_2_346,WI,4.044397463002114,0.2601434621507496
FOODS_2_347,CA,1.0073723012111637,0.14116098073150496
FOODS_2_347,TX,1.006842105263158,0.22050682670145533
FOODS_2_347,WI,3.2645051194539247,0.7982671045949127
FOODS_2_348,CA,1.1986215538847118,0.6778267289316977
FOODS_2_348,TX,1.6534140017286085,0.7652214672580266
FOODS_2_348,WI,1.956032719836401,0.5643252286006358
FOODS_2_349,CA,1.3973703433162892,0.21663566141186286
FOODS_2_349,TX,1.438345864661654,0.2744941203539603
FOODS_2_349,WI,1.434032983508246,0.3594623523323799
FOODS_2_350,CA,2.5956580732700134,0.352285771098843
FOODS_2_350,TX,3.5425925925925927,0.34515067014246326
FOODS_2_350,WI,2.934049079754601,0.4444317557373277
FOODS_2_351,CA,1.161505768063145,0.41357877536915283
FOODS_2_351,TX,1.200125470514429,0.35755097088212345
FOODS_2_351,WI,1.4045521292217327,0.4662691794288721
FOODS_2_352,CA,2.5337748344370863,0.6271459120286448
FOODS_2_352,TX,2.35012285012285,0.43536332122024707
FOODS_2_352,WI,3.3269565217391306,0.9633008201775137
FOODS_2_353,CA,1.3509887005649717,0.5288249229359141
FOODS_2_353,TX,2.0725893824485375,0.5627677806635795
FOODS_2_353,WI,1.7296564195298372,0.6009689647390186
FOODS_2_354,CA,3.4221824686940967,0.42551931174393365
FOODS_2_354,TX,2.9890625,0.461186868204278
FOODS_2_354,WI,2.970496894409938,0.4803503072875234
FOODS_2_355,CA,3.3858407079646016,0.42804614810768987
FOODS_2_355,TX,3.1207177814029365,0.46799890970486957
FOODS_2_355,WI,3.8724696356275303,0.5398954555023031
FOODS_2_356,CA,1.1772307692307693,0.3746464022833785
FOODS_2_356,TX,1.2544262295081967,0.38531021897230766
FOODS_2_356,WI,1.3644793152639088,0.5012779550600018
FOODS_2_357,CA,1.020811099252935,0.31684874880142616
FOODS_2_357,TX,1.022447888829503,0.3343836751423742
FOODS_2_357,WI,3.2423728813559323,0.9983684297247829
FOODS_2_358,CA,1.6225614927905003,0.44833104394980205
FOODS_2_358,TX,1.85188770571152,0.5528468734514119
FOODS_2_358,WI,1.9226130653266331,0.46349388722173845
FOODS_2_359,CA,1.0191795418220564,0.3108560046809077
FOODS_2_359,TX,1.169315403422983,0.5141110357818869
FOODS_2_359,WI,3.765748031496063,0.9220883588006353
FOODS_2_360,CA,1.2023884349465745,0.3749317432959427
FOODS_2_360,TX,1.197871008140263,0.19995834560517106
FOODS_2_360,WI,1.3424561403508772,0.3786680970720944
FOODS_2_361,CA,1.079571106094808,0.37017245504894025
FOODS_2_361,TX,1.9762396694214877,0.4702699798532125
FOODS_2_361,WI,1.2830315224681421,0.4153738988368046
FOODS_2_362,CA,7.561264822134388,0.27164222582413405
FOODS_2_362,TX,6.211038961038961,0.3689226685969356
FOODS_2_362,WI,5.03421052631579,0.36892705077873444
FOODS_2_363,CA,3.2645051194539247,0.4306635888115988
FOODS_2_363,TX,3.9200819672131146,0.40594730310769683
FOODS_2_363,WI,3.549165120593692,0.4016444255995633
FOODS_2_364,CA,1.1889372280919825,0.5202412586984608
FOODS_2_364,TX,1.1531042796865583,0.37748777684291035
FOODS_2_364,WI,1.1400476758045293,0.3524435093944394
FOODS_2_365,CA,5.128686327077748,0.3493456125918739
FOODS_2_365,TX,5.184281842818428,0.3480563152716587
FOODS_2_365,WI,5.561046511627907,0.3858884506326886
FOODS_2_366,CA,1.9701338825952626,0.4504214443351922
FOODS_2_366,TX,2.776487663280116,0.5487581078442315
FOODS_2_366,WI,2.0838779956427014,0.5645849431822662
FOODS_2_367,CA,1.2585526315789475,0.4827617124893972
FOODS_2_367,TX,1.3703438395415473,0.7065634307695651
FOODS_2_367,WI,1.4066176470588236,0.5385643622744875
FOODS_2_368,CA,1.4659003831417625,0.3877690459161382
FOODS_2_368,TX,1.49453125,0.2732980280078605
FOODS_2_368,WI,1.5414987912973408,0.46359189220524794
FOODS_2_369,CA,4.770573566084788,0.6048263949410139
FOODS_2_369,TX,5.328690807799443,0.4277293471574864
FOODS_2_369,WI,4.609638554216867,0.3488396601070805
FOODS_2_370,CA,1.7615101289134438,0.5054333385051567
FOODS_2_370,TX,1.6765994741454864,0.4880755243803517
FOODS_2_370,WI,1.5603588907014683,0.4811091432468577
FOODS_2_371,CA,1.0094986807387862,0.11941172048802455
FOODS_2_371,TX,1.0036726128016789,0.18265268547323318
FOODS_2_371,WI,3.236886632825719,0.4909979490917143
FOODS_2_372,CA,3.8183632734530937,0.4293161700483742
FOODS_2_372,TX,3.7073643410852712,0.37685279927962223
FOODS_2_372,WI,3.1830282861896837,0.4013075807188123
FOODS_2_373,CA,1.2519633507853403,0.428146567486318
FOODS_2_373,TX,1.554021121039805,0.38978183589952
FOODS_2_373,WI,1.832375478927203,0.4450126060864316
FOODS_2_374,CA,1.0180947312400213,0.26394658097463525
FOODS_2_374,TX,1.0191795418220564,0.3118483036820129
FOODS_2_374,WI,4.010482180293501,0.820021689279723
FOODS_2_375,CA,1.199373040752351,0.41285137360840746
FOODS_2_375,TX,1.2462540716612378,0.46581970876483225
FOODS_2_375,WI,1.3644793152639088,0.3604449149908237
FOODS_2_376,CA,1.1339656194427978,0.4013464059566253
FOODS_2_376,TX,1.2838926174496643,0.49019804237555215
FOODS_2_376,WI,1.3902616279069768,0.5590230976016282
FOODS_2_377,CA,4.222958057395143,0.46589608337824784
FOODS_2_377,TX,4.298876404494382,0.36937500987087774
FOODS_2_377,WI,4.1317494600431965,0.47854466120199096
FOODS_2_378,CA,1.914914914914915,0.4108032710899114
FOODS_2_378,TX,1.3284722222222223,0.4849245355639856
FOODS_2_378,WI,1.4201930215293244,0.536997749354634
FOODS_2_379,CA,12.262820512820513,0.40753784285375216
FOODS_2_379,TX,16.63478260869565,0.3584578730777561
FOODS_2_379,WI,3.5036630036630036,0.3990544272509823
FOODS_2_380,CA,1.4351087771942985,0.3575463968485588
FOODS_2_380,TX,1.5158478605388273,0.4359451464734384
FOODS_2_380,WI,1.4921996879875195,0.272870314994312
FOODS_2_381,CA,1.1537997587454765,0.3372545987781707
FOODS_2_381,TX,1.2061790668348045,0.5674707721190129
FOODS_2_381,WI,1.200125470514429,0.396860869397723
FOODS_2_382,CA,1.2357881136950903,0.3988363427514687
FOODS_2_382,TX,1.3340306834030684,0.369114280226076
FOODS_2_382,WI,1.2804551539491298,0.43507060571725836
FOODS_2_383,CA,1.9206827309236947,0.42442266151171737
FOODS_2_383,TX,2.296518607442977,0.5426180606524559
FOODS_2_383,WI,1.8149905123339658,0.32606800944746106
FOODS_2_384,CA,1.056322473771397,0.423372215632739
FOODS_2_384,TX,1.01863684771033,0.31847659951367585
FOODS_2_384,WI,1.0482191780821917,0.5756228261767883
FOODS_2_385,CA,1.7878504672897195,0.36419524637136924
FOODS_2_385,TX,1.8376560999039384,0.27526683092215865
FOODS_2_385,WI,1.8483091787439614,0.43796883876224135
FOODS_2_386,CA,1.9660842754367933,0.4999812700657485
FOODS_2_386,TX,2.9890625,0.4497835818655887
FOODS_2_386,WI,2.009453781512605,0.4531457627231442
FOODS_2_387,CA,3.338568935427574,0.4621590588407553
FOODS_2_387,TX,5.7620481927710845,0.32548187354632224
FOODS_2_387,WI,4.818639798488665,0.3596842533584813
FOODS_2_388,CA,1.0838526912181303,0.3063440714700771
FOODS_2_388,TX,1.1246325690770136,0.32994435062659444
FOODS_2_388,WI,1.299592391304348,0.49334456394963894
FOODS_2_389,CA,2.344362745098039,0.34364104815606367
FOODS_2_389,TX,3.7145631067961165,0.20929266385095055
FOODS_2_389,WI,5.497126436781609,0.23261047613705002
FOODS_2_390,CA,6.231270358306189,0.3393338579123979
FOODS_2_390,TX,6.05379746835443,0.6479930589384905
FOODS_2_390,WI,6.956363636363636,0.3739899548539833
FOODS_2_391,CA,1.1359857482185274,0.3386865906255147
FOODS_2_391,TX,1.340574632095305,0.4958381011203557
FOODS_2_391,WI,1.2069400630914826,0.4685672665939371
FOODS_2_392,CA,1.2838926174496643,0.4855718708447649
FOODS_2_392,TX,1.1572897761645493,0.34300798688418804
FOODS_2_392,WI,1.1707466340269277,0.3812235634004819
FOODS_2_393,CA,3.671785028790787,0.46085821092078894
FOODS_2_393,TX,7.776422764227642,0.3196148087085976
FOODS_2_393,WI,6.015723270440252,0.37696249219512507
FOODS_2_394,CA,1.8149905123339658,0.44893238193023194
FOODS_2_394,TX,3.391843971631206,0.5795680152460307
FOODS_2_394,WI,1.3842257597684515,0.5204105603937035
FOODS_2_395,CA,3.8724696356275303,0.3871067269315365
FOODS_2_395,TX,8.10593220338983,0.564145818088992
FOODS_2_395,WI,4.469626168224299,0.6202953935925226
FOODS_2_396,CA,1.1448234590065829,0.27946519472339004
FOODS_2_396,TX,1.3683834048640915,0.39087790666574723
FOODS_2_396,WI,1.3902616279069768,0.35116829843773717
FOODS_2_397,CA,1.4066176470588236,0.4602505788123591
FOODS_2_397,TX,1.4045521292217327,0.44976362586752877
FOODS_2_397,WI,1.5849212924606462,0.5955157660239425
FOODS_2_398,CA,1.8115530303030303,0.5336018531822105
FOODS_2_398,TX,1.4086892488954346,0.48078523777972343
FOODS_2_398,WI,1.0574903261470425,0.5938251436507759
FOODS_2_399,CA,1.1643335362142422,0.4558247223119339
FOODS_2_399,TX,1.3462350457424348,0.720303751030056
FOODS_2_399,WI,1.3229598893499308,0.49826517299776435
FOODS_3_001,CA,1.587551867219917,0.6062163236506748
FOODS_3_001,TX,2.0929978118161925,0.7785076233432203
FOODS_3_001,WI,1.5994983277591974,0.4685337499312456
FOODS_3_002,CA,2.3048192771084337,0.3449295524134487
FOODS_3_002,TX,2.338630806845966,0.3213588907093609
FOODS_3_002,WI,2.3414932680538554,0.19904133390146583
FOODS_3_003,CA,6.211038961038961,0.30111698791398406
FOODS_3_003,TX,7.937759336099585,0.3901375005784626
FOODS_3_003,WI,6.931159420289855,0.35783848123811124
FOODS_3_004,CA,2.2296037296037294,0.483656433988866
FOODS_3_004,TX,6.956363636363636,0.27406326034063266
FOODS_3_004,WI,3.529520295202952,0.3502465010766691
FOODS_3_005,CA,1.1867245657568237,0.42274927162685744
FOODS_3_005,TX,1.2951929587000677,0.5161343404046118
FOODS_3_005,WI,1.2585526315789475,0.5460064782088114
FOODS_3_006,CA,3.4160714285714286,0.39013161951010417
FOODS_3_006,TX,2.800878477306003,0.38262494906042677
FOODS_3_006,WI,3.0316957210776545,0.3996944098547406
FOODS_3_007,CA,1.01863684771033,0.619191125023646
FOODS_3_007,TX,1.0592469545957919,0.8275663767961159
FOODS_3_007,WI,1.056322473771397,0.7295494347996989
FOODS_3_008,CA,2.020063357972545,0.9738252398322019
FOODS_3_008,TX,2.3882646691635454,1.40203909698247
FOODS_3_008,WI,2.196326061997704,1.011895431388624
FOODS_3_009,CA,4.176855895196507,0.4041377032187268
FOODS_3_009,TX,5.114973262032086,0.48822796847912253
FOODS_3_009,WI,6.092356687898089,0.36712532640323936
FOODS_3_010,CA,1.821904761904762,0.30590917295662856
FOODS_3_010,TX,2.4245880861850444,0.33024834651288604
FOODS_3_010,WI,1.9520408163265306,0.3426465770676082
FOODS_3_011,CA,1.0164718384697131,0.2912061167879287
FOODS_3_011,TX,1.250326797385621,0.3974662510926127
FOODS_3_011,WI,1.1441387559808613,0.3986738871952217
FOODS_3_012,CA,1.2864828513786146,0.4062721873429933
FOODS_3_012,TX,1.4670245398773005,0.5204796969526613
FOODS_3_012,WI,1.488715953307393,0.5264834041509737
FOODS_3_013,CA,2.7134751773049643,0.2732437705760979
FOODS_3_013,TX,1.5731907894736843,0.4128281938215787
FOODS_3_013,WI,1.300475866757308,0.5364286371854092
FOODS_3_014,CA,1.200125470514429,0.6631209867942234
FOODS_3_014,TX,1.1904169259489732,0.7444513994993274
FOODS_3_014,WI,1.360597439544808,0.6251774740902661
FOODS_3_015,CA,1.0580752212389382,0.5840842213011816
FOODS_3_015,TX,1.1386904761904761,1.015135314579115
FOODS_3_015,WI,1.1772307692307693,0.7238107152739066
FOODS_3_016,CA,3.338568935427574,0.5663559104653175
FOODS_3_016,TX,4.968831168831169,0.3972894389990348
FOODS_3_016,WI,3.4221824686940967,0.43191296223750675
FOODS_3_017,CA,2.282816229116945,0.2568802971548652
FOODS_3_017,TX,3.6788461538461537,0.22257825278846696
FOODS_3_017,WI,2.6205479452054794,0.29508294490716763
FOODS_3_018,CA,3.736328125,0.40181981608758083
FOODS_3_018,TX,4.643203883495145,0.360156751727063
FOODS_3_018,WI,4.7825,0.3503827688410292
FOODS_3_019,CA,1.1206795547744581,0.3021181437920101
FOODS_3_019,TX,1.8394230769230768,0.6044612929878941
FOODS_3_019,WI,1.3266296809986131,0.4107819047726655
FOODS_3_020,CA,1.2262820512820514,0.3611352620210973
FOODS_3_020,TX,1.402492668621701,0.5956674243911351
FOODS_3_020,WI,1.3284722222222223,0.48114657489256396
FOODS_3_021,CA,1.4470499243570347,0.7928186331155601
FOODS_3_021,TX,1.4670245398773005,0.7959057198506168
FOODS_3_021,WI,1.726534296028881,0.6650480274768172
FOODS_3_022,CA,3.9281314168377826,0.31149949397098164
FOODS_3_022,TX,4.308558558558558,0.35228198644019504
FOODS_3_022,WI,5.3887323943661976,0.2623465426291569
FOODS_3_023,CA,1.0084343700579863,0.21717771827755838
FOODS_3_023,TX,1.080180688876341,0.40131126545047574
FOODS_3_023,WI,1.2454427083333333,0.38912857926955186
FOODS_3_024,CA,3.281303602058319,0.4230370863264411
FOODS_3_024,TX,3.42831541218638,0.46876829427356764
FOODS_3_024,WI,3.1830282861896837,0.560323332086248
FOODS_3_025,CA,1.1239717978848414,0.5408080852731272
FOODS_3_025,TX,1.7065120428189118,0.4283381281176384
FOODS_3_025,WI,1.429745889387145,0.5285382309347686
FOODS_3_026,CA,1.028494623655914,0.33162188924190594
FOODS_3_026,TX,1.1070601851851851,0.43403780723712343
FOODS_3_026,WI,1.1246325690770136,0.40709176174593553
FOODS_3_027,CA,2.347239263803681,0.4319201729288985
FOODS_3_027,TX,2.599184782608696,0.4652142085714195
FOODS_3_027,WI,1.8921859545004946,0.6016535822161602
FOODS_3_028,CA,1.134638196915777,0.4031092220257673
FOODS_3_028,TX,1.2373868046571799,0.36525166121002217
FOODS_3_028,WI,1.429745889387145,0.4547809229408386
FOODS_3_029,CA,1.2916948008102633,0.3943482196658872
FOODS_3_029,TX,1.3433988764044944,0.43879099322825293
FOODS_3_029,WI,1.3752695902228613,0.4269570079476782
FOODS_3_030,CA,1.3349616189811584,0.5062081124273334
FOODS_3_030,TX,1.2873485868102288,0.4369083965356966
FOODS_3_030,WI,1.2830315224681421,0.5918017968070803
FOODS_3_031,CA,1.1128563118091914,0.37520399942822397
FOODS_3_031,TX,1.499216300940439,0.40695600022583756
FOODS_3_031,WI,1.8429672447013488,0.3906227540358144
FOODS_3_032,CA,1.6884377758164166,0.32643753866461866
FOODS_3_032,TX,1.666376306620209,0.2956687493776259
FOODS_3_032,WI,1.7126230975828112,0.44487670836989757
FOODS_3_033,CA,3.42831541218638,0.43708532430066527
FOODS_3_033,TX,3.362038664323374,0.392854846381224
FOODS_3_033,WI,3.1883333333333335,0.40168542614232783
FOODS_3_034,CA,1.994786235662148,0.2442070792717501
FOODS_3_034,TX,2.0481798715203428,0.43881644780250545
FOODS_3_034,WI,2.149438202247191,0.40898147548204655
FOODS_3_035,CA,1.0240899357601714,0.3018769247610191
FOODS_3_035,TX,1.0741156653565413,0.3660849984543956
FOODS_3_035,WI,1.2536041939711664,0.4965591206670951
FOODS_3_036,CA,2.8723723723723724,0.4370630549701357
FOODS_3_036,TX,5.241095890410959,0.37118975502049323
FOODS_3_036,WI,3.826,0.3946621315420353
FOODS_3_037,CA,1.4968701095461658,0.21672287394840176
FOODS_3_037,TX,1.6869488536155204,0.3396784891637739
FOODS_3_037,WI,1.6322525597269624,0.3170129644327694
FOODS_3_038,CA,4.480093676814988,0.2780334363006876
FOODS_3_038,TX,8.981220657276996,0.3988633385744234
FOODS_3_038,WI,5.241095890410959,0.31650598525877
FOODS_3_039,CA,1.338698390482855,0.3541118156832006
FOODS_3_039,TX,1.3782420749279538,0.37724247915190945
FOODS_3_039,WI,1.3802308802308803,0.38142768592810156
FOODS_3_040,CA,1.6989342806394316,0.36396865672648204
FOODS_3_040,TX,2.4715762273901807,0.31720742079044584
FOODS_3_040,WI,1.8013182674199624,0.384646899417062
FOODS_3_041,CA,1.3331010452961674,0.3664724624855043
FOODS_3_041,TX,1.417037037037037,0.4533510853359626
FOODS_3_041,WI,1.417037037037037,0.43745094418866465
FOODS_3_042,CA,1.0148541114058356,0.31151600217325065
FOODS_3_042,TX,1.0026205450733752,0.18063355307447976
FOODS_3_042,WI,1.0026205450733752,0.07988490962548898
FOODS_3_043,CA,1.5182539682539682,0.3541803601919512
FOODS_3_043,TX,2.436942675159236,0.45537000656571436
FOODS_3_043,WI,1.7878504672897195,0.488189891644306
FOODS_3_044,CA,2.7564841498559076,0.5222631006377563
FOODS_3_044,TX,3.6299810246679316,0.44179803672153506
FOODS_3_044,WI,2.7019774011299433,0.4260546163164827
FOODS_3_045,CA,1.30580204778157,0.3918097455297959
FOODS_3_045,TX,1.3943148688046647,0.49174751210082635
FOODS_3_045,WI,1.4738058551617874,0.4578370449654919
FOODS_3_046,CA,1.548987854251012,0.4317691117505889
FOODS_3_046,TX,2.296518607442977,0.43525156129115705
FOODS_3_046,WI,1.5836092715231789,0.4565907377000283
FOODS_3_047,CA,4.241685144124168,0.44487757533140254
FOODS_3_047,TX,4.5439429928741095,0.43967081024825977
FOODS_3_047,WI,4.270089285714286,0.3185138021523705
FOODS_3_048,CA,1.3462350457424348,0.3987988672405845
FOODS_3_048,TX,1.4547528517110266,0.675362198385659
FOODS_3_048,WI,1.3321727019498608,0.39767007209979854
FOODS_3_049,CA,1.8736532810969637,0.3890831386015866
FOODS_3_049,TX,2.4494238156209986,0.33814216376915174
FOODS_3_049,WI,3.332752613240418,0.3416222720324804
FOODS_3_050,CA,1.151715833835039,0.5768031289768023
FOODS_3_050,TX,1.4749421742482651,0.5142454259695337
FOODS_3_050,WI,1.7729379054680259,0.36602601596020085
FOODS_3_051,CA,2.0115667718191377,0.3561734982995044
FOODS_3_051,TX,2.106828193832599,0.5429884081917533
FOODS_3_051,WI,2.137430167597765,0.431939236335234
FOODS_3_053,CA,1.369362920544023,0.37410661400016487
FOODS_3_053,TX,2.263905325443787,0.3659100677578332
FOODS_3_053,WI,2.269276393831554,0.3769596969772976
FOODS_3_054,CA,1.1025936599423631,0.3589697343870101
FOODS_3_054,TX,1.2770360480640854,0.38240641105574297
FOODS_3_054,WI,1.2357881136950903,0.2845594909261558
FOODS_3_055,CA,1.7729379054680259,0.42785507544827367
FOODS_3_055,TX,2.161581920903955,0.4718205216382901
FOODS_3_055,WI,2.056989247311828,0.45545784111040355
FOODS_3_056,CA,2.0438034188034186,0.7237432713130328
FOODS_3_056,TX,2.6643454038997216,0.8682972758090947
FOODS_3_056,WI,2.1302895322939865,0.6399268595710363
FOODS_3_057,CA,1.4738058551617874,0.33224435230480925
FOODS_3_057,TX,2.2141203703703702,0.5372862189112575
FOODS_3_057,WI,2.327250608272506,0.3949067532641729
FOODS_3_058,CA,2.0681081081081083,0.36984275582399817
FOODS_3_058,TX,2.156708004509583,0.40847358256970595
FOODS_3_058,WI,2.462033462033462,0.4008702922516715
FOODS_3_059,CA,1.644883920894239,0.5812140221411123
FOODS_3_059,TX,1.3396358543417366,0.5125153428190575
FOODS_3_059,WI,1.669284467713787,0.9028128333745266
FOODS_3_060,CA,2.0179324894514767,0.3387531122486419
FOODS_3_060,TX,2.6422651933701657,0.5718684968961162
FOODS_3_060,WI,2.4062893081761008,0.39142296220926504
FOODS_3_061,CA,1.9681069958847737,0.47564015597045095
FOODS_3_061,TX,2.7134751773049643,0.43324853175573036
FOODS_3_061,WI,1.9323232323232322,0.35873715682453183
FOODS_3_062,CA,1.1643335362142422,0.49610427069316576
FOODS_3_062,TX,1.5110584518167456,0.38139512691793764
FOODS_3_062,WI,1.603520536462699,0.4863795191513275
FOODS_3_063,CA,1.1664634146341464,0.32230913477559714
FOODS_3_063,TX,1.148948948948949,0.47062249413594026
FOODS_3_063,WI,1.4149408284023668,0.38470730797006375
FOODS_3_064,CA,1.282171581769437,0.2296220703648799
FOODS_3_064,TX,1.3156808803301239,0.4888107450689456
FOODS_3_064,WI,1.3165863730213352,0.4926905747047361
FOODS_3_065,CA,1.0950200343445908,0.547502430429227
FOODS_3_065,TX,1.3548158640226629,0.5055270054683413
FOODS_3_065,WI,1.2146031746031747,0.48089976249491445
FOODS_3_066,CA,1.8376560999039384,0.6128351729327877
FOODS_3_066,TX,2.1114790286975715,0.3669670867850923
FOODS_3_066,WI,1.9762396694214877,0.31088986979047983
FOODS_3_067,CA,1.0073723012111637,0.19591103592446774
FOODS_3_067,TX,1.024638457418318,0.3130045304229102
FOODS_3_067,WI,1.0723094170403586,0.31387702911428256
FOODS_3_068,CA,1.5796862097440132,0.39899296218686864
FOODS_3_068,TX,3.2645051194539247,0.3524199756647674
FOODS_3_068,WI,1.9927083333333333,0.5780056132001927
FOODS_3_069,CA,1.430815258040389,5.552572478400297
FOODS_3_069,TX,1.2454427083333333,4.42609209913244
FOODS_3_069,WI,1.3165863730213352,7.529337620029534
FOODS_3_070,CA,1.607563025210084,0.7642234436987478
FOODS_3_070,TX,1.666376306620209,1.0296283406895739
FOODS_3_070,WI,1.6420600858369099,0.6886466269137382
FOODS_3_071,CA,1.7438468550592525,0.28458682204893393
FOODS_3_071,TX,1.740673339399454,0.24471469469628088
FOODS_3_071,WI,1.7895229186155286,0.3605666474524718
FOODS_3_072,CA,3.16198347107438,0.43354875077357835
FOODS_3_072,TX,2.578167115902965,0.4285270481633934
FOODS_3_072,WI,3.7145631067961165,0.33479020674088716
FOODS_3_073,CA,5.03421052631579,0.7124903774927295
FOODS_3_073,TX,8.071729957805907,0.2700085641907478
FOODS_3_073,WI,5.45014245014245,0.3449727474093968
FOODS_3_074,CA,1.8167141500474835,0.3549160227862316
FOODS_3_074,TX,1.9500509683995924,0.41748449468787163
FOODS_3_074,WI,2.03727369542066,0.38086825850058464
FOODS_3_075,CA,2.0725893824485375,0.3200961965265911
FOODS_3_075,TX,3.671785028790787,0.3176652905294877
FOODS_3_075,WI,2.1255555555555556,0.41257949760039303
FOODS_3_076,CA,1.0693124650642818,0.4281478052737751
FOODS_3_076,TX,1.0633685380767093,0.4112461303088986
FOODS_3_076,WI,1.4159881569207995,0.8565730857536614
FOODS_3_077,CA,2.800878477306003,0.30085977988248364
FOODS_3_077,TX,2.8637724550898205,0.19270211168756587
FOODS_3_077,WI,3.0031397174254315,0.3609675788885474
FOODS_3_078,CA,1.2677269715043076,0.5667318711654714
FOODS_3_078,TX,2.05037513397642,0.5352048617460959
FOODS_3_078,WI,2.137430167597765,0.3783080379246165
FOODS_3_079,CA,1.0592469545957919,0.3708096229948451
FOODS_3_079,TX,1.0651447661469933,0.3986009175229835
FOODS_3_079,WI,1.145508982035928,0.47289860793611915
FOODS_3_080,CA,1.002095337873232,0.06476359705289816
FOODS_3_080,TX,1.002095337873232,0.09366343465013517
FOODS_3_080,WI,1.0015706806282723,0.13284156337845382
FOODS_3_081,CA,1.1729000613120786,0.424090353806579
FOODS_3_081,TX,1.3415147265077139,0.4610546926125378
FOODS_3_081,WI,1.5074862096138693,0.39195895637595796
FOODS_3_082,CA,1.2169211195928753,0.4790522535166217
FOODS_3_082,TX,1.4459561602418745,0.5517081547312472
FOODS_3_082,WI,1.271941489361702,0.4311950312673737
FOODS_3_083,CA,1.200125470514429,0.2662482204694983
FOODS_3_083,TX,1.3211325966850829,0.41259538269605806
FOODS_3_083,WI,1.2882154882154881,0.4543872995492851
FOODS_3_084,CA,2.7096317280453257,0.821695925735677
FOODS_3_084,TX,2.6169630642954855,0.7871951386909153
FOODS_3_084,WI,2.602721088435374,0.8151795581522038
FOODS_3_085,CA,2.804985337243402,0.4012746527460947
FOODS_3_085,TX,2.907294832826748,0.3912535662918908
FOODS_3_085,WI,3.5690298507462686,0.38049324898089637
FOODS_3_086,CA,1.0747191011235955,0.5406616461458156
FOODS_3_086,TX,1.0771396396396395,0.5546058363977572
FOODS_3_086,WI,1.1206795547744581,0.8179848359750203
FOODS_3_087,CA,1.8132701421800947,0.15258142180221224
FOODS_3_087,TX,1.8236415633937082,0.14127083305482202
FOODS_3_087,WI,1.8608949416342413,0.26752274971769163
FOODS_3_088,CA,3.4221824686940967,0.4778327810934611
FOODS_3_088,TX,12.925675675675675,0.203373311007035
FOODS_3_088,WI,4.609638554216867,0.3716448921831572
FOODS_3_089,CA,1.0545755237045205,0.4418283894756246
FOODS_3_089,TX,1.1531042796865583,0.46267165407857946
FOODS_3_089,WI,1.0180947312400213,0.3718389118696337
FOODS_3_090,CA,1.2153748411689962,0.31175044148555187
FOODS_3_090,TX,1.3111720356408498,0.23708361333425348
FOODS_3_090,WI,1.3275503122831367,0.240566551438232
FOODS_3_091,CA,1.2978290366350067,0.31877142731581587
FOODS_3_091,TX,1.8483091787439614,0.3906506286385997
FOODS_3_091,WI,2.1138121546961326,0.3683286728999968
FOODS_3_092,CA,1.2908232118758434,0.3558750926779286
FOODS_3_092,TX,1.4448640483383686,0.437550183984439
FOODS_3_092,WI,1.256898817345598,0.36655768064056843
FOODS_3_093,CA,1.6491379310344827,0.45532833232353004
FOODS_3_093,TX,1.3257103257103258,0.29724288829699747
FOODS_3_093,WI,1.6239388794567062,0.3739756555475591
FOODS_3_094,CA,1.768022181146026,0.48287073347215614
FOODS_3_094,TX,1.7049910873440286,0.3146212191919651
FOODS_3_094,WI,1.7778810408921932,0.402536990795197
FOODS_3_095,CA,1.2176957352005093,0.5116865115841286
FOODS_3_095,TX,1.4569687738004569,0.5574494081714425
FOODS_3_095,WI,2.219257540603248,0.33125300747742126
FOODS_3_096,CA,1.0856980703745744,0.3051092419165724
FOODS_3_096,TX,1.359630419331912,0.4317544130423086
FOODS_3_096,WI,1.3973703433162892,0.36248238520361703
FOODS_3_097,CA,1.0084343700579863,0.24790623526620406
FOODS_3_097,TX,1.1025936599423631,0.407156231078767
FOODS_3_097,WI,1.1128563118091914,0.42225990271960695
FOODS_3_098,CA,1.0987937966685812,0.3105288271893403
FOODS_3_098,TX,1.192643391521197,1.1836988651253806
FOODS_3_098,WI,1.225496476617553,0.374976211816933
FOODS_3_099,CA,1.0084343700579863,0.09007246849826507
FOODS_3_099,TX,1.0073723012111637,0.13944716845145672
FOODS_3_099,WI,1.0084343700579863,0.21151074796022026
FOODS_3_100,CA,1.3238754325259516,0.5729352194248375
FOODS_3_100,TX,1.5757825370675453,0.8890572208274057
FOODS_3_100,WI,1.3312456506610995,0.45124531805336004
FOODS_3_101,CA,1.199373040752351,0.30795311160503774
FOODS_3_101,TX,1.2373868046571799,0.3774418115785944
FOODS_3_101,WI,1.230225080385852,0.38685201455819573
FOODS_3_102,CA,1.256898817345598,0.5113543188830352
FOODS_3_102,TX,1.4066176470588236,0.9799089278160688
FOODS_3_102,WI,1.2830315224681421,0.4704247893568033
FOODS_3_103,CA,1.0627777777777778,0.335718278671251
FOODS_3_103,TX,1.210759493670886,0.4484000514577755
FOODS_3_103,WI,1.024638457418318,0.3231148425724465
FOODS_3_104,CA,1.4405120481927711,0.5841238487451488
FOODS_3_104,TX,1.6322525597269624,0.3705413605940343
FOODS_3_104,WI,1.796244131455399,0.3883658848928206
FOODS_3_105,CA,2.6532593619972262,0.35088634435129107
FOODS_3_105,TX,3.6859344894026975,0.5212817710764669
FOODS_3_105,WI,2.686797752808989,0.45826432140184464
FOODS_3_106,CA,1.8627069133398246,0.507285171332245
FOODS_3_106,TX,3.1156351791530943,0.7628251282936198
FOODS_3_106,WI,1.799623706491063,0.4740091247607615
FOODS_3_107,CA,1.1013241220495107,0.23370536386995164
FOODS_3_107,TX,1.2454427083333333,0.39588987058562647
FOODS_3_107,WI,1.2365869424692955,0.23059026698583926
FOODS_3_108,CA,1.2008788449466417,0.26647490798191725
FOODS_3_108,TX,1.2627062706270626,0.4216127379299613
FOODS_3_108,WI,1.239792611795204,0.32294219752191045
FOODS_3_109,CA,1.0419389978213507,0.4814181100784527
FOODS_3_109,TX,1.047071702244116,0.4344537574536655
FOODS_3_109,WI,1.0545755237045205,0.4249525311547895
FOODS_3_110,CA,2.4032663316582914,0.3330104868223324
FOODS_3_110,TX,3.3978685612788633,0.29737142537774436
FOODS_3_110,WI,3.904081632653061,0.28494643610042286
FOODS_3_111,CA,3.529520295202952,0.38053064843900464
FOODS_3_111,TX,3.904081632653061,0.3287171769383654
FOODS_3_111,WI,4.140692640692641,0.33548391041766784
FOODS_3_112,CA,1.1786814540973505,0.42525942106933645
FOODS_3_112,TX,1.721872187218722,1.0416349768669204
FOODS_3_112,WI,1.9540347293156282,0.44720596060856965
FOODS_3_113,CA,1.0079030558482613,0.35997277407871087
FOODS_3_113,TX,1.0385450597176982,0.4956464916199606
FOODS_3_113,WI,1.0235420010700909,0.43519957651568464
FOODS_3_114,CA,3.141215106732348,0.48430747303172117
FOODS_3_114,TX,4.387614678899083,0.645879743249825
FOODS_3_114,WI,4.204395604395605,0.4780323412759666
FOODS_3_115,CA,1.0487938596491229,0.3286720000238095
FOODS_3_115,TX,1.1353115727002967,0.33639793055396044
FOODS_3_115,WI,1.1845201238390093,0.32870076748824656
FOODS_3_116,CA,1.1226525821596245,0.4737449757199728
FOODS_3_116,TX,1.1600970285021226,0.4067124314244852
FOODS_3_116,WI,1.1729000613120786,0.526720017157717
FOODS_3_117,CA,1.6420600858369099,0.43172543369248906
FOODS_3_117,TX,1.3509887005649717,0.46035489882598474
FOODS_3_117,WI,1.5527597402597402,0.6154559931161881
FOODS_3_118,CA,1.1167542323409223,0.5522118312586378
FOODS_3_118,TX,1.156590084643289,0.4917808682165089
FOODS_3_118,WI,1.1414081145584725,0.3555528069842015
FOODS_3_119,CA,4.501176470588235,0.3386614392303522
FOODS_3_119,TX,5.8323170731707314,0.42309514094880984
FOODS_3_119,WI,4.855329949238579,0.3820741582800514
FOODS_3_120,CA,1.349083215796897,0.2557262210343905
FOODS_3_120,TX,1.9927083333333333,0.3914208736248677
FOODS_3_120,WI,1.3471830985915494,0.1999362900231294
FOODS_3_121,CA,1.6294718909710393,0.29789087684149823
FOODS_3_121,TX,1.5731907894736843,0.25664193376430755
FOODS_3_121,WI,1.600836820083682,0.2777649660882108
FOODS_3_122,CA,3.1207177814029365,0.38838683470364704
FOODS_3_122,TX,2.698166431593794,0.43445829219836063
FOODS_3_122,WI,2.9385560675883258,0.4670042725059678
FOODS_3_123,CA,1.5744855967078188,0.6117684607587498
FOODS_3_123,TX,2.8424962852897475,0.6335540494074294
FOODS_3_123,WI,1.7156950672645739,0.40260529438731296
FOODS_3_124,CA,1.1077012159814708,0.3176974657435293
FOODS_3_124,TX,1.145508982035928,0.6447347811130745
FOODS_3_124,WI,1.0723094170403586,0.47363062445574095
FOODS_3_125,CA,3.403914590747331,0.8088932067028466
FOODS_3_125,TX,5.2554945054945055,0.4312856996090717
FOODS_3_125,WI,4.397701149425288,0.5715227003149864
FOODS_3_126,CA,1.0838526912181303,0.38456816586675824
FOODS_3_126,TX,1.0279419666845782,0.3319498889529737
FOODS_3_126,WI,1.1919003115264797,0.47127501879136224
FOODS_3_127,CA,1.0031463030938648,0.34292121641452067
FOODS_3_127,TX,1.0357336220898754,0.3734016113984735
FOODS_3_127,WI,1.0687150837988826,0.43881990996690606
FOODS_3_128,CA,1.231809401159047,0.3688127053167218
FOODS_3_128,TX,1.4715384615384615,0.5259234128208741
FOODS_3_128,WI,1.2987101154107263,0.39026042968411717
FOODS_3_129,CA,1.8791748526522594,0.3233517918854404
FOODS_3_129,TX,2.154279279279279,0.4935745669870621
FOODS_3_129,WI,2.1045104510451047,0.4725399630759132
FOODS_3_130,CA,2.240046838407494,0.39408863708530606
FOODS_3_130,TX,2.855223880597015,0.4223124158039455
FOODS_3_130,WI,2.9206106870229007,0.4320134519416223
FOODS_3_131,CA,1.2016331658291457,0.27326640667536867
FOODS_3_131,TX,1.231809401159047,0.2876422788040529
FOODS_3_131,WI,1.231809401159047,0.2586530623993028
FOODS_3_132,CA,1.0663322185061315,0.46733263257553803
FOODS_3_132,TX,1.1077012159814708,0.7392806151450306
FOODS_3_132,WI,1.0528343423225097,0.467921449236717
FOODS_3_133,CA,1.1332938388625593,0.22597564343482282
FOODS_3_133,TX,1.1434548714883443,0.4268389672925596
FOODS_3_133,WI,1.1579903147699757,0.39501358976870055
FOODS_3_134,CA,5.419263456090651,0.3265527043443832
FOODS_3_134,TX,5.544927536231884,0.26833386200170195
FOODS_3_134,WI,1.3922852983988354,0.2901668097924535
FOODS_3_135,CA,2.2855436081242533,0.5238985548795342
FOODS_3_135,TX,1.218471337579618,1.1265451440266319
FOODS_3_135,WI,2.7927007299270072,0.2691741139210967
FOODS_3_136,CA,1.0789622109419064,0.2557903388179654
FOODS_3_136,TX,1.1115630447414293,0.22432871750641864
FOODS_3_136,WI,1.1122093023255815,0.25315897843666574
FOODS_3_137,CA,3.1936560934891487,0.4581912324616239
FOODS_3_137,TX,4.377574370709382,0.30862618634759753
FOODS_3_137,WI,2.8257016248153617,0.3804007407741128
FOODS_3_138,CA,1.2422077922077923,0.4714699664113948
FOODS_3_138,TX,1.257725180802104,0.382763193255916
FOODS_3_138,WI,1.3872371283538796,0.39076432237822134
FOODS_3_139,CA,1.0436442989634478,0.25076698367965594
FOODS_3_139,TX,1.1407274895646988,0.36550182976677287
FOODS_3_139,WI,1.2176957352005093,0.44513999743385735
FOODS_3_140,CA,1.2326030927835052,0.2864165229023767
FOODS_3_140,TX,1.3852280955829108,0.3751518711341393
FOODS_3_140,WI,1.276184122748499,0.3048426764823266
FOODS_3_141,CA,1.132622853759621,0.35487103588510116
FOODS_3_141,TX,1.4580792682926829,0.356776869527407
FOODS_3_141,WI,1.360597439544808,0.3798787273977639
FOODS_3_142,CA,1.2414016872160933,0.5111950220933591
FOODS_3_142,TX,2.3588162762022193,0.5123932339865271
FOODS_3_142,WI,1.7203237410071943,0.4739736080735077
FOODS_3_143,CA,3.4221824686940967,0.5271810322844789
FOODS_3_143,TX,4.5875299760191846,0.6276191779596908
FOODS_3_143,WI,3.6231060606060606,0.4454931065638664
FOODS_3_144,CA,1.002095337873232,0.23376116026749758
FOODS_3_144,TX,1.0296017222820237,0.41557287320528496
FOODS_3_144,WI,1.0408052230685527,0.3353790567330777
FOODS_3_145,CA,1.3953318745441283,0.42998642740762333
FOODS_3_145,TX,1.8358925143953935,0.35222847430374765
FOODS_3_145,WI,2.258559622195986,0.3303901131018573
FOODS_3_146,CA,1.2668874172185431,0.6143998017619826
FOODS_3_146,TX,1.359630419331912,0.6728847057313003
FOODS_3_146,WI,1.2215836526181354,0.5587584279811002
FOODS_3_147,CA,5.087765957446808,0.6386604906762647
FOODS_3_147,TX,7.007326007326007,1.0532026143790847
FOODS_3_147,WI,2.171396140749149,0.6191855804155763
FOODS_3_148,CA,1.2446324007807417,0.43257776957795363
FOODS_3_148,TX,1.4704073789392775,0.5573095867264658
FOODS_3_148,WI,1.3912727272727272,0.5208126503240854
FOODS_3_149,CA,2.0614224137931036,0.4865141476979105
FOODS_3_149,TX,2.3705080545229245,0.5520249667302022
FOODS_3_149,WI,2.2855436081242533,0.533213235685907
FOODS_3_150,CA,1.4704073789392775,0.6186144803738799
FOODS_3_150,TX,1.3266296809986131,0.387926404313936
FOODS_3_150,WI,1.540257648953301,0.4569364292827971
FOODS_3_151,CA,1.2192479286169535,0.19077158203000832
FOODS_3_151,TX,1.2294344473007712,0.2712271900363728
FOODS_3_151,WI,2.2090069284064664,0.4875152661541488
FOODS_3_152,CA,4.052966101694915,0.30282377336182165
FOODS_3_152,TX,4.0788912579957355,0.32432208397697937
FOODS_3_152,WI,4.113978494623656,0.2878231894915873
FOODS_3_153,CA,1.9284274193548387,0.5671382916671543
FOODS_3_153,TX,2.258559622195986,0.5820752762635412
FOODS_3_153,WI,2.327250608272506,0.5668772605688549
FOODS_3_154,CA,1.0610094287298946,0.6093219691101461
FOODS_3_154,TX,1.0318230852211434,1.1026615070088726
FOODS_3_154,WI,1.0307112068965518,0.9135389189676137
FOODS_3_155,CA,1.264375413086583,0.5386522641971545
FOODS_3_155,TX,1.383224873463485,0.8040920834826409
FOODS_3_155,WI,1.2544262295081967,0.44354905108386156
FOODS_3_156,CA,1.0047268907563025,0.1902905008279942
FOODS_3_156,TX,1.0402392604676454,0.33110174540109694
FOODS_3_156,WI,1.0290478752017214,0.3197144170312039
FOODS_3_157,CA,2.7328571428571427,0.5080242509969475
FOODS_3_157,TX,2.6569444444444446,0.4633310068417148
FOODS_3_157,WI,3.4593128390596743,0.41829198825967656
FOODS_3_158,CA,2.1279199110122358,0.4619956832994352
FOODS_3_158,TX,2.296518607442977,0.40407488612213194
FOODS_3_158,WI,2.3414932680538554,0.40429491091959396
FOODS_3_159,CA,1.4459561602418745,0.4187910898053707
FOODS_3_159,TX,1.695921985815603,0.5908675702838917
FOODS_3_159,WI,2.2719714964370548,0.4119155853803601
FOODS_3_160,CA,1.5783828382838283,0.5741440549874752
FOODS_3_160,TX,1.602177554438861,0.5305997795622266
FOODS_3_160,WI,1.9323232323232322,0.5091053541069352
FOODS_3_161,CA,1.324792243767313,0.44553090519105226
FOODS_3_161,TX,1.9520408163265306,0.4696628731581827
FOODS_3_161,WI,1.5981620718462823,0.4103353624213115
FOODS_3_162,CA,1.2099936748893105,0.45006843713132366
FOODS_3_162,TX,1.5062992125984251,0.7281277851834732
FOODS_3_162,WI,1.2804551539491298,0.3657491664651533
FOODS_3_163,CA,1.0240899357601714,0.33044201013127733
FOODS_3_163,TX,1.1904169259489732,0.48013501905652045
FOODS_3_163,WI,1.1881987577639752,0.4594123557261103
FOODS_3_164,CA,4.5224586288416075,0.503081613911659
FOODS_3_164,TX,7.218867924528302,0.30767932633765604
FOODS_3_164,WI,4.367579908675799,0.49108849093235946
FOODS_3_165,CA,2.9937402190923317,0.36424376262946767
FOODS_3_165,TX,5.101333333333334,0.2997935528387876
FOODS_3_165,WI,1.9968684759916493,0.31585874493506544
FOODS_3_166,CA,4.407834101382488,0.4928658658786013
FOODS_3_166,TX,4.7825,0.5686278352679864
FOODS_3_166,WI,4.251111111111111,0.3793477992948566
FOODS_3_167,CA,2.0243386243386245,0.38669819570855674
FOODS_3_167,TX,2.2937649880095923,0.3950725703574584
FOODS_3_167,WI,2.0329436769394262,0.3458778880769349
FOODS_3_168,CA,1.3396358543417366,0.42938900884654985
FOODS_3_168,TX,1.3202208419599724,0.5576724552415294
FOODS_3_168,WI,1.5158478605388273,0.45073733981688
FOODS_3_169,CA,1.1475704859028195,0.3440192321479662
FOODS_3_169,TX,1.1319526627218934,0.5354628765080548
FOODS_3_169,WI,1.1874612042209807,0.45508740743570114
FOODS_3_170,CA,2.0658747300215983,0.4383104763704445
FOODS_3_170,TX,2.4338422391857506,0.4438519733288094
FOODS_3_170,WI,2.2719714964370548,0.47478379284254196
FOODS_3_171,CA,5.727544910179641,0.33123804990544015
FOODS_3_171,TX,19.721649484536083,0.3129069711768649
FOODS_3_171,WI,5.45014245014245,0.28063626822157434
FOODS_3_172,CA,3.6299810246679316,0.3664540477661675
FOODS_3_172,TX,3.4468468468468467,0.2805945613726603
FOODS_3_172,WI,4.318284424379232,0.3413696827221002
FOODS_3_173,CA,2.335775335775336,0.3830260403926592
FOODS_3_173,TX,4.9051282051282055,0.2592259760900003
FOODS_3_173,WI,5.868098159509202,0.24007527018436114
FOODS_3_174,CA,1.1881987577639752,0.4368354189957528
FOODS_3_174,TX,1.300475866757308,0.4919960686554822
FOODS_3_174,WI,1.3802308802308803,0.45854946355658216
FOODS_3_175,CA,1.2685676392572944,0.3337357955865102
FOODS_3_175,TX,2.800878477306003,0.3188185370213126
FOODS_3_175,WI,1.8921859545004946,0.383688082086819
FOODS_3_176,CA,1.4459561602418745,0.4302033102033509
FOODS_3_176,TX,2.196326061997704,0.6538543103477087
FOODS_3_176,WI,2.0681081081081083,0.7996370047472693
FOODS_3_177,CA,1.1867245657568237,0.23839642253072826
FOODS_3_177,TX,1.6944198405668733,0.41706003937724134
FOODS_3_177,WI,2.2773809523809523,0.3884414126958597
FOODS_3_178,CA,1.0301561658589122,0.30410236338987484
FOODS_3_178,TX,1.0026205450733752,0.21165110303281937
FOODS_3_178,WI,1.0539944903581266,0.3551024294871647
FOODS_3_179,CA,1.6102693602693603,0.445406233642858
FOODS_3_179,TX,2.2505882352941176,0.3567965729271132
FOODS_3_179,WI,2.3734491315136474,0.3304237763422753
FOODS_3_180,CA,3.1777408637873754,0.3744866482470901
FOODS_3_180,TX,8.175213675213675,0.37553688452627276
FOODS_3_180,WI,2.9295558958652372,0.3616876833097031
FOODS_3_181,CA,1.3174931129476584,0.38088708621904516
FOODS_3_181,TX,1.4437735849056603,0.5143201302998917
FOODS_3_181,WI,1.7945590994371483,0.4455551332432947
FOODS_3_182,CA,1.256898817345598,0.5304691255018449
FOODS_3_182,TX,1.3872371283538796,0.7332681963908033
FOODS_3_182,WI,1.3202208419599724,0.47693735758644973
FOODS_3_183,CA,1.127948113207547,0.33727053072392194
FOODS_3_183,TX,1.1572897761645493,0.4130607574380845
FOODS_3_183,WI,1.3156808803301239,0.4462449795102452
FOODS_3_184,CA,1.0534140969162995,0.227424380404831
FOODS_3_184,TX,1.129279811097993,0.3348082598749692
FOODS_3_184,WI,1.0693124650642818,0.26678575376409236
FOODS_3_185,CA,1.7795348837209302,0.5648255315731747
FOODS_3_185,TX,1.913,1.1872645979962904
FOODS_3_185,WI,1.9782833505687694,0.6055441583555697
FOODS_3_186,CA,1.4749421742482651,0.3918050531033886
FOODS_3_186,TX,2.436942675159236,0.5104151297067664
FOODS_3_186,WI,1.6534140017286085,0.44084918389859484
FOODS_3_187,CA,1.388243831640058,0.40544547982517554
FOODS_3_187,TX,1.7566574839302111,0.5974699069385411
FOODS_3_187,WI,1.587551867219917,0.5035623598230559
FOODS_3_188,CA,1.4351087771942985,0.5040382707020642
FOODS_3_188,TX,2.4941329856584096,0.3348221594708985
FOODS_3_188,WI,1.7280939476061428,0.3713642231197626
FOODS_3_189,CA,1.9885654885654886,0.4269128501348509
FOODS_3_189,TX,2.2090069284064664,0.4187831265781212
FOODS_3_189,WI,2.537135278514589,0.4008115582949963
FOODS_3_190,CA,2.4525641025641027,0.43303628471742345
FOODS_3_190,TX,2.6277472527472527,0.4792537241869742
FOODS_3_190,WI,2.400250941028858,0.3190589975858091
FOODS_3_191,CA,1.0592469545957919,0.5084607209292742
FOODS_3_191,TX,1.0814019219898248,0.5573594497347771
FOODS_3_191,WI,1.056322473771397,0.42313038229608674
FOODS_3_192,CA,1.8773307163886164,0.25060247652443607
FOODS_3_192,TX,2.149438202247191,0.40899176170024526
FOODS_3_192,WI,2.9890625,0.42667567117382976
FOODS_3_193,CA,1.3481324876673715,0.41475265312835535
FOODS_3_193,TX,2.39125,0.4366898465290686
FOODS_3_193,WI,2.095290251916758,0.34210695397705776
FOODS_3_194,CA,1.0240899357601714,0.28651252662907045
FOODS_3_194,TX,1.1272834413671184,0.36422903780243354
FOODS_3_194,WI,1.026838432635534,0.33389112657298026
FOODS_3_195,CA,1.0499451152579582,0.4385699599084662
FOODS_3_195,TX,1.0610094287298946,0.45316548996091377
FOODS_3_195,WI,1.0425068119891008,0.2830103433839798
FOODS_3_196,CA,1.324792243767313,0.6022990607628643
FOODS_3_196,TX,1.6620330147697655,0.6487301711073754
FOODS_3_196,WI,1.5464834276475343,0.46842595488633715
FOODS_3_197,CA,1.5849212924606462,0.44295338071228024
FOODS_3_197,TX,2.6755244755244756,0.560018389107186
FOODS_3_197,WI,1.8030160226201697,0.5104665711096561
FOODS_3_198,CA,2.302045728038508,0.4428074440856385
FOODS_3_198,TX,3.1672185430463577,0.45720933382735507
FOODS_3_198,WI,3.8646464646464644,0.2973445687838444
FOODS_3_199,CA,1.3852280955829108,0.42281595301997765
FOODS_3_199,TX,1.5170499603489294,0.5105685378602028
FOODS_3_199,WI,1.5928393005828476,0.44931873275923095
FOODS_3_200,CA,1.4864024864024865,0.6258143300295469
FOODS_3_200,TX,1.4647779479326186,0.7821793628403275
FOODS_3_200,WI,2.106828193832599,0.6292628670574115
FOODS_3_201,CA,1.0213561131873998,0.21549852688062068
FOODS_3_201,TX,1.0262875536480687,0.23518962304949137
FOODS_3_201,WI,1.0425068119891008,0.3532361448783514
FOODS_3_202,CA,1.0505216913783635,0.22489970976187776
FOODS_3_202,TX,1.109628770301624,0.19073923595241685
FOODS_3_202,WI,1.1109175377468061,0.1988706032944556
FOODS_3_203,CA,1.0191795418220564,0.3404929375150654
FOODS_3_203,TX,1.0557395143487858,0.5285891948584546
FOODS_3_203,WI,1.0894077448747153,0.39495168824915977
FOODS_3_204,CA,2.056989247311828,0.6168421647905413
FOODS_3_204,TX,2.8091042584434653,0.4712590300455463
FOODS_3_204,WI,2.028632025450689,0.555015938577568
FOODS_3_205,CA,2.588633288227334,0.44145512056941594
FOODS_3_205,TX,2.564343163538874,0.3292092293724431
FOODS_3_205,WI,2.540504648074369,0.48960034472733577
FOODS_3_206,CA,2.7485632183908044,0.386074118817428
FOODS_3_206,TX,1.6678291194420227,0.4017392476319181
FOODS_3_206,WI,1.340574632095305,0.6342100330772916
FOODS_3_207,CA,1.2677269715043076,0.6603960970276349
FOODS_3_207,TX,1.2373868046571799,0.7611239455770337
FOODS_3_207,WI,1.2602108036890645,0.5230040130646525
FOODS_3_208,CA,1.4749421742482651,0.42225790113281325
FOODS_3_208,TX,1.8483091787439614,0.4723557509138354
FOODS_3_208,WI,2.436942675159236,0.4231851033011175
FOODS_3_209,CA,3.3858407079646016,0.38891168491291245
FOODS_3_209,TX,5.886153846153846,0.2796390438522115
FOODS_3_209,WI,6.211038961038961,0.25308918545177894
FOODS_3_210,CA,1.8681640625,0.41317908199410813
FOODS_3_210,TX,3.7436399217221137,0.32129570105452393
FOODS_3_210,WI,1.8736532810969637,0.38028447278711286
FOODS_3_211,CA,1.1000575043128236,0.4962366031544359
FOODS_3_211,TX,1.1765067650676506,0.4942317826014763
FOODS_3_211,WI,2.6133879781420766,1.7319253932968532
FOODS_3_212,CA,1.1070601851851851,0.5214740701293931
FOODS_3_212,TX,1.2536041939711664,0.5953030258226334
FOODS_3_212,WI,1.274483677548301,0.4252185197298647
FOODS_3_213,CA,1.587551867219917,0.9405443278271405
FOODS_3_213,TX,1.3902616279069768,1.0809745261381238
FOODS_3_213,WI,1.372309899569584,1.0749256872045458
FOODS_3_214,CA,1.263540290620872,0.4657077130471783
FOODS_3_214,TX,1.8115530303030303,0.7636030125464492
FOODS_3_214,WI,1.4459561602418745,0.6512119356855095
FOODS_3_215,CA,1.0820135746606334,0.3741389058061433
FOODS_3_215,TX,1.032379924446843,0.33357740441186867
FOODS_3_215,WI,1.0202666666666667,0.32020602213535715
FOODS_3_216,CA,1.6225614927905003,0.3366011377095244
FOODS_3_216,TX,2.85096870342772,0.305333462075705
FOODS_3_216,WI,1.8663414634146342,0.3349351243058266
FOODS_3_217,CA,1.0026205450733752,0.1604640842136128
FOODS_3_217,TX,1.0814019219898248,0.36475654605191377
FOODS_3_217,WI,1.0969036697247707,0.4609259702471076
FOODS_3_218,CA,2.6169630642954855,0.6064368955219566
FOODS_3_218,TX,3.0125984251968503,0.5568183167921877
FOODS_3_218,WI,2.7096317280453257,0.6475089802336358
FOODS_3_219,CA,1.312071330589849,0.3747805920857486
FOODS_3_219,TX,1.537781350482315,0.6437786547610842
FOODS_3_219,WI,1.4035216434336024,0.2872051134045601
FOODS_3_220,CA,7.443579766536965,0.4044407538133864
FOODS_3_220,TX,12.50326797385621,0.2827575989404461
FOODS_3_220,WI,11.455089820359282,0.23955627996680606
FOODS_3_221,CA,3.0031397174254315,0.3848886330976645
FOODS_3_221,TX,4.204395604395605,0.3523257240560338
FOODS_3_221,WI,3.356140350877193,0.46558817346214637
FOODS_3_222,CA,1.1448234590065829,0.35586019504660454
FOODS_3_222,TX,2.0681081081081083,0.3903851343523851
FOODS_3_222,WI,1.263540290620872,0.493854788217233
FOODS_3_223,CA,1.5390185036202735,0.4244407654055594
FOODS_3_223,TX,2.2115606936416183,0.292263762833623
FOODS_3_223,WI,1.5110584518167456,0.4340223226874688
FOODS_3_224,CA,1.197871008140263,0.5236880074847348
FOODS_3_224,TX,1.233397807865893,0.47412553345067326
FOODS_3_224,WI,1.2278562259306804,0.36576830409793426
FOODS_3_225,CA,1.056322473771397,0.45975326780132114
FOODS_3_225,TX,1.1319526627218934,0.4493378586604506
FOODS_3_225,WI,1.1794081381011097,0.4110612368833551
FOODS_3_226,CA,1.0026205450733752,0.11394716127658186
FOODS_3_226,TX,1.0015706806282723,0.13453837097718666
FOODS_3_226,WI,1.002095337873232,0.0635018047295796
FOODS_3_227,CA,1.0887877063175868,0.22342378751216127
FOODS_3_227,TX,1.1077012159814708,0.23176782117827924
FOODS_3_227,WI,1.175061425061425,0.4571009579325563
FOODS_3_228,CA,1.002095337873232,0.10353652381500014
FOODS_3_228,TX,1.002095337873232,0.1111788195403815
FOODS_3_228,WI,1.0026205450733752,0.18754314900098012
FOODS_3_229,CA,2.602721088435374,0.4967102561470328
FOODS_3_229,TX,2.6169630642954855,0.39715281525898977
FOODS_3_229,WI,2.764450867052023,0.3577889521070081
FOODS_3_230,CA,1.004199475065617,0.3320671719522659
FOODS_3_230,TX,1.0047268907563025,0.31792619944845685
FOODS_3_230,WI,1.5353130016051364,0.36887844417536153
FOODS_3_231,CA,1.1045034642032332,0.4052938035226685
FOODS_3_231,TX,1.1482593037214885,0.5925522097384955
FOODS_3_231,WI,1.0687150837988826,0.550941136273146
FOODS_3_232,CA,1.0036726128016789,0.1902011822003422
FOODS_3_232,TX,1.080180688876341,0.46630574153615717
FOODS_3_232,WI,1.1077012159814708,0.4608990428165962
FOODS_3_233,CA,2.156708004509583,0.255321332597235
FOODS_3_233,TX,2.344362745098039,0.20906243978772288
FOODS_3_233,WI,2.291017964071856,0.21116492233309966
FOODS_3_234,CA,1.0089662447257384,0.4491037896966663
FOODS_3_234,TX,1.0459267359212685,0.7550186276107054
FOODS_3_234,WI,1.0219017094017093,0.7416307579377986
FOODS_3_235,CA,2.03727369542066,0.7150124671100297
FOODS_3_235,TX,2.7173295454545454,0.47458904562876736
FOODS_3_235,WI,2.2773809523809523,0.49909553770382026
FOODS_3_236,CA,2.0816104461371054,0.2741917998153467
FOODS_3_236,TX,2.1470258136924802,0.21140344705723796
FOODS_3_236,WI,2.191294387170676,0.2642653104279358
FOODS_3_237,CA,1.695921985815603,1.080620219661793
FOODS_3_237,TX,1.6989342806394316,1.7420313498216948
FOODS_3_237,WI,1.7359346642468239,1.6795240841325687
FOODS_3_238,CA,1.2527832351015062,0.2977902306434527
FOODS_3_238,TX,1.263540290620872,0.37075662690430655
FOODS_3_238,WI,1.2934415145368492,0.3811956491880296
FOODS_3_239,CA,1.0539944903581266,0.38938168118938776
FOODS_3_239,TX,1.3577004968062456,0.5837121581253549
FOODS_3_239,WI,1.1919003115264797,0.4109955246485542
FOODS_3_240,CA,2.109151047409041,0.5544387782593065
FOODS_3_240,TX,2.5337748344370863,0.8503449389476021
FOODS_3_240,WI,2.3216019417475726,1.5990105229201106
FOODS_3_241,CA,1.296070460704607,0.454352531569316
FOODS_3_241,TX,1.4118081180811808,0.5296246787809041
FOODS_3_241,WI,1.4547528517110266,0.5235746686381194
FOODS_3_242,CA,1.0987937966685812,0.34665430999200925
FOODS_3_242,TX,1.2882154882154881,0.44280072258638015
FOODS_3_242,WI,1.0717086834733893,0.4109817117710645
FOODS_3_243,CA,1.2122940430925222,0.5048103175666179
FOODS_3_243,TX,1.2527832351015062,0.940646046274665
FOODS_3_243,WI,1.282171581769437,0.48659828990579107
FOODS_3_244,CA,1.4107669616519174,0.35778814391259967
FOODS_3_244,TX,3.0608,0.26100006950394283
FOODS_3_244,WI,1.9927083333333333,0.8387657709783866
FOODS_3_245,CA,1.4149408284023668,0.4588659507210998
FOODS_3_245,TX,1.4351087771942985,0.530465296472902
FOODS_3_245,WI,1.388243831640058,0.7329741675273872
FOODS_3_246,CA,1.0499451152579582,0.29711940857253416
FOODS_3_246,TX,1.7534372135655363,0.5139508618071014
FOODS_3_246,WI,1.7234234234234234,0.3652631342703237
FOODS_3_247,CA,2.045989304812834,0.399857396582809
FOODS_3_247,TX,2.6943661971830988,0.40519917487342644
FOODS_3_247,WI,2.705799151343706,0.3840517133682492
FOODS_3_248,CA,1.0838526912181303,0.30449851291089214
FOODS_3_248,TX,1.3892519970951343,0.4437276253601413
FOODS_3_248,WI,1.3615658362989325,0.39141656821675114
FOODS_3_249,CA,1.673665791776028,0.4391028262390791
FOODS_3_249,TX,1.9989550679205852,0.5439344768276109
FOODS_3_249,WI,2.0031413612565445,0.43794777334195384
FOODS_3_250,CA,1.301360544217687,0.2538857468825318
FOODS_3_250,TX,1.3202208419599724,0.38929052704501
FOODS_3_250,WI,1.3822254335260116,0.33407855478219595
FOODS_3_251,CA,1.5527597402597402,0.4413887955343469
FOODS_3_251,TX,2.2855436081242533,0.41719137855428917
FOODS_3_251,WI,2.1689342403628116,0.3436612655365497
FOODS_3_252,CA,1.002095337873232,0.13441703681873265
FOODS_3_252,TX,1.0015706806282723,0.13441608868100544
FOODS_3_252,WI,1.0026205450733752,0.219609871566114
FOODS_3_253,CA,1.8047169811320756,0.33359251083216446
FOODS_3_253,TX,1.8429672447013488,0.37209146621397343
FOODS_3_253,WI,1.7518315018315018,0.31660947463918754
FOODS_3_254,CA,5.114973262032086,0.5257809315118865
FOODS_3_254,TX,7.301526717557252,0.4407748755201894
FOODS_3_254,WI,6.881294964028777,0.6365028456862358
FOODS_3_255,CA,6.4847457627118645,0.45655591162084663
FOODS_3_255,TX,9.911917098445596,0.4752927960030993
FOODS_3_255,WI,7.218867924528302,0.28883673092047396
FOODS_3_256,CA,2.649584487534626,0.3757130500489654
FOODS_3_256,TX,6.092356687898089,0.27436627872294445
FOODS_3_256,WI,3.4593128390596743,0.19669644230806987
FOODS_3_257,CA,1.1794081381011097,0.3617151696756819
FOODS_3_257,TX,1.2286448298008992,0.34268210823473577
FOODS_3_257,WI,1.2365869424692955,0.30271476549418885
FOODS_3_258,CA,1.199373040752351,0.15298186358557098
FOODS_3_258,TX,1.1963727329580989,0.22634185287296602
FOODS_3_258,WI,1.2039018250471996,0.2723664862303592
FOODS_3_259,CA,1.2031446540880504,0.2014044614271936
FOODS_3_259,TX,1.200125470514429,0.2613011677692639
FOODS_3_259,WI,1.225496476617553,0.35964695558751986
FOODS_3_260,CA,6.5290102389078495,0.5836497647802563
FOODS_3_260,TX,12.031446540880504,0.6690753467511426
FOODS_3_260,WI,7.776422764227642,0.4239418148774099
FOODS_3_261,CA,1.3842257597684515,0.4443176336478424
FOODS_3_261,TX,1.453647416413374,0.43533960163051
FOODS_3_261,WI,1.9187562688064193,0.6982828260207595
FOODS_3_262,CA,3.609433962264151,0.34250597804167
FOODS_3_262,TX,4.298876404494382,0.4772787297633726
FOODS_3_262,WI,4.5985576923076925,0.3395292122258297
FOODS_3_263,CA,1.2176957352005093,0.12556684844232943
FOODS_3_263,TX,1.2239283429302623,0.18530607925199424
FOODS_3_263,WI,1.5603588907014683,0.3969448443975321
FOODS_3_264,CA,6.015723270440252,0.5287047484493655
FOODS_3_264,TX,1.4749421742482651,0.48123155956469277
FOODS_3_264,WI,1.6253186066270178,0.4238723037299526
FOODS_3_265,CA,1.0063124671225672,0.22267670106335216
FOODS_3_265,TX,1.0442139737991267,0.3526412697150201
FOODS_3_265,WI,1.09002849002849,0.3630329077556187
FOODS_3_266,CA,1.439428141459744,0.4106913675286286
FOODS_3_266,TX,2.1161504424778763,0.47915808825058537
FOODS_3_266,WI,1.7911985018726593,0.43433403368707985
FOODS_3_267,CA,1.125956444967628,0.43527816772024885
FOODS_3_267,TX,1.175061425061425,0.4207827672189901
FOODS_3_267,WI,1.3111720356408498,0.6375386973439806
FOODS_3_268,CA,1.608915054667788,0.48949083457791454
FOODS_3_268,TX,1.8132701421800947,0.4269932677611602
FOODS_3_268,WI,2.240046838407494,0.49969919745461117
FOODS_3_269,CA,1.0385450597176982,0.3332550226613278
FOODS_3_269,TX,1.4286781179985064,0.48094555809460066
FOODS_3_269,WI,1.274483677548301,0.44977378814939367
FOODS_3_270,CA,2.961300309597523,0.46448693801744345
FOODS_3_270,TX,4.843037974683544,0.28423430630836466
FOODS_3_270,WI,4.855329949238579,0.3996788267616093
FOODS_3_271,CA,1.1593939393939394,0.5555897789337588
FOODS_3_271,TX,1.205419029615627,0.47593338403044877
FOODS_3_271,WI,1.274483677548301,0.4344720279039498
FOODS_3_272,CA,1.6605902777777777,0.43171051327491894
FOODS_3_272,TX,2.2064590542099194,0.3336866134156497
FOODS_3_272,WI,2.984399375975039,0.25937796923158685
FOODS_3_273,CA,1.022994652406417,0.40663408380656263
FOODS_3_273,TX,1.352899575671853,0.4840519789589392
FOODS_3_273,WI,1.1779556650246306,0.5412517332557187
FOODS_3_274,CA,1.2381877022653722,0.44774815884346375
FOODS_3_274,TX,1.4558599695585996,0.5330972496738685
FOODS_3_274,WI,1.3433988764044944,0.4691546672808215
FOODS_3_275,CA,4.140692640692641,0.40296785195821344
FOODS_3_275,TX,4.758706467661692,0.3810214722046117
FOODS_3_275,WI,4.818639798488665,0.379183324478244
FOODS_3_276,CA,1.1586917019987886,0.5198036108110022
FOODS_3_276,TX,1.1941323345817727,0.46552847870702274
FOODS_3_276,WI,1.2365869424692955,0.403124450194049
FOODS_3_277,CA,2.4245880861850444,0.27268343871630013
FOODS_3_277,TX,2.4525641025641027,0.3718641798718827
FOODS_3_277,WI,2.4307496823379924,0.42434255447001873
FOODS_3_278,CA,4.377574370709382,0.43735547370192773
FOODS_3_278,TX,4.4282407407407405,0.4302928368275775
FOODS_3_278,WI,4.260579064587973,0.3733836889653851
FOODS_3_279,CA,1.2046599496221662,0.20112463553415616
FOODS_3_279,TX,1.8959365708622398,0.34129630637372305
FOODS_3_279,WI,1.603520536462699,0.3740895187107422
FOODS_3_280,CA,1.0832389580973953,0.3703854502786103
FOODS_3_280,TX,1.3462350457424348,0.37883821525405476
FOODS_3_280,WI,1.5390185036202735,0.3815079838840516
FOODS_3_281,CA,1.3615658362989325,0.7447412376105277
FOODS_3_281,TX,1.509865824782952,0.6438648045282322
FOODS_3_281,WI,1.4910366328916602,0.6117059446466883
FOODS_3_282,CA,1.9520408163265306,0.1706893428355208
FOODS_3_282,TX,1.9721649484536083,0.20802557244165684
FOODS_3_282,WI,1.9362348178137652,0.21865538019486827
FOODS_3_283,CA,1.1867245657568237,0.20862255454017745
FOODS_3_283,TX,1.2627062706270626,0.41185897668275395
FOODS_3_283,WI,1.3452883263009845,0.5450128494185614
FOODS_3_284,CA,3.2589437819420786,0.348287585043057
FOODS_3_284,TX,3.9281314168377826,0.32533182573325853
FOODS_3_284,WI,3.362038664323374,0.3952645427149969
FOODS_3_285,CA,1.336827393431167,0.42979100655159463
FOODS_3_285,TX,1.5796862097440132,0.482703556711218
FOODS_3_285,WI,1.5003921568627452,0.3658596264784242
FOODS_3_286,CA,1.4361861861861862,0.43096069009719273
FOODS_3_286,TX,1.4956997654417514,0.43436686334432645
FOODS_3_286,WI,1.6336464560204953,0.37960995118271396
FOODS_3_287,CA,1.3156808803301239,0.35790250832269604
FOODS_3_287,TX,1.5981620718462823,0.3769567042229804
FOODS_3_287,WI,1.5365461847389559,0.3922405184637814
FOODS_3_288,CA,1.7126230975828112,0.16165125830768845
FOODS_3_288,TX,1.7359346642468239,0.2358996737186914
FOODS_3_288,WI,1.6899293286219081,0.22752753442428714
FOODS_3_289,CA,1.0771396396396395,0.26665483938835155
FOODS_3_289,TX,1.5796862097440132,0.4157188340402092
FOODS_3_289,WI,1.3902616279069768,0.40473268906899096
FOODS_3_290,CA,1.0180947312400213,0.4219553619953233
FOODS_3_290,TX,1.031266846361186,0.46171739024578756
FOODS_3_290,WI,1.0084343700579863,0.24543741722542922
FOODS_3_291,CA,1.0741156653565413,0.2613062719144385
FOODS_3_291,TX,1.0820135746606334,0.37418607535667536
FOODS_3_291,WI,1.299592391304348,0.420469184361069
FOODS_3_292,CA,1.8847290640394088,0.47157019953344576
FOODS_3_292,TX,1.8681640625,0.24230831245401555
FOODS_3_292,WI,1.8718199608610568,0.38815268299479644
FOODS_3_293,CA,1.499216300940439,0.6103895933692853
FOODS_3_293,TX,1.864522417153996,0.49981054348951054
FOODS_3_293,WI,1.5744855967078188,0.45915388060710677
FOODS_3_294,CA,1.1629179331306991,0.7164513186490448
FOODS_3_294,TX,1.6143459915611815,0.7097683092526117
FOODS_3_294,WI,1.1889372280919825,0.5468563812921778
FOODS_3_295,CA,1.1180596142606662,0.1621776752637226
FOODS_3_295,TX,1.1213364595545134,0.32594461594967983
FOODS_3_295,WI,1.1206795547744581,0.351461270085799
FOODS_3_296,CA,14.715384615384615,0.4577511943214184
FOODS_3_296,TX,13.013605442176871,0.535986411705038
FOODS_3_296,WI,17.55045871559633,0.9584552698373449
FOODS_3_297,CA,2.139821029082774,0.3449859192197824
FOODS_3_297,TX,4.087606837606837,0.3485881388922549
FOODS_3_297,WI,2.095290251916758,0.3955642041531769
FOODS_3_298,CA,1.2602108036890645,0.34721609898123235
FOODS_3_298,TX,2.1446188340807173,0.3597397153981515
FOODS_3_298,WI,2.0975877192982457,0.41670232387342837
FOODS_3_299,CA,1.7729379054680259,0.21797990932981745
FOODS_3_299,TX,1.7861811391223157,0.3889161095110103
FOODS_3_299,WI,1.7502287282708142,0.3268716523756763
FOODS_3_300,CA,1.0505216913783635,0.2665875695188402
FOODS_3_300,TX,1.0079030558482613,0.3258606661444016
FOODS_3_300,WI,1.0645520311630494,0.35418088150978233
FOODS_3_301,CA,1.069910514541387,0.2613163391175276
FOODS_3_301,TX,1.250326797385621,0.3984978441747757
FOODS_3_301,WI,1.1911581569115817,0.37614578671253673
FOODS_3_302,CA,1.1765067650676506,0.42092759217565084
FOODS_3_302,TX,1.5353130016051364,0.6181859426596616
FOODS_3_302,WI,1.3303198887343533,0.5925730937726515
FOODS_3_303,CA,1.1373365041617123,0.3886926770851011
FOODS_3_303,TX,1.379235760634463,0.5977979831055424
FOODS_3_303,WI,1.5915141430948418,0.3899022952407849
FOODS_3_304,CA,1.004199475065617,0.2364406170927581
FOODS_3_304,TX,1.0063124671225672,0.2872571247548956
FOODS_3_304,WI,1.0159320233669675,0.2764792358137361
FOODS_3_305,CA,1.1475704859028195,0.16308798339016203
FOODS_3_305,TX,1.1643335362142422,0.2638303177300742
FOODS_3_305,WI,1.1830550401978974,0.28654364261098547
FOODS_3_306,CA,1.6944198405668733,0.3725803483974066
FOODS_3_306,TX,1.5994983277591974,0.684744711872493
FOODS_3_306,WI,1.5353130016051364,0.34037929851755544
FOODS_3_307,CA,1.7598896044158234,0.33648473609483215
FOODS_3_307,TX,1.7187780772686434,0.43436059503923063
FOODS_3_307,WI,1.7034728406055208,0.36641253316340827
FOODS_3_308,CA,1.14619532654284,0.3707865872396976
FOODS_3_308,TX,1.300475866757308,0.3748250225420336
FOODS_3_308,WI,1.2899527983816588,0.4688020738508137
FOODS_3_309,CA,1.2685676392572944,0.4054742252667063
FOODS_3_309,TX,2.219257540603248,0.29517973442233325
FOODS_3_309,WI,1.7004444444444444,0.4255812606807337
FOODS_3_310,CA,1.2192479286169535,0.3246103023000176
FOODS_3_310,TX,1.4014652014652014,0.47642824035914766
FOODS_3_310,WI,1.2381877022653722,0.27236397443965504
FOODS_3_311,CA,1.0610094287298946,0.398212080418272
FOODS_3_311,TX,1.1721813725490196,0.525035151179645
FOODS_3_311,WI,1.1373365041617123,0.4898981072361094
FOODS_3_312,CA,2.135044642857143,0.3241993751733416
FOODS_3_312,TX,3.391843971631206,0.27743667383019105
FOODS_3_312,WI,2.4338422391857506,0.39898815964714346
FOODS_3_313,CA,1.0838526912181303,0.849573963404467
FOODS_3_313,TX,1.1070601851851851,1.9280287685673347
FOODS_3_313,WI,1.1000575043128236,1.3082727158294694
FOODS_3_314,CA,1.5146476642913698,0.4713236519821622
FOODS_3_314,TX,1.5477346278317152,0.5041884066161352
FOODS_3_314,WI,1.9803312629399585,0.5325336559311586
FOODS_3_315,CA,2.776487663280116,0.7718763693762815
FOODS_3_315,TX,3.3269565217391306,0.5237692481306951
FOODS_3_315,WI,2.804985337243402,0.4937917457469669
FOODS_3_316,CA,1.586235489220564,0.23648645291429551
FOODS_3_316,TX,2.020063357972545,0.3560140255905615
FOODS_3_316,WI,1.6929203539823008,0.3164223861781399
FOODS_3_317,CA,1.2031446540880504,0.41496118007607385
FOODS_3_317,TX,1.8828740157480315,1.5826810251148888
FOODS_3_317,WI,1.383224873463485,0.6762553168446832
FOODS_3_318,CA,1.3303198887343533,0.6932803814278533
FOODS_3_318,TX,1.3973703433162892,0.8199914259941559
FOODS_3_318,WI,1.402492668621701,0.48001942971200673
FOODS_3_319,CA,1.1312832643406268,0.3563402209749453
FOODS_3_319,TX,1.1441387559808613,0.782042230067392
FOODS_3_319,WI,1.1154518950437318,0.4786265738652317
FOODS_3_320,CA,1.5770816158285244,0.43505930397062453
FOODS_3_320,TX,2.020063357972545,0.5531970156498504
FOODS_3_320,WI,1.5981620718462823,0.45605056043369996
FOODS_3_321,CA,1.5439870863599676,0.5900391834352875
FOODS_3_321,TX,1.8773307163886164,0.5508687105828913
FOODS_3_321,WI,1.8754901960784314,0.5220351937545438
FOODS_3_322,CA,2.1422172452407615,0.2913341816906033
FOODS_3_322,TX,2.2013808975834293,0.3555293090870377
FOODS_3_322,WI,2.6569444444444446,0.4899250789293241
FOODS_3_323,CA,2.022198731501057,0.5472678085401792
FOODS_3_323,TX,2.307599517490953,0.40186757093570197
FOODS_3_323,WI,2.135044642857143,0.42417438972343674
FOODS_3_324,CA,1.09002849002849,0.2308972964576672
FOODS_3_324,TX,1.1319526627218934,0.31188131690515947
FOODS_3_324,WI,1.7911985018726593,0.3412448348007381
FOODS_3_325,CA,1.5304,0.307162638107813
FOODS_3_325,TX,2.3216019417475726,0.36495221988530757
FOODS_3_325,WI,1.7004444444444444,0.3893333054441515
FOODS_3_326,CA,1.3471830985915494,0.4747830845021127
FOODS_3_326,TX,1.602177554438861,0.5771346436457796
FOODS_3_326,WI,1.3872371283538796,0.35621920800051193
FOODS_3_327,CA,1.1353115727002967,0.2295019500176714
FOODS_3_327,TX,1.1600970285021226,0.4434587974207273
FOODS_3_327,WI,1.1441387559808613,1.0024107594745295
FOODS_3_328,CA,1.1622114216281896,0.36430878915258535
FOODS_3_328,TX,2.855223880597015,0.24315592496206564
FOODS_3_328,WI,1.600836820083682,0.339070910704743
FOODS_3_329,CA,2.028632025450689,0.18490475093364508
FOODS_3_329,TX,2.0329436769394262,0.12290540251428944
FOODS_3_329,WI,2.04162219850587,0.17370860449595052
FOODS_3_330,CA,1.0510989010989011,0.3030979974887242
FOODS_3_330,TX,1.0645520311630494,0.41319016965893707
FOODS_3_330,WI,1.2084649399873657,0.43370272603079424
FOODS_3_331,CA,1.0329373650107991,0.41955378532093035
FOODS_3_331,TX,1.0863145939806929,0.470118267601376
FOODS_3_331,WI,1.0759280089988752,0.519468416590873
FOODS_3_332,CA,1.1246325690770136,0.4846896147691362
FOODS_3_332,TX,1.1475704859028195,0.5821865589957093
FOODS_3_332,WI,1.192643391521197,0.5243864328888911
FOODS_3_333,CA,2.554072096128171,0.5744037228981702
FOODS_3_333,TX,2.6532593619972262,0.8979977276440276
FOODS_3_333,WI,2.668061366806137,0.8992220745470472
FOODS_3_334,CA,1.3066939890710383,0.5948127140283191
FOODS_3_334,TX,1.4636572302983932,0.5039401446236811
FOODS_3_334,WI,1.4055841293166789,0.49629396566945255
FOODS_3_335,CA,1.4448640483383686,0.44590658483770257
FOODS_3_335,TX,1.630861040068201,0.5919114535046922
FOODS_3_335,WI,2.0179324894514767,0.5006434019687263
FOODS_3_336,CA,1.4547528517110266,0.3942729669293239
FOODS_3_336,TX,1.5590872045639772,0.5910478260405552
FOODS_3_336,WI,1.5578175895765471,0.43908424939633156
FOODS_3_337,CA,4.298876404494382,0.36188123424126406
FOODS_3_337,TX,5.886153846153846,0.259208580602044
FOODS_3_337,WI,5.609970674486804,0.2657441439733227
FOODS_3_338,CA,4.643203883495145,0.5138469920915548
FOODS_3_338,TX,10.396739130434783,0.3842401888283078
FOODS_3_338,WI,4.943152454780361,0.3269381055898054
FOODS_3_339,CA,1.12994683992912,0.34890853969616487
FOODS_3_339,TX,1.231016731016731,0.5603941957548091
FOODS_3_339,WI,1.145508982035928,0.39610034178874326
FOODS_3_340,CA,2.4715762273901807,0.37077067980038686
FOODS_3_340,TX,2.7564841498559076,0.33891208783247917
FOODS_3_340,WI,3.0031397174254315,0.37924138800741036
FOODS_3_341,CA,1.7878504672897195,0.4357882379175086
FOODS_3_341,TX,1.721872187218722,0.5095794413494387
FOODS_3_341,WI,2.385286783042394,0.3392831346491841
FOODS_3_342,CA,1.3943148688046647,0.3481170884981853
FOODS_3_342,TX,1.5439870863599676,0.3758674623414224
FOODS_3_342,WI,1.5291766586730615,0.47040426124441803
FOODS_3_343,CA,2.0179324894514767,0.5243374305770441
FOODS_3_343,TX,2.698166431593794,0.2627508518108039
FOODS_3_343,WI,1.9401622718052738,0.31739483947842406
FOODS_3_344,CA,2.0592034445640475,0.32705676540312484
FOODS_3_344,TX,2.564343163538874,0.42586857827563934
FOODS_3_344,WI,2.4494238156209986,0.47186174661556785
FOODS_3_345,CA,1.7696577243293248,0.6698960257317867
FOODS_3_345,TX,2.198850574712644,0.48507843094583525
FOODS_3_345,WI,2.1664779161947907,0.7155167866423277
FOODS_3_346,CA,1.0180947312400213,0.3473568475291367
FOODS_3_346,TX,1.0318230852211434,0.36146365973696737
FOODS_3_346,WI,1.0357336220898754,0.3044286804594871
FOODS_3_347,CA,1.651986183074266,0.4859977230210503
FOODS_3_347,TX,1.3293954134815844,0.3621003582472806
FOODS_3_347,WI,1.6157094594594594,0.42868372409373473
FOODS_3_348,CA,1.1319526627218934,0.2062555906070303
FOODS_3_348,TX,1.1414081145584725,0.47101580352324796
FOODS_3_348,WI,1.136660724896019,0.35962233806832666
FOODS_3_349,CA,1.006842105263158,0.37206444948570194
FOODS_3_349,TX,1.0026205450733752,0.2828592267659228
FOODS_3_349,WI,1.1643335362142422,0.6442874492280973
FOODS_3_350,CA,8.21030042918455,0.6382536885438168
FOODS_3_350,TX,7.904958677685951,0.3812902620849771
FOODS_3_350,WI,7.744939271255061,0.7011870442604621
FOODS_3_351,CA,1.192643391521197,0.3391715966394895
FOODS_3_351,TX,1.4004392386530016,0.6187134066836817
FOODS_3_351,WI,1.3284722222222223,0.45300560902943754
FOODS_3_352,CA,1.4212481426448738,0.47266739054454193
FOODS_3_352,TX,1.5783828382838283,0.4949011542051075
FOODS_3_352,WI,1.5015698587127158,0.476489693086934
FOODS_3_353,CA,5.3887323943661976,0.5535226694725462
FOODS_3_353,TX,6.665505226480836,1.0903122720932972
FOODS_3_353,WI,6.759717314487633,0.7290865471642013
FOODS_3_354,CA,1.9580348004094166,0.3479833972485999
FOODS_3_354,TX,2.4245880861850444,0.4435695889007692
FOODS_3_354,WI,2.564343163538874,0.4157618797744247
FOODS_3_355,CA,1.2247119078104993,0.39356456876278484
FOODS_3_355,TX,1.4097273397199706,0.6362081941117276
FOODS_3_355,WI,1.3664285714285713,0.5200098864636453
FOODS_3_356,CA,1.0453551912568306,0.30993397753198554
FOODS_3_356,TX,1.1845201238390093,0.38790431705020517
FOODS_3_356,WI,1.1025936599423631,0.37592896916810475
FOODS_3_357,CA,1.2890835579514826,0.3899101687777027
FOODS_3_357,TX,1.9091816367265468,0.43479905252285317
FOODS_3_357,WI,1.3994147768836869,0.43657369558023573
FOODS_3_358,CA,2.2800953516090585,0.3404960264617754
FOODS_3_358,TX,4.251111111111111,0.2907093668977035
FOODS_3_358,WI,2.9521604938271606,0.39788722040659
FOODS_3_359,CA,3.4160714285714286,0.5344852099142806
FOODS_3_359,TX,6.313531353135313,0.3442324912149864
FOODS_3_359,WI,5.047493403693931,0.45320429626890185
FOODS_3_360,CA,2.022198731501057,0.62900082214963
FOODS_3_360,TX,1.4704073789392775,1.4401803791311834
FOODS_3_360,WI,1.5464834276475343,1.1197474656866129
FOODS_3_361,CA,1.7878504672897195,0.3673545408578621
FOODS_3_361,TX,1.8341323106423777,0.3869310185733656
FOODS_3_361,WI,1.7663896583564174,0.32863326592765835
FOODS_3_362,CA,1.8483091787439614,0.2710080932065635
FOODS_3_362,TX,2.063646170442287,0.21432618840926893
FOODS_3_362,WI,2.0681081081081083,0.19953356680557627
FOODS_3_363,CA,1.0057833859095688,0.4681343338133162
FOODS_3_363,TX,1.0202666666666667,0.5408182865606552
FOODS_3_363,WI,1.0240899357601714,0.4694196444546969
FOODS_3_364,CA,3.664750957854406,0.4383978203041816
FOODS_3_364,TX,5.528901734104046,0.6344321904003225
FOODS_3_364,WI,3.960662525879917,0.614292312033218
FOODS_3_365,CA,1.1971214017521903,0.43080272996633234
FOODS_3_365,TX,1.8865877712031558,0.354804614841214
FOODS_3_365,WI,2.106828193832599,0.3120424607762237
FOODS_3_366,CA,4.867684478371501,0.5121858660819701
FOODS_3_366,TX,6.906137184115524,0.38635401911612816
FOODS_3_366,WI,5.313888888888889,0.4502948421885479
FOODS_3_367,CA,1.0262875536480687,0.3722666915573026
FOODS_3_367,TX,1.0777464788732394,0.5460304172440855
FOODS_3_367,WI,1.1786814540973505,0.6150989757733738
FOODS_3_368,CA,1.0705092333519866,0.3701066062361404
FOODS_3_368,TX,1.0887877063175868,0.5011258808614742
FOODS_3_368,WI,1.1193680514921007,0.47096725853266663
FOODS_3_369,CA,1.0137784843667197,0.2719794824409287
FOODS_3_369,TX,1.0663322185061315,0.40214700346438315
FOODS_3_369,WI,1.109628770301624,0.35450200161175766
FOODS_3_370,CA,2.961300309597523,0.4062923469130798
FOODS_3_370,TX,3.5623836126629422,0.38025942762366405
FOODS_3_370,WI,5.020997375328084,0.25792542073811753
FOODS_3_371,CA,4.770573566084788,0.4342080848200494
FOODS_3_371,TX,3.209731543624161,0.4194404348977587
FOODS_3_371,WI,9.565,0.17151313278149333
FOODS_3_372,CA,2.6606397774687065,0.1703324844786411
FOODS_3_372,TX,2.686797752808989,0.20137049669656484
FOODS_3_372,WI,2.6830294530154277,0.24519144260284595
FOODS_3_373,CA,1.8810226155358898,0.5271414471555306
FOODS_3_373,TX,2.85949177877429,0.6731884483557989
FOODS_3_373,WI,2.1138121546961326,0.47295292212989953
FOODS_3_374,CA,1.5770816158285244,0.37856682495602906
FOODS_3_374,TX,3.0559105431309903,0.3275230117538204
FOODS_3_374,WI,4.677261613691932,0.4587870664283642
FOODS_3_375,CA,1.9968684759916493,0.5646143526165455
FOODS_3_375,TX,3.2259696458684655,0.4571602751587924
FOODS_3_375,WI,2.106828193832599,0.44151007508013623
FOODS_3_376,CA,1.047645125958379,0.46804365774318185
FOODS_3_376,TX,1.0557395143487858,0.4092093535345523
FOODS_3_376,WI,1.0534140969162995,0.39613597158634317
FOODS_3_377,CA,1.0026205450733752,0.06574172772073272
FOODS_3_377,TX,1.0015706806282723,0.061377332254349284
FOODS_3_377,WI,1.031266846361186,0.14117467133334236
FOODS_3_378,CA,1.0918949771689497,0.39130285375908797
FOODS_3_378,TX,1.336827393431167,0.37533548384861387
FOODS_3_378,WI,1.9721649484536083,0.3644865892491865
FOODS_3_379,CA,2.313180169286578,0.9418154215453335
FOODS_3_379,TX,4.0702127659574465,0.42946974161103635
FOODS_3_379,WI,2.313180169286578,0.5119154164965701
FOODS_3_380,CA,1.4806501547987616,0.4084664731236891
FOODS_3_380,TX,2.2115606936416183,0.26501496125904905
FOODS_3_380,WI,2.3763975155279504,0.38890318719061856
FOODS_3_381,CA,2.0770901194353963,0.4460916445240709
FOODS_3_381,TX,2.5237467018469655,0.5529052645480479
FOODS_3_381,WI,2.3763975155279504,0.4016265928054476
FOODS_3_382,CA,2.4652061855670104,1.3227523550861655
FOODS_3_382,TX,2.7019774011299433,0.38833625096302965
FOODS_3_382,WI,2.602721088435374,0.36150006727890477
FOODS_3_383,CA,1.3577004968062456,0.6283948456768749
FOODS_3_383,TX,1.3165863730213352,0.5301720608584995
FOODS_3_383,WI,1.3040218132242671,0.4108305180028426
FOODS_3_384,CA,1.3922852983988354,0.4206637180743527
FOODS_3_384,TX,1.6884377758164166,0.4960492219067911
FOODS_3_384,WI,2.550666666666667,0.40630875769769154
FOODS_3_385,CA,1.0906499429874572,0.3537736122362248
FOODS_3_385,TX,1.1729000613120786,0.43280336612793824
FOODS_3_385,WI,1.1109175377468061,0.3697863215135251
FOODS_3_386,CA,1.5439870863599676,0.31151562652288517
FOODS_3_386,TX,1.9762396694214877,0.3969354910697671
FOODS_3_386,WI,1.587551867219917,0.38936838788972206
FOODS_3_387,CA,1.7454379562043796,0.3623105624971807
FOODS_3_387,TX,2.1470258136924802,0.45865658264615344
FOODS_3_387,WI,2.216685979142526,0.3677918982269853
FOODS_3_388,CA,1.239792611795204,0.6385265166651147
FOODS_3_388,TX,1.3377622377622378,0.5935838089665022
FOODS_3_388,WI,1.3165863730213352,0.6713490913994483
FOODS_3_389,CA,1.0026205450733752,0.12050278732022834
FOODS_3_389,TX,1.1206795547744581,0.4736519459797824
FOODS_3_389,WI,1.0026205450733752,0.198229866138185
FOODS_3_390,CA,2.8132352941176473,0.39665225252506514
FOODS_3_390,TX,2.5609103078982596,0.38951608290790596
FOODS_3_390,WI,2.400250941028858,0.33767160093661036
FOODS_3_391,CA,1.821904761904762,0.6878322697334772
FOODS_3_391,TX,1.9721649484536083,0.4760570331496731
FOODS_3_391,WI,2.335775335775336,0.4598334401038923
FOODS_3_392,CA,1.0453551912568306,0.3543668592350062
FOODS_3_392,TX,1.2161474888747617,0.44203439919450016
FOODS_3_392,WI,1.1306146572104019,0.41666117630726074
FOODS_3_393,CA,1.7534372135655363,0.2726455513941991
FOODS_3_393,TX,1.7696577243293248,0.2763855656985476
FOODS_3_393,WI,1.796244131455399,0.3033988756023868
FOODS_3_394,CA,1.0887877063175868,0.25826853526615534
FOODS_3_394,TX,1.8865877712031558,0.2908372881751362
FOODS_3_394,WI,1.626700680272109,0.36112811641649933
FOODS_3_395,CA,1.132622853759621,0.35043982379499466
FOODS_3_395,TX,1.1622114216281896,0.5071386821885489
FOODS_3_395,WI,1.1339656194427978,0.3975319084270227
FOODS_3_396,CA,2.0975877192982457,0.3513981148210839
FOODS_3_396,TX,3.510091743119266,0.3517815228416821
FOODS_3_396,WI,2.9295558958652372,0.3346778140031504
FOODS_3_397,CA,1.5110584518167456,0.4036206951802204
FOODS_3_397,TX,2.5472703062583224,0.8403062473464361
FOODS_3_397,WI,1.4405120481927711,0.4530224479088383
FOODS_3_398,CA,1.251144538914323,0.33264691682245395
FOODS_3_398,TX,1.7795348837209302,0.7037644635579181
FOODS_3_398,WI,1.5578175895765471,0.3859825822137537
FOODS_3_399,CA,1.8847290640394088,0.344225254858241
FOODS_3_399,TX,1.890316205533597,0.2363871000414342
FOODS_3_399,WI,1.911088911088911,0.23935577641904673
FOODS_3_400,CA,1.0031463030938648,0.1903319471243708
FOODS_3_400,TX,1.1000575043128236,0.33485629412409335
FOODS_3_400,WI,1.0510989010989011,0.35287977591161857
FOODS_3_401,CA,1.2270686337395766,0.4232443074281305
FOODS_3_401,TX,1.434032983508246,0.38448115849166825
FOODS_3_401,WI,1.1830550401978974,0.46767480556079305
FOODS_3_402,CA,1.8773307163886164,0.43236118018994235
FOODS_3_402,TX,2.6169630642954855,0.32697211788834046
FOODS_3_402,WI,2.578167115902965,0.5064166404777501
FOODS_3_403,CA,1.7187780772686434,0.2328053130722854
FOODS_3_403,TX,1.7502287282708142,0.39366250462796326
FOODS_3_403,WI,1.7126230975828112,0.2960140833384348
FOODS_3_404,CA,1.1135040745052387,0.3992577792210232
FOODS_3_404,TX,1.1373365041617123,0.5915085186899547
FOODS_3_404,WI,1.1332938388625593,0.6040958684431915
FOODS_3_405,CA,1.1911581569115817,0.3283496785882421
FOODS_3_405,TX,1.7049910873440286,0.379828783972776
FOODS_3_405,WI,1.2736351531291612,0.42235808679640235
FOODS_3_406,CA,1.1193680514921007,0.1972264692361301
FOODS_3_406,TX,1.1246325690770136,0.4823091604978973
FOODS_3_406,WI,1.120023419203747,0.4205212300526436
FOODS_3_407,CA,1.0031463030938648,0.24981349048871174
FOODS_3_407,TX,1.0084343700579863,0.2918703735896701
FOODS_3_407,WI,1.0235420010700909,0.34599905361704264
FOODS_3_408,CA,1.2560735390676296,0.4877388003878832
FOODS_3_408,TX,4.746898263027295,0.2457957706862212
FOODS_3_408,WI,1.42548435171386,0.407583023849826
FOODS_3_409,CA,4.397701149425288,0.44874138954950477
FOODS_3_409,TX,4.5875299760191846,0.7005835031214428
FOODS_3_409,WI,6.251633986928105,1.164758213787656
FOODS_3_410,CA,1.0639599555061179,0.29485212955014306
FOODS_3_410,TX,1.4636572302983932,0.4787466693147013
FOODS_3_410,WI,1.1736196319018406,0.47463414960366396
FOODS_3_411,CA,1.0505216913783635,0.35874625155000467
FOODS_3_411,TX,1.251144538914323,0.4766900955895017
FOODS_3_411,WI,1.1707466340269277,0.4204090777905068
FOODS_3_412,CA,1.0153927813163481,0.6303894794401651
FOODS_3_412,TX,1.0687150837988826,0.7147509865503376
FOODS_3_412,WI,1.0419389978213507,0.726846273922971
FOODS_3_413,CA,1.20770202020202,0.33339129607331863
FOODS_3_413,TX,1.2446324007807417,0.35825088321615256
FOODS_3_413,WI,1.2462540716612378,0.2846717292537626
FOODS_3_414,CA,1.5552845528455284,0.4964880762605235
FOODS_3_414,TX,2.527080581241744,0.48891573979829744
FOODS_3_414,WI,2.500653594771242,0.3788905420861132
FOODS_3_415,CA,1.3752695902228613,0.47583142457198346
FOODS_3_415,TX,1.4875583203732503,0.5346862846635357
FOODS_3_415,WI,1.4086892488954346,0.3757105564264581
FOODS_3_416,CA,1.8500967117988394,0.28920649920351865
FOODS_3_416,TX,2.984399375975039,0.33669236270885483
FOODS_3_416,WI,2.868065967016492,0.4013504465020169
FOODS_3_417,CA,4.0963597430406855,0.374808581396061
FOODS_3_417,TX,5.299168975069252,0.40239276791584483
FOODS_3_417,WI,4.480093676814988,0.4207838352246423
FOODS_3_418,CA,1.1219941348973608,0.28340234596787534
FOODS_3_418,TX,1.136660724896019,0.32934622817310133
FOODS_3_418,WI,1.1475704859028195,0.3908410608025639
FOODS_3_419,CA,4.158695652173913,0.38033377270709934
FOODS_3_419,TX,4.158695652173913,0.26416048975887124
FOODS_3_419,WI,4.631961259079903,0.4023614950704262
FOODS_3_420,CA,1.239792611795204,0.49157479653337227
FOODS_3_420,TX,1.4265473527218493,0.7458954245428034
FOODS_3_420,WI,1.5822994210090984,0.5138041406681348
FOODS_3_421,CA,2.5851351351351353,1.0758529084518091
FOODS_3_421,TX,3.2982758620689654,0.38828936409647613
FOODS_3_421,WI,2.8723723723723724,0.6170029439063988
FOODS_3_422,CA,1.7502287282708142,0.5405516684154011
FOODS_3_422,TX,1.3943148688046647,0.613656742185317
FOODS_3_422,WI,1.7065120428189118,0.8656983824238532
FOODS_3_423,CA,1.3557760453579022,0.4042006352494487
FOODS_3_423,TX,1.5552845528455284,0.545655762440347
FOODS_3_423,WI,1.4817970565453138,0.4546325538319073
FOODS_3_424,CA,1.1353115727002967,0.41843160094354426
FOODS_3_424,TX,1.2454427083333333,0.3822398278849277
FOODS_3_424,WI,1.2890835579514826,0.37784674252322276
FOODS_3_425,CA,2.171396140749149,0.9822987578929503
FOODS_3_425,TX,2.4908854166666665,0.5051938796499195
FOODS_3_425,WI,2.400250941028858,0.4651490589338505
FOODS_3_426,CA,1.7729379054680259,0.3609028471749146
FOODS_3_426,TX,2.5304232804232805,0.4897906951594726
FOODS_3_426,WI,1.9823834196891192,0.3733867490228427
FOODS_3_427,CA,2.2992788461538463,0.910918596853073
FOODS_3_427,TX,2.543882978723404,0.6677179358989629
FOODS_3_427,WI,2.6532593619972262,0.5146237481857929
FOODS_3_428,CA,1.5527597402597402,0.5770520026510385
FOODS_3_428,TX,2.240046838407494,0.7417079809532219
FOODS_3_428,WI,1.7080357142857143,0.4840538021444635
FOODS_3_429,CA,2.4973890339425586,0.4751660122436986
FOODS_3_429,TX,2.6133879781420766,0.5155496428001609
FOODS_3_429,WI,2.3734491315136474,0.6097419257445506
FOODS_3_430,CA,2.9117199391171993,0.6070062129084001
FOODS_3_430,TX,3.7145631067961165,0.42750577917649735
FOODS_3_430,WI,3.367957746478873,0.4736351165980795
FOODS_3_431,CA,1.2270686337395766,0.3392770522194639
FOODS_3_431,TX,1.4569687738004569,0.43714765710691894
FOODS_3_431,WI,1.2838926174496643,0.41249979777636653
FOODS_3_432,CA,1.2462540716612378,0.9111366246004358
FOODS_3_432,TX,1.2349903163331182,0.8518482769434537
FOODS_3_432,WI,1.274483677548301,0.9714647825688244
FOODS_3_433,CA,1.2536041939711664,0.506018959780281
FOODS_3_433,TX,1.4004392386530016,0.45430483023209073
FOODS_3_433,WI,1.296070460704607,0.44964452904257735
FOODS_3_434,CA,1.1332938388625593,0.3434305418729096
FOODS_3_434,TX,1.3211325966850829,0.3589098380911993
FOODS_3_434,WI,1.2115262824572515,0.4464509622538625
FOODS_3_435,CA,1.360597439544808,0.36069505295029364
FOODS_3_435,TX,1.402492668621701,0.6895870709982814
FOODS_3_435,WI,1.386231884057971,0.4710785997361263
FOODS_3_436,CA,4.158695652173913,0.5635259837869451
FOODS_3_436,TX,6.313531353135313,0.8987874598404721
FOODS_3_436,WI,5.868098159509202,0.4386266408915758
FOODS_3_437,CA,2.1446188340807173,0.4490901076630085
FOODS_3_437,TX,2.106828193832599,0.44270052411444594
FOODS_3_437,WI,2.0998902305159164,0.41178768185083536
FOODS_3_438,CA,1.2389896373056994,0.40613626468357406
FOODS_3_438,TX,1.2899527983816588,0.41479942123638247
FOODS_3_438,WI,1.340574632095305,0.46390231777984375
FOODS_3_439,CA,2.020063357972545,0.1729516276638422
FOODS_3_439,TX,2.0658747300215983,0.3074354253706589
FOODS_3_439,WI,2.0975877192982457,0.31958117696710503
FOODS_3_440,CA,2.6205479452054794,0.4340210968487067
FOODS_3_440,TX,4.105150214592275,0.38772889832183444
FOODS_3_440,WI,4.6658536585365855,0.3820599910820168
FOODS_3_441,CA,2.764450867052023,0.3640982444029216
FOODS_3_441,TX,3.1156351791530943,0.23508456806744352
FOODS_3_441,WI,2.5851351351351353,0.3001239885250974
FOODS_3_442,CA,2.35012285012285,0.7025111675879943
FOODS_3_442,TX,3.1207177814029365,0.5455723034407667
FOODS_3_442,WI,2.1518560179977504,0.4614840908263704
FOODS_3_443,CA,3.6026365348399247,0.47281134622954724
FOODS_3_443,TX,5.007853403141361,0.40749195335383237
FOODS_3_443,WI,3.7145631067961165,0.4316369118592098
FOODS_3_444,CA,2.4876462938881665,0.34935604285984495
FOODS_3_444,TX,2.868065967016492,0.1438156476996818
FOODS_3_444,WI,2.9295558958652372,0.30081214962885083
FOODS_3_445,CA,1.9721649484536083,0.7104861717149349
FOODS_3_445,TX,2.3216019417475726,0.7184222886454337
FOODS_3_445,WI,2.3588162762022193,0.6088466247110121
FOODS_3_446,CA,1.120023419203747,0.49695248198895814
FOODS_3_446,TX,1.1468824940047961,0.3938100186069854
FOODS_3_446,WI,1.1353115727002967,0.29298678640279646
FOODS_3_447,CA,2.0975877192982457,0.45848404514269553
FOODS_3_447,TX,2.6532593619972262,0.5449591660361657
FOODS_3_447,WI,2.056989247311828,0.466482546572997
FOODS_3_448,CA,1.1233118027011157,0.4995213226321681
FOODS_3_448,TX,1.239792611795204,0.7028801398499687
FOODS_3_448,WI,1.8865877712031558,0.7853211722118453
FOODS_3_449,CA,1.0153927813163481,0.20503387610957916
FOODS_3_449,TX,1.0368563685636856,0.27276163604563836
FOODS_3_449,WI,1.0329373650107991,0.2992637400609295
FOODS_3_450,CA,1.0132415254237288,0.25581925046394444
FOODS_3_450,TX,1.1154518950437318,0.40167791775192835
FOODS_3_450,WI,1.3782420749279538,0.3731574647555086
FOODS_3_451,CA,1.136660724896019,0.587380208876643
FOODS_3_451,TX,3.4593128390596743,0.5132919070058246
FOODS_3_451,WI,4.688725490196078,0.5555070414209045
FOODS_3_452,CA,1.3358938547486034,0.379099511221492
FOODS_3_452,TX,1.5086750788643533,0.3797799090393872
FOODS_3_452,WI,1.3066939890710383,0.37533185200279
FOODS_3_453,CA,1.8997020854021847,0.44732702722211864
FOODS_3_453,TX,2.446291560102302,0.4293619935820953
FOODS_3_453,WI,2.3823163138231633,0.31964191600394093
FOODS_3_454,CA,1.2987101154107263,0.9897153343462864
FOODS_3_454,TX,1.296070460704607,0.7869496618016548
FOODS_3_454,WI,1.2830315224681421,0.7059848824465814
FOODS_3_455,CA,1.417037037037037,0.4072871954362873
FOODS_3_455,TX,1.4492424242424242,0.3045820611440746
FOODS_3_455,WI,1.3872371283538796,0.52461300945616
FOODS_3_456,CA,1.5027494108405341,0.3634792458037193
FOODS_3_456,TX,2.0998902305159164,0.37934642733295737
FOODS_3_456,WI,2.164027149321267,0.3760073956462098
FOODS_3_457,CA,2.0547798066595058,0.4777336895530635
FOODS_3_457,TX,3.0904684975767367,0.5808309942244296
FOODS_3_457,WI,2.446291560102302,0.453943808896908
FOODS_3_458,CA,1.002095337873232,0.09379947718420456
FOODS_3_458,TX,1.002095337873232,0.16489068442455107
FOODS_3_458,WI,1.0026205450733752,0.10599714947748798
FOODS_3_459,CA,1.2795986622073579,0.31443402992621655
FOODS_3_459,TX,1.2925675675675676,0.5559228749801987
FOODS_3_459,WI,1.4138950480413894,0.4144129073749893
FOODS_3_460,CA,1.080180688876341,0.2647507217962674
FOODS_3_460,TX,1.169315403422983,0.4672764535468105
FOODS_3_460,WI,1.0783540022547915,0.32645115826001325
FOODS_3_461,CA,1.1128563118091914,0.5122641177653727
FOODS_3_461,TX,1.1154518950437318,0.6011701422716202
FOODS_3_461,WI,1.2146031746031747,0.7632343908863148
FOODS_3_462,CA,1.0385450597176982,0.42165906034665107
FOODS_3_462,TX,1.047645125958379,0.4074666723066573
FOODS_3_462,WI,1.047645125958379,0.3511169687412827
FOODS_3_463,CA,1.5552845528455284,0.789793250968113
FOODS_3_463,TX,1.6649260226283724,0.9113240411928825
FOODS_3_463,WI,1.6280851063829787,0.8327626504119031
FOODS_3_464,CA,1.2890835579514826,0.6305788477495239
FOODS_3_464,TX,1.438345864661654,0.44693927817686313
FOODS_3_464,WI,1.2389896373056994,0.7090003665294585
FOODS_3_465,CA,1.9580348004094166,0.7331345160665967
FOODS_3_465,TX,2.6943661971830988,0.7504231281998544
FOODS_3_465,WI,2.0681081081081083,0.6214479756600848
FOODS_3_466,CA,8.175213675213675,0.4114210090378595
FOODS_3_466,TX,9.810256410256411,0.4230702811621834
FOODS_3_466,WI,9.331707317073171,0.4203998600035135
FOODS_3_467,CA,1.0844671201814058,0.3534323728915611
FOODS_3_467,TX,1.3075871496924127,0.3970379048751446
FOODS_3_467,WI,1.1013241220495107,0.34042669192088093
FOODS_3_468,CA,1.1141525917297612,0.5580704065214851
FOODS_3_468,TX,1.1468824940047961,0.37762909783463894
FOODS_3_468,WI,1.1332938388625593,0.33472699665715316
FOODS_3_469,CA,1.0307112068965518,0.1745670235672777
FOODS_3_469,TX,1.0413718018508438,0.35189233036415263
FOODS_3_469,WI,1.0219017094017093,0.22079970782340497
FOODS_3_470,CA,1.8483091787439614,0.5566205645440317
FOODS_3_470,TX,2.1184939091915838,0.824718291705825
FOODS_3_470,WI,1.9034825870646765,0.4950321949970108
FOODS_3_471,CA,3.7583497053045187,0.399035180009817
FOODS_3_471,TX,3.5623836126629422,0.41477140283907316
FOODS_3_471,WI,3.5623836126629422,0.3968303975982865
FOODS_3_472,CA,7.744939271255061,0.5893281200016838
FOODS_3_472,TX,13.471830985915492,0.22554745659978553
FOODS_3_472,WI,9.423645320197044,0.3459927318842028
FOODS_3_473,CA,1.0031463030938648,0.1343726982516551
FOODS_3_473,TX,1.004199475065617,0.1313237795364618
FOODS_3_473,WI,1.004199475065617,0.19941693559504584
FOODS_3_474,CA,1.3557760453579022,0.3893470328764073
FOODS_3_474,TX,1.371326164874552,0.5012431053185529
FOODS_3_474,WI,1.4437735849056603,0.5390113100724498
FOODS_3_475,CA,1.0499451152579582,0.5098281904761577
FOODS_3_475,TX,1.0408052230685527,0.5467571963234039
FOODS_3_475,WI,1.0262875536480687,0.3757372881265755
FOODS_3_476,CA,1.0627777777777778,0.2929758075159551
FOODS_3_476,TX,1.0807909604519774,0.45775384278092096
FOODS_3_476,WI,1.099425287356322,0.4747006712131009
FOODS_3_477,CA,1.0026205450733752,0.09639732789859574
FOODS_3_477,TX,1.004199475065617,0.13446047168619865
FOODS_3_477,WI,1.0408052230685527,0.30853186738934163
FOODS_3_478,CA,1.9844398340248963,0.532182446421134
FOODS_3_478,TX,2.3216019417475726,0.5181552487188418
FOODS_3_478,WI,2.313180169286578,0.488806561782232
FOODS_3_479,CA,1.096275071633238,0.5956369079876164
FOODS_3_479,TX,1.2544262295081967,0.5073159829789885
FOODS_3_479,WI,1.1779556650246306,0.4950726446203837
FOODS_3_480,CA,1.0240899357601714,0.44989923535204823
FOODS_3_480,TX,1.175061425061425,0.43405969761380886
FOODS_3_480,WI,1.271941489361702,0.4595987089182516
FOODS_3_481,CA,1.0362946912242688,0.28298462916545025
FOODS_3_481,TX,1.587551867219917,0.38512541311012266
FOODS_3_481,WI,1.2031446540880504,0.35743128508575905
FOODS_3_482,CA,2.557486631016043,0.3304357214891908
FOODS_3_482,TX,3.136065573770492,0.39283188450996487
FOODS_3_482,WI,3.141215106732348,0.38048764816337405
FOODS_3_483,CA,2.2270081490104774,0.5133955285964357
FOODS_3_483,TX,2.679271708683473,0.5436872492450059
FOODS_3_483,WI,2.39125,0.41955692113262694
FOODS_3_484,CA,1.2585526315789475,0.36389298069541565
FOODS_3_484,TX,1.5365461847389559,0.3828183458387326
FOODS_3_484,WI,1.9421319796954315,0.333166364964431
FOODS_3_485,CA,1.1593939393939394,0.23677628178016472
FOODS_3_485,TX,1.3615658362989325,0.40037725892236387
FOODS_3_485,WI,1.0318230852211434,0.37022941145930477
FOODS_3_486,CA,1.4265473527218493,0.44539700946093275
FOODS_3_486,TX,1.8358925143953935,0.4068831790954723
FOODS_3_486,WI,2.1518560179977504,0.5484654868337275
FOODS_3_487,CA,2.8637724550898205,0.3683193097301765
FOODS_3_487,TX,3.0125984251968503,0.19400850698641717
FOODS_3_487,WI,1.0175531914893616,0.41659735526666075
FOODS_3_488,CA,1.2527832351015062,0.30143749412419335
FOODS_3_488,TX,1.3084815321477428,0.4385177690920556
FOODS_3_488,WI,1.3111720356408498,0.37176591876581616
FOODS_3_489,CA,2.4941329856584096,0.28938874127659414
FOODS_3_489,TX,2.5304232804232805,0.3950181047318378
FOODS_3_489,WI,2.477979274611399,0.25633365766916505
FOODS_3_490,CA,1.1757836508912107,0.38729010419375476
FOODS_3_490,TX,1.764760147601476,0.35616642597530945
FOODS_3_490,WI,1.439428141459744,0.3800309162498331
FOODS_3_491,CA,1.2153748411689962,0.3045900739472048
FOODS_3_491,TX,1.3138736263736264,0.24332568025925785
FOODS_3_491,WI,1.3084815321477428,0.21870693013196602
FOODS_3_492,CA,1.2341935483870967,0.42395442769704605
FOODS_3_492,TX,1.3452883263009845,0.5322186486126725
FOODS_3_492,WI,1.1226525821596245,0.33580279382434747
FOODS_3_493,CA,1.2470664928292048,0.3132189516196144
FOODS_3_493,TX,1.6824978012313105,0.4566893495764386
FOODS_3_493,WI,1.2899527983816588,0.3471570518157426
FOODS_3_494,CA,1.0789622109419064,0.3845371332614341
FOODS_3_494,TX,1.8500967117988394,0.4963640526431402
FOODS_3_494,WI,1.453647416413374,0.4294126564938607
FOODS_3_495,CA,1.156590084643289,0.5672302287916001
FOODS_3_495,TX,1.0084343700579863,0.27515324854241086
FOODS_3_495,WI,1.0627777777777778,0.3610325315285846
FOODS_3_496,CA,1.5744855967078188,0.4467695950446609
FOODS_3_496,TX,1.721872187218722,0.5434713517490504
FOODS_3_496,WI,1.6505608283002589,0.5176953656853077
FOODS_3_497,CA,1.4086892488954346,0.3577935730331039
FOODS_3_497,TX,1.537781350482315,0.49202824451628785
FOODS_3_497,WI,1.6239388794567062,0.44986552721808915
FOODS_3_498,CA,1.0063124671225672,0.5081777137446926
FOODS_3_498,TX,1.0482191780821917,0.8574267487830168
FOODS_3_498,WI,1.0329373650107991,0.62392292281684
FOODS_3_499,CA,1.8132701421800947,0.15118417028177283
FOODS_3_499,TX,1.8271251193887297,0.1403306357211114
FOODS_3_499,WI,1.8288718929254302,0.3253274255726346
FOODS_3_500,CA,6.551369863013699,0.4082675000490673
FOODS_3_500,TX,9.066350710900474,0.5584979004073874
FOODS_3_500,WI,7.111524163568773,0.538830743611078
FOODS_3_501,CA,1.120023419203747,0.18149628041265675
FOODS_3_501,TX,1.1219941348973608,0.3694549617394149
FOODS_3_501,WI,1.1206795547744581,0.4059111461764575
FOODS_3_502,CA,1.9015904572564613,0.28783810176529895
FOODS_3_502,TX,1.9187562688064193,0.30156773760725153
FOODS_3_502,WI,2.421518987341772,0.41942691641076246
FOODS_3_503,CA,1.02518756698821,0.2516892307584402
FOODS_3_503,TX,1.0175531914893616,0.28099838961146767
FOODS_3_503,WI,1.0164718384697131,0.2353982744543762
FOODS_3_504,CA,1.402492668621701,0.38726480658105805
FOODS_3_504,TX,1.5414987912973408,0.5759779536340063
FOODS_3_504,WI,1.402492668621701,0.31694941732901083
FOODS_3_505,CA,1.3084815321477428,0.23607069130402142
FOODS_3_505,TX,1.3932993445010926,0.35938085164783773
FOODS_3_505,WI,1.3892519970951343,0.3309432086571541
FOODS_3_506,CA,1.3742816091954022,0.37666900047732116
FOODS_3_506,TX,1.5230891719745223,0.4626971512307283
FOODS_3_506,WI,1.6364414029084688,0.347142279121396
FOODS_3_507,CA,4.010482180293501,0.4280138288046834
FOODS_3_507,TX,8.775229357798166,0.1918315155540756
FOODS_3_507,WI,2.7173295454545454,0.3924891282662819
FOODS_3_508,CA,1.0487938596491229,0.5292669864520819
FOODS_3_508,TX,1.1025936599423631,0.6732652590212986
FOODS_3_508,WI,1.0329373650107991,0.39144509228408847
FOODS_3_509,CA,1.5170499603489294,0.3786559394610026
FOODS_3_509,TX,1.7878504672897195,0.5331114033109139
FOODS_3_509,WI,1.5390185036202735,0.4409766598341526
FOODS_3_510,CA,6.170967741935484,0.5826255645563735
FOODS_3_510,TX,7.357692307692307,0.36589105950976736
FOODS_3_510,WI,3.7145631067961165,0.9452118816124739
FOODS_3_511,CA,2.2064590542099194,0.21661553151837437
FOODS_3_511,TX,2.557486631016043,0.21105579770640165
FOODS_3_511,WI,2.956723338485317,0.27107228784274445
FOODS_3_512,CA,5.373595505617978,0.3504725522511908
FOODS_3_512,TX,8.775229357798166,0.16849306191225538
FOODS_3_512,WI,3.080515297906602,0.3302380379624829
FOODS_3_513,CA,1.0357336220898754,0.3456827263648615
FOODS_3_513,TX,1.1089855072463768,0.48676815124677464
FOODS_3_513,WI,1.1830550401978974,0.40402304868437366
FOODS_3_514,CA,1.9500509683995924,0.6057717152532621
FOODS_3_514,TX,2.979750778816199,0.5830513533311885
FOODS_3_514,WI,2.9385560675883258,0.8502905524871801
FOODS_3_515,CA,1.9742002063983488,0.3271013417492215
FOODS_3_515,TX,2.1938073394495414,0.42031448795412907
FOODS_3_515,WI,2.0394456289978677,0.386039312374969
FOODS_3_516,CA,1.209228824273072,0.2233018625137971
FOODS_3_516,TX,1.1700305810397553,0.21526955082116572
FOODS_3_516,WI,1.2115262824572515,0.2348066573260213
FOODS_3_517,CA,4.654501216545012,0.4318163148943129
FOODS_3_517,TX,7.937759336099585,0.2549519349139483
FOODS_3_517,WI,8.00418410041841,0.3162943210686414
FOODS_3_518,CA,2.2612293144208038,0.37187008551330886
FOODS_3_518,TX,4.027368421052632,0.3350632520938773
FOODS_3_518,WI,2.240046838407494,0.37983145097685805
FOODS_3_519,CA,1.8736532810969637,0.5371289378829108
FOODS_3_519,TX,3.303972366148532,0.911035699968679
FOODS_3_519,WI,1.7861811391223157,0.45199538792052235
FOODS_3_520,CA,1.1070601851851851,0.37572558350810586
FOODS_3_520,TX,1.062187673514714,0.5465779037291169
FOODS_3_520,WI,1.3321727019498608,0.4422979712963737
FOODS_3_521,CA,2.889728096676737,0.5039402503121054
FOODS_3_521,TX,8.245689655172415,0.5147993114935265
FOODS_3_521,WI,5.2845303867403315,0.35760475718930285
FOODS_3_522,CA,2.1470258136924802,0.8880864441747612
FOODS_3_522,TX,3.7001934235976788,0.4433565730000036
FOODS_3_522,WI,2.527080581241744,0.9554501390505299
FOODS_3_523,CA,2.0010460251046025,0.36393628159877534
FOODS_3_523,TX,1.9885654885654886,0.2992661417538001
FOODS_3_523,WI,2.0351063829787233,0.3610392741348479
FOODS_3_524,CA,1.1148018648018647,0.3742164051331268
FOODS_3_524,TX,1.1448234590065829,0.7326647605515687
FOODS_3_524,WI,1.1339656194427978,0.5964051172154161
FOODS_3_525,CA,2.302045728038508,0.4955636908913099
FOODS_3_525,TX,2.4062893081761008,0.40182362134870603
FOODS_3_525,WI,2.355911330049261,0.5009909097732341
FOODS_3_526,CA,1.0170122275385434,0.2866010535802511
FOODS_3_526,TX,1.026838432635534,0.3534910984032119
FOODS_3_526,WI,1.026838432635534,0.37729081695855315
FOODS_3_527,CA,2.9206106870229007,0.36987819017081003
FOODS_3_527,TX,4.1951754385964914,0.4019677286547563
FOODS_3_527,WI,4.298876404494382,0.3439541251669669
FOODS_3_528,CA,1.4138950480413894,0.37418014768889996
FOODS_3_528,TX,1.4481453444360333,0.358909319787732
FOODS_3_528,WI,1.4118081180811808,0.40706605817401836
FOODS_3_529,CA,3.2589437819420786,0.43045889904085605
FOODS_3_529,TX,4.0702127659574465,0.374312291825851
FOODS_3_529,WI,4.357630979498861,0.31917835408904965
FOODS_3_530,CA,1.1531042796865583,0.28403083982064
FOODS_3_530,TX,1.6989342806394316,0.4352371054843932
FOODS_3_530,WI,1.9168336673346693,0.20436309971540081
FOODS_3_531,CA,1.894059405940594,0.5795357485499629
FOODS_3_531,TX,2.6386206896551725,0.517536592715096
FOODS_3_531,WI,2.240046838407494,0.4681288663866342
FOODS_3_532,CA,2.020063357972545,0.24759442128839057
FOODS_3_532,TX,2.1470258136924802,0.3715234746626149
FOODS_3_532,WI,2.0658747300215983,0.23896514239392055
FOODS_3_533,CA,1.0610094287298946,0.2939341809733347
FOODS_3_533,TX,1.0912721049629206,0.319565343561559
FOODS_3_533,WI,1.0894077448747153,0.3218554712347793
FOODS_3_534,CA,1.0047268907563025,0.2779139536500831
FOODS_3_534,TX,1.1434548714883443,0.7698913002485525
FOODS_3_534,WI,1.1025936599423631,0.3900807368282481
FOODS_3_535,CA,1.0368563685636856,0.24243256156525617
FOODS_3_535,TX,1.2176957352005093,0.4095482610640027
FOODS_3_535,WI,1.096275071633238,0.35284358667298055
FOODS_3_536,CA,1.0863145939806929,0.39858075860420134
FOODS_3_536,TX,1.8483091787439614,0.48493750759261667
FOODS_3_536,WI,1.9580348004094166,0.38039260163864946
FOODS_3_537,CA,1.2278562259306804,0.41291742178171564
FOODS_3_537,TX,1.2602108036890645,0.43242172122736044
FOODS_3_537,WI,1.3433988764044944,0.42105201539648945
FOODS_3_538,CA,1.5744855967078188,0.7288841116793113
FOODS_3_538,TX,1.630861040068201,0.6042584226296173
FOODS_3_538,WI,2.224418604651163,0.5614460372499623
FOODS_3_539,CA,1.4795050270688321,0.47978186922442356
FOODS_3_539,TX,2.0158061116965227,0.46840535501331954
FOODS_3_539,WI,2.086150490730643,0.4445625567721165
FOODS_3_540,CA,1.7187780772686434,0.41231483282893727
FOODS_3_540,TX,1.9500509683995924,0.2898428165984078
FOODS_3_540,WI,1.5027494108405341,0.3003192622562383
FOODS_3_541,CA,1.1272834413671184,0.3475650744860769
FOODS_3_541,TX,1.1503307276007215,0.7599724277075356
FOODS_3_541,WI,1.1213364595545134,0.8758516354168003
FOODS_3_542,CA,1.1272834413671184,0.43209410902012063
FOODS_3_542,TX,2.446291560102302,0.36613847445541414
FOODS_3_542,WI,1.1629179331306991,0.6130310661818995
FOODS_3_543,CA,1.472671285604311,0.38507167852829094
FOODS_3_543,TX,1.911088911088911,0.4600264051356366
FOODS_3_543,WI,1.4647779479326186,0.5769403768258177
FOODS_3_544,CA,1.8184410646387832,0.4071358307201875
FOODS_3_544,TX,2.2773809523809523,0.38494413731752375
FOODS_3_544,WI,1.8681640625,0.46809228995150826
FOODS_3_545,CA,2.1446188340807173,0.43031765954688866
FOODS_3_545,TX,2.2773809523809523,0.4023774428560344
FOODS_3_545,WI,2.1302895322939865,0.38052370412365333
FOODS_3_546,CA,1.0627777777777778,0.30160198918216125
FOODS_3_546,TX,1.076533483398987,0.36689943426256394
FOODS_3_546,WI,1.1115630447414293,0.42824073199092805
FOODS_3_547,CA,1.0132415254237288,0.6611573524672157
FOODS_3_547,TX,1.0408052230685527,0.7868656100014216
FOODS_3_547,WI,1.0159320233669675,0.6221834992717452
FOODS_3_548,CA,2.135044642857143,0.30289489752105614
FOODS_3_548,TX,3.609433962264151,0.2972840715375433
FOODS_3_548,WI,2.3414932680538554,0.2929657746688656
FOODS_3_549,CA,4.459207459207459,0.7587848989025285
FOODS_3_549,TX,3.4160714285714286,0.5006807623647626
FOODS_3_549,WI,4.770573566084788,0.4435915159130498
FOODS_3_550,CA,1.8447444551591128,0.47025109155454253
FOODS_3_550,TX,3.07556270096463,0.3611647240217468
FOODS_3_550,WI,2.063646170442287,0.5414477459429202
FOODS_3_551,CA,1.103866128101558,0.3155492843121199
FOODS_3_551,TX,1.1193680514921007,0.3667397111333515
FOODS_3_551,WI,1.6392459297343616,0.4269954581818439
FOODS_3_552,CA,2.6830294530154277,0.41041183894536487
FOODS_3_552,TX,2.7134751773049643,0.4673608519575118
FOODS_3_552,WI,2.443167305236271,0.26098025185273965
FOODS_3_553,CA,2.1446188340807173,0.3386883459741592
FOODS_3_553,TX,2.817378497790869,0.3479472658933964
FOODS_3_553,WI,2.412358133669609,0.36708775085429335
FOODS_3_554,CA,1.540257648953301,0.4090380189815735
FOODS_3_554,TX,2.412358133669609,0.4991982001536626
FOODS_3_554,WI,2.135044642857143,0.39362481909291147
FOODS_3_555,CA,1.0015706806282723,0.07627067455406236
FOODS_3_555,TX,1.0015706806282723,0.13652560147305637
FOODS_3_555,WI,1.0026205450733752,0.1675833761157732
FOODS_3_556,CA,2.0115667718191377,0.7293727692542809
FOODS_3_556,TX,2.85096870342772,0.7359359757786297
FOODS_3_556,WI,2.4588688946015425,0.3736566981952908
FOODS_3_557,CA,3.8183632734530937,0.3813575899020981
FOODS_3_557,TX,4.279642058165548,0.4042673573008198
FOODS_3_557,WI,4.260579064587973,0.3024111359207409
FOODS_3_558,CA,1.4361861861861862,0.4108881772889491
FOODS_3_558,TX,1.7156950672645739,0.4187741291317768
FOODS_3_558,WI,1.499216300940439,0.3977220777746479
FOODS_3_559,CA,1.0464989059080962,0.34731688902358915
FOODS_3_559,TX,1.1593939393939394,0.39042498112950524
FOODS_3_559,WI,1.0402392604676454,0.329249161775094
FOODS_3_560,CA,1.4149408284023668,0.5185306303873313
FOODS_3_560,TX,2.123196448390677,0.5068639974851394
FOODS_3_560,WI,1.782851817334576,0.5049580035132918
FOODS_3_561,CA,1.9187562688064193,0.16697227119458755
FOODS_3_561,TX,1.9401622718052738,0.24271923647524798
FOODS_3_561,WI,1.9187562688064193,0.259323491025338
FOODS_3_562,CA,1.0164718384697131,0.27157604290519916
FOODS_3_562,TX,1.0159320233669675,0.2629211935512547
FOODS_3_562,WI,1.2084649399873657,0.33265079346782794
FOODS_3_563,CA,7.561264822134388,0.3778773715069284
FOODS_3_563,TX,8.502222222222223,0.3546977449295834
FOODS_3_563,WI,9.66161616161616,0.6915935954639705
FOODS_3_564,CA,2.0351063829787233,0.6519644075706372
FOODS_3_564,TX,2.4588688946015425,0.6910527857904162
FOODS_3_564,WI,2.2374269005847953,0.5434236201915309
FOODS_3_565,CA,1.0180947312400213,0.30954037071841756
FOODS_3_565,TX,1.0875497441728255,0.3448314952005421
FOODS_3_565,WI,1.1141525917297612,0.3513983475520717
FOODS_3_566,CA,1.8447444551591128,0.4409871533016609
FOODS_3_566,TX,2.947611710323575,1.1174348825595395
FOODS_3_566,WI,1.570607553366174,0.39737080627599247
FOODS_3_567,CA,2.1302895322939865,0.599965047306833
FOODS_3_567,TX,3.070626003210273,0.5505174940725585
FOODS_3_567,WI,2.255896226415094,0.4485315329663317
FOODS_3_568,CA,1.830622009569378,0.45439116523909956
FOODS_3_568,TX,3.281303602058319,0.6947917405452103
FOODS_3_568,WI,1.5590872045639772,0.3791891277074738
FOODS_3_569,CA,1.2365869424692955,0.40082643154170566
FOODS_3_569,TX,1.4107669616519174,0.561468782633405
FOODS_3_569,WI,1.4351087771942985,0.5548832562202213
FOODS_3_570,CA,1.192643391521197,0.12586005964969943
FOODS_3_570,TX,1.1801357186921653,0.1263614019323498
FOODS_3_570,WI,1.4875583203732503,0.28069811526557564
FOODS_3_571,CA,1.3396358543417366,0.7775485057208659
FOODS_3_571,TX,1.7928772258669166,0.7227780957037284
FOODS_3_571,WI,1.6129848229342327,0.4730115102385589
FOODS_3_572,CA,1.2239283429302623,0.12817058628287675
FOODS_3_572,TX,1.2239283429302623,0.17378493788778077
FOODS_3_572,WI,1.603520536462699,0.3779335697955236
FOODS_3_573,CA,1.830622009569378,0.4510149932480554
FOODS_3_573,TX,2.9521604938271606,0.9965250307055697
FOODS_3_573,WI,1.570607553366174,0.3935939627661958
FOODS_3_574,CA,1.0633685380767093,0.36227174201322954
FOODS_3_574,TX,1.0753232152894885,0.39440904497498924
FOODS_3_574,WI,1.0887877063175868,0.46024397314752435
FOODS_3_575,CA,4.7825,0.4096568999358059
FOODS_3_575,TX,5.978125,0.4749461685475607
FOODS_3_575,WI,6.596551724137931,0.37492129285226616
FOODS_3_576,CA,3.1463815789473686,0.4902246779565182
FOODS_3_576,TX,3.409982174688057,0.3655399521438273
FOODS_3_576,WI,3.3269565217391306,0.4382891457199263
FOODS_3_577,CA,1.0493691716950082,0.29263652398543494
FOODS_3_577,TX,1.175061425061425,0.42812872684001946
FOODS_3_577,WI,1.0669269380925823,0.3091484563630315
FOODS_3_578,CA,1.1400476758045293,0.5478531795115735
FOODS_3_578,TX,1.1503307276007215,0.519976110080356
FOODS_3_578,WI,1.8047169811320756,0.4416181226255654
FOODS_3_579,CA,1.7895229186155286,0.7729214565131247
FOODS_3_579,TX,1.913,0.9479504611998334
FOODS_3_579,WI,2.245305164319249,1.1921478169984834
FOODS_3_580,CA,1.0307112068965518,0.8404361523096101
FOODS_3_580,TX,1.0402392604676454,0.8397300106066232
FOODS_3_580,WI,1.0436442989634478,0.7888015559851538
FOODS_3_581,CA,1.0545755237045205,0.4123156729453716
FOODS_3_581,TX,1.3462350457424348,0.5652208192789715
FOODS_3_581,WI,1.6591500433651345,0.40366439741891535
FOODS_3_582,CA,1.2677269715043076,0.5632551319739075
FOODS_3_582,TX,1.3481324876673715,0.5409687125264245
FOODS_3_582,WI,1.499216300940439,0.6939760100637606
FOODS_3_583,CA,2.6386206896551725,0.44599697897667245
FOODS_3_583,TX,2.984399375975039,0.6888386577100436
FOODS_3_583,WI,2.868065967016492,0.6489367127079053
FOODS_3_584,CA,1.0464989059080962,0.45703109062129
FOODS_3_584,TX,1.109628770301624,0.5171256181109539
FOODS_3_584,WI,1.0329373650107991,0.4511359807138613
FOODS_3_585,CA,1.2446324007807417,0.30807007020868943
FOODS_3_585,TX,1.2694094226940942,0.47319533827085264
FOODS_3_585,WI,1.4591914569031275,0.3906755673156393
FOODS_3_586,CA,1.0005230125523012,0.06073347041137077
FOODS_3_586,TX,1.0026205450733752,0.07248107610735977
FOODS_3_586,WI,1.0026205450733752,0.11392897605613012
FOODS_3_587,CA,1.0610094287298946,0.3826598892530883
FOODS_3_587,TX,1.120023419203747,0.1343337345619614
FOODS_3_587,WI,1.2610415293342123,0.1684888268231447
FOODS_3_588,CA,2.020063357972545,0.3009340134092681
FOODS_3_588,TX,2.1184939091915838,0.3458037558563266
FOODS_3_588,WI,2.4276649746192893,0.4013915342111084
FOODS_3_589,CA,1.9421319796954315,0.6782638296316785
FOODS_3_589,TX,1.9968684759916493,0.5228159306257065
FOODS_3_589,WI,1.7878504672897195,0.34830148423633017
FOODS_3_590,CA,1.7126230975828112,0.5423774126346553
FOODS_3_590,TX,1.9480651731160896,0.31555181890039424
FOODS_3_590,WI,1.9500509683995924,0.3900194477646531
FOODS_3_591,CA,1.0442139737991267,0.3759327486481051
FOODS_3_591,TX,1.2046599496221662,0.4915869452905393
FOODS_3_591,WI,1.5968280467445743,0.37382556403993566
FOODS_3_592,CA,1.1643335362142422,0.29671120259422107
FOODS_3_592,TX,1.3932993445010926,0.4367458449018893
FOODS_3_592,WI,1.2830315224681421,0.3196907372558519
FOODS_3_593,CA,1.488715953307393,0.4776822600893579
FOODS_3_593,TX,1.9284274193548387,0.3797244161577232
FOODS_3_593,WI,2.2800953516090585,0.37603758807318594
FOODS_3_594,CA,1.1233118027011157,0.3989638723657716
FOODS_3_594,TX,1.197871008140263,0.8458134981723634
FOODS_3_594,WI,1.1919003115264797,0.5803239370653617
FOODS_3_595,CA,2.6943661971830988,0.6284823632424794
FOODS_3_595,TX,2.4908854166666665,0.40971599822153787
FOODS_3_595,WI,2.578167115902965,0.4097595444933465
FOODS_3_596,CA,1.0235420010700909,0.26071793818893263
FOODS_3_596,TX,1.0379815518176885,0.30757757771806093
FOODS_3_596,WI,1.0340540540540542,0.37774748176357775
FOODS_3_597,CA,2.1689342403628116,0.4244933472310646
FOODS_3_597,TX,4.241685144124168,0.3242635946399593
FOODS_3_597,WI,2.6133879781420766,0.4190631810729279
FOODS_3_598,CA,1.3102739726027397,0.2658391839635361
FOODS_3_598,TX,1.359630419331912,0.3867324859041072
FOODS_3_598,WI,1.3577004968062456,0.3564035784175523
FOODS_3_599,CA,3.07556270096463,0.2650105829542226
FOODS_3_599,TX,3.391843971631206,0.38963751833831983
FOODS_3_599,WI,3.1672185430463577,0.34027525506017425
FOODS_3_600,CA,2.7096317280453257,0.44244977746369085
FOODS_3_600,TX,2.8132352941176473,0.3853706431026019
FOODS_3_600,WI,2.5237467018469655,0.3810845152172252
FOODS_3_601,CA,6.462837837837838,0.28368188429473673
FOODS_3_601,TX,10.453551912568306,0.16352853943460163
FOODS_3_601,WI,3.6299810246679316,0.3015742806783613
FOODS_3_602,CA,8.071729957805907,0.6793165041655582
FOODS_3_602,TX,6.931159420289855,0.3986668450909091
FOODS_3_602,WI,6.506802721088436,0.6508267743957653
FOODS_3_603,CA,3.664750957854406,0.4117707484891283
FOODS_3_603,TX,3.3978685612788633,0.7404944159765001
FOODS_3_603,WI,2.5677852348993286,0.4776491464641315
FOODS_3_604,CA,2.05037513397642,0.28090127394516995
FOODS_3_604,TX,2.1279199110122358,0.355114512970448
FOODS_3_604,WI,2.045989304812834,0.30094460673692025
FOODS_3_605,CA,1.894059405940594,0.4743439571413786
FOODS_3_605,TX,2.0158061116965227,0.3882305153546725
FOODS_3_605,WI,2.258559622195986,0.49151571246878856
FOODS_3_606,CA,2.0243386243386245,0.30557038111274615
FOODS_3_606,TX,2.4338422391857506,0.4154312869441378
FOODS_3_606,WI,2.2479435957696827,0.3876745724772463
FOODS_3_607,CA,1.383224873463485,0.3721210857953446
FOODS_3_607,TX,1.4405120481927711,0.3261649047964539
FOODS_3_607,WI,1.3683834048640915,0.4097972334444678
FOODS_3_608,CA,1.9803312629399585,0.48610279282692975
FOODS_3_608,TX,2.698166431593794,0.5539009606134759
FOODS_3_608,WI,2.03727369542066,0.43080216892145035
FOODS_3_609,CA,1.709562109025916,0.475303941338357
FOODS_3_609,TX,1.9015904572564613,0.4713408178631636
FOODS_3_609,WI,2.9250764525993884,0.5917679692453841
FOODS_3_610,CA,1.0121693121693123,0.3431836596337302
FOODS_3_610,TX,1.145508982035928,0.5443502676418083
FOODS_3_610,WI,1.0396739130434782,0.33060124762969356
FOODS_3_611,CA,1.2873485868102288,0.532833206305806
FOODS_3_611,TX,1.1579903147699757,0.39634210266182035
FOODS_3_611,WI,1.3752695902228613,0.8736636232724576
FOODS_3_612,CA,1.2753333333333334,0.39773505458447683
FOODS_3_612,TX,2.1422172452407615,0.38660800819643326
FOODS_3_612,WI,1.3625356125356125,0.405790126598215
FOODS_3_613,CA,4.794486215538847,0.36462155825190956
FOODS_3_613,TX,6.85663082437276,0.3957721135869673
FOODS_3_613,WI,4.83080808080808,0.49075379009830394
FOODS_3_614,CA,1.120023419203747,0.4970855151212404
FOODS_3_614,TX,1.205419029615627,0.847728837308446
FOODS_3_614,WI,1.1572897761645493,0.7027757586450182
FOODS_3_615,CA,1.0580752212389382,0.285885087059524
FOODS_3_615,TX,1.3481324876673715,0.6456433287580785
FOODS_3_615,WI,1.2247119078104993,0.3750179242471484
FOODS_3_616,CA,1.0522552255225524,0.3778632166630893
FOODS_3_616,TX,1.0505216913783635,0.3840353265163674
FOODS_3_616,WI,1.1933873986275734,0.4204369538077403
FOODS_3_617,CA,1.0063124671225672,0.33788300109599007
FOODS_3_617,TX,1.0413718018508438,0.379689788709687
FOODS_3_617,WI,1.1874612042209807,0.4718807519143163
FOODS_3_618,CA,4.113978494623656,0.3159228752486187
FOODS_3_618,TX,5.2845303867403315,0.3903261812237099
FOODS_3_618,WI,4.438515081206496,0.4419062806373999
FOODS_3_619,CA,2.2800953516090585,0.37467049469057107
FOODS_3_619,TX,5.528901734104046,0.299234561116454
FOODS_3_619,WI,5.114973262032086,0.23936141386642357
FOODS_3_620,CA,1.4921996879875195,0.4381301740121896
FOODS_3_620,TX,1.894059405940594,0.3772151961975702
FOODS_3_620,WI,2.455712451861361,0.38360280015271636
FOODS_3_621,CA,3.391843971631206,0.34365547138584485
FOODS_3_621,TX,4.002092050209205,0.48327045207500163
FOODS_3_621,WI,3.4718693284936477,0.38271423433316065
FOODS_3_622,CA,1.1468824940047961,0.40663066816258486
FOODS_3_622,TX,1.8081285444234405,0.34330550016580585
FOODS_3_622,WI,1.3772498200143988,0.4118813158942707
FOODS_3_623,CA,1.9460834181078333,0.4419403786819763
FOODS_3_623,TX,3.888211382113821,0.40699215045846004
FOODS_3_623,WI,2.255896226415094,0.437910881237587
FOODS_3_624,CA,1.7486288848263254,0.7069877150745375
FOODS_3_624,TX,1.821904761904762,0.5131433667016133
FOODS_3_624,WI,1.825381679389313,0.5236167894761202
FOODS_3_625,CA,1.2770360480640854,0.34760655283138864
FOODS_3_625,TX,3.788118811881188,0.2778568414909116
FOODS_3_625,WI,1.5110584518167456,0.39743980642213206
FOODS_3_626,CA,3.4845173041894353,0.3771149184388584
FOODS_3_626,TX,7.47265625,0.2588160987619759
FOODS_3_626,WI,6.15112540192926,0.2240532991779112
FOODS_3_627,CA,1.3331010452961674,0.41327483632079776
FOODS_3_627,TX,2.324422843256379,0.29430150310700653
FOODS_3_627,WI,1.4055841293166789,0.45021886875203865
FOODS_3_628,CA,1.082625919637804,0.32194339476716116
FOODS_3_628,TX,1.098163030998852,0.4592919567409744
FOODS_3_628,WI,1.108342989571263,0.4376678115337626
FOODS_3_629,CA,1.095647193585338,0.5055355486160855
FOODS_3_629,TX,1.4829457364341085,0.6673586918878858
FOODS_3_629,WI,1.7598896044158234,0.44398075285518596
FOODS_3_630,CA,1.7615101289134438,0.6707421074002268
FOODS_3_630,TX,2.1862857142857144,0.4005462466982948
FOODS_3_630,WI,2.4876462938881665,0.5577544109141637
FOODS_3_631,CA,1.0351731601731602,0.33213233212686166
FOODS_3_631,TX,1.2438231469440832,0.3651198915867962
FOODS_3_631,WI,1.2247119078104993,0.4097585986265694
FOODS_3_632,CA,1.0534140969162995,0.33378436115118926
FOODS_3_632,TX,1.0969036697247707,0.37253135288880784
FOODS_3_632,WI,1.1686010995723886,0.41225614258161725
FOODS_3_633,CA,4.968831168831169,0.6439482005561311
FOODS_3_633,TX,8.617117117117116,0.2954987197372245
FOODS_3_633,WI,5.343575418994414,0.740556902243472
FOODS_3_634,CA,1.1006904487917146,0.3488696869289098
FOODS_3_634,TX,1.1233118027011157,0.4970957436234243
FOODS_3_634,WI,1.103866128101558,0.4259111171382178
FOODS_3_635,CA,1.1219941348973608,0.3352636634950267
FOODS_3_635,TX,1.148948948948949,0.6393598749315014
FOODS_3_635,WI,1.1174065420560748,0.7268674073156768
FOODS_3_636,CA,2.135044642857143,0.4707161098802967
FOODS_3_636,TX,2.240046838407494,0.25385170886482195
FOODS_3_636,WI,2.513797634691196,0.41733998606109346
FOODS_3_637,CA,1.914914914914915,0.41099301081523026
FOODS_3_637,TX,3.5230202578268877,0.3577798194251852
FOODS_3_637,WI,2.2348130841121496,0.38880592803119735
FOODS_3_638,CA,1.709562109025916,0.22970449437288984
FOODS_3_638,TX,1.7795348837209302,0.40641668454114244
FOODS_3_638,WI,1.7234234234234234,0.40775559678654916
FOODS_3_639,CA,2.5337748344370863,0.4006309240807252
FOODS_3_639,TX,2.4811932555123217,0.3826769295412253
FOODS_3_639,WI,2.4307496823379924,0.24458616147937035
FOODS_3_640,CA,3.2589437819420786,0.4433900346903554
FOODS_3_640,TX,3.6368821292775664,0.47695739145169364
FOODS_3_640,WI,3.2589437819420786,0.4405133418666412
FOODS_3_641,CA,2.1446188340807173,0.42200472982028625
FOODS_3_641,TX,3.510091743119266,0.44111838357131
FOODS_3_641,WI,2.943076923076923,0.4664396950329976
FOODS_3_642,CA,1.8115530303030303,0.41280653551128604
FOODS_3_642,TX,2.39125,0.5515472083014422
FOODS_3_642,WI,1.9640657084188913,0.4249019214943282
FOODS_3_643,CA,1.8429672447013488,0.4996273868397611
FOODS_3_643,TX,2.324422843256379,0.7398468574069023
FOODS_3_643,WI,2.03727369542066,0.5000232988762562
FOODS_3_644,CA,1.1306146572104019,0.644066383042367
FOODS_3_644,TX,1.9823834196891192,0.6490054053842905
FOODS_3_644,WI,1.0651447661469933,0.42894678630004407
FOODS_3_645,CA,1.5206677265500794,0.3822762537708957
FOODS_3_645,TX,1.7945590994371483,0.4421542711673006
FOODS_3_645,WI,1.4956997654417514,0.43686500872629186
FOODS_3_646,CA,1.7004444444444444,0.5273559096826466
FOODS_3_646,TX,1.9701338825952626,0.45907976122467087
FOODS_3_646,WI,2.0010460251046025,0.43842362653808015
FOODS_3_647,CA,5.796969696969697,0.36679922542251875
FOODS_3_647,TX,5.419263456090651,0.3967677847406245
FOODS_3_647,WI,5.45014245014245,0.5709805077092459
FOODS_3_648,CA,1.1128563118091914,0.5035452215612677
FOODS_3_648,TX,1.2864828513786146,0.5259498001506056
FOODS_3_648,WI,1.142089552238806,0.4834232229798915
FOODS_3_649,CA,1.821904761904762,0.45751727948336623
FOODS_3_649,TX,2.602721088435374,0.36985954458051046
FOODS_3_649,WI,3.1567656765676566,0.31644832738376544
FOODS_3_650,CA,2.0307855626326963,0.37184076573886976
FOODS_3_650,TX,2.385286783042394,0.4269558399529906
FOODS_3_650,WI,2.592140921409214,0.46737134313507944
FOODS_3_651,CA,1.2176957352005093,0.2610536597887829
FOODS_3_651,TX,1.3519434628975264,0.4217540161402721
FOODS_3_651,WI,1.231809401159047,0.36267580000441607
FOODS_3_652,CA,1.1006904487917146,0.2707195876514848
FOODS_3_652,TX,1.1109175377468061,0.25462081062476516
FOODS_3_652,WI,1.1013241220495107,0.25749521128497305
FOODS_3_653,CA,1.6280851063829787,0.43326192022246773
FOODS_3_653,TX,1.7470319634703195,0.48104204753199264
FOODS_3_653,WI,1.5915141430948418,0.41620132052821074
FOODS_3_654,CA,1.0262875536480687,0.5433895570515779
FOODS_3_654,TX,1.0094986807387862,0.3825601371501807
FOODS_3_654,WI,1.2813127930341595,0.7528335523791989
FOODS_3_655,CA,1.1794081381011097,0.48450344380302934
FOODS_3_655,TX,1.1233118027011157,0.668362596759055
FOODS_3_655,WI,1.1971214017521903,0.3270415896918241
FOODS_3_656,CA,1.1889372280919825,0.5135134862741129
FOODS_3_656,TX,1.3625356125356125,0.5467822404245092
FOODS_3_656,WI,1.1837871287128714,0.5440326708465555
FOODS_3_657,CA,1.540257648953301,0.30477261095215846
FOODS_3_657,TX,1.2349903163331182,0.5494961446663993
FOODS_3_657,WI,1.2478799739073712,0.33425682419678676
FOODS_3_658,CA,1.8865877712031558,0.3814905021328476
FOODS_3_658,TX,2.7525179856115107,0.39922965905543967
FOODS_3_658,WI,2.0394456289978677,0.4318640386046816
FOODS_3_659,CA,1.282171581769437,0.2857235059118781
FOODS_3_659,TX,2.6830294530154277,0.3232688932430142
FOODS_3_659,WI,1.509865824782952,0.5289571590154892
FOODS_3_660,CA,1.1933873986275734,0.7051370050908481
FOODS_3_660,TX,1.1859888406695598,0.6481974198967789
FOODS_3_660,WI,1.3184011026878015,1.043424412317664
FOODS_3_661,CA,2.6277472527472527,0.12378421902443136
FOODS_3_661,TX,2.6169630642954855,0.21111139155103634
FOODS_3_661,WI,2.6459197786998616,0.2021513358921012
FOODS_3_662,CA,3.736328125,0.49623265018944995
FOODS_3_662,TX,2.8298816568047336,0.8278067005612585
FOODS_3_662,WI,4.367579908675799,0.4574312352291157
FOODS_3_663,CA,1.832375478927203,0.6095919828529061
FOODS_3_663,TX,1.9640657084188913,0.6792495708193832
FOODS_3_663,WI,1.8536821705426356,0.500753870289943
FOODS_3_664,CA,1.5901911886949294,0.6441616223465361
FOODS_3_664,TX,1.324792243767313,0.31616531080616034
FOODS_3_664,WI,1.5291766586730615,0.4285797613688253
FOODS_3_665,CA,1.9206827309236947,1.1581922643165528
FOODS_3_665,TX,1.8236415633937082,1.0187207735768085
FOODS_3_665,WI,1.8429672447013488,1.1189922610897691
FOODS_3_666,CA,1.4749421742482651,0.4086680444682409
FOODS_3_666,TX,1.5206677265500794,0.5016886949498383
FOODS_3_666,WI,1.5954962468723937,0.5207484155351471
FOODS_3_667,CA,1.282171581769437,0.3987261273880733
FOODS_3_667,TX,1.6548442906574394,0.4175877619975702
FOODS_3_667,WI,1.5122529644268774,0.4108942455151007
FOODS_3_668,CA,1.0026205450733752,0.08524683931567076
FOODS_3_668,TX,1.0047268907563025,0.16151365280209387
FOODS_3_668,WI,1.0026205450733752,0.08873070273326847
FOODS_3_669,CA,1.9401622718052738,0.7998259894488153
FOODS_3_669,TX,1.8184410646387832,1.032499785146543
FOODS_3_669,WI,1.509865824782952,0.7859014109756276
FOODS_3_670,CA,1.434032983508246,0.3535874742827395
FOODS_3_670,TX,3.141215106732348,0.23956907158419408
FOODS_3_670,WI,1.6102693602693603,0.40855562280929536
FOODS_3_671,CA,1.1400476758045293,0.34978042391448755
FOODS_3_671,TX,1.2200255102040816,0.7599853952247918
FOODS_3_671,WI,1.1650426309378807,0.4234751778329191
FOODS_3_672,CA,1.0257372654155497,0.4685641721886965
FOODS_3_672,TX,1.0057833859095688,0.2918765654139891
FOODS_3_672,WI,1.0110993657505285,0.43584160054594934
FOODS_3_673,CA,2.4844155844155846,0.39655859241675656
FOODS_3_673,TX,2.4683870967741934,0.5726283322920658
FOODS_3_673,WI,2.3646477132262054,0.38051735669257547
FOODS_3_674,CA,1.0329373650107991,0.2874636506142405
FOODS_3_674,TX,1.0170122275385434,0.30769043858689277
FOODS_3_674,WI,1.026838432635534,0.3242971065947927
FOODS_3_675,CA,1.3266296809986131,0.48670973239167786
FOODS_3_675,TX,1.3548158640226629,0.403982277383082
FOODS_3_675,WI,1.4459561602418745,0.5640506383046535
FOODS_3_676,CA,1.2115262824572515,0.3612875176012415
FOODS_3_676,TX,1.7845149253731343,0.5232528123100929
FOODS_3_676,WI,1.4212481426448738,0.39430209392619203
FOODS_3_677,CA,1.369362920544023,0.3525228312658044
FOODS_3_677,TX,1.4968701095461658,0.39891415447853507
FOODS_3_677,WI,1.6751313485113835,0.3950813096647806
FOODS_3_678,CA,1.1407274895646988,0.34979364421119735
FOODS_3_678,TX,1.1889372280919825,0.3969450659655273
FOODS_3_678,WI,1.2438231469440832,0.6899762316717234
FOODS_3_679,CA,1.1721813725490196,0.31409175727870364
FOODS_3_679,TX,1.2278562259306804,0.5041088032613935
FOODS_3_679,WI,1.3462350457424348,0.3719816656463009
FOODS_3_680,CA,1.565466448445172,0.2868531401567835
FOODS_3_680,TX,2.6169630642954855,0.3142204373748381
FOODS_3_680,WI,1.7296564195298372,0.36018972182809006
FOODS_3_681,CA,1.0569060773480663,0.398968481267095
FOODS_3_681,TX,1.0753232152894885,0.4648580916018976
FOODS_3_681,WI,1.0735129068462401,0.5924421125103353
FOODS_3_682,CA,1.8447444551591128,0.3704837305937868
FOODS_3_682,TX,1.9264853977844913,0.2645152992522807
FOODS_3_682,WI,1.9480651731160896,0.3565764002160361
FOODS_3_683,CA,1.962051282051282,0.19210651678507504
FOODS_3_683,TX,2.04162219850587,0.21882857891022348
FOODS_3_683,WI,2.1664779161947907,0.31359510788597456
FOODS_3_684,CA,1.3557760453579022,0.425154691379536
FOODS_3_684,TX,1.6392459297343616,0.4441986751477419
FOODS_3_684,WI,1.7049910873440286,0.4203880943204463
FOODS_3_685,CA,1.4481453444360333,0.3530088556930615
FOODS_3_685,TX,1.5796862097440132,0.5088489872138019
FOODS_3_685,WI,1.6491379310344827,0.4684334462007531
FOODS_3_686,CA,1.200125470514429,0.3872461543342983
FOODS_3_686,TX,3.2982758620689654,0.3734523339079361
FOODS_3_686,WI,1.8411934552454283,0.4342670029799755
FOODS_3_687,CA,1.098163030998852,0.3801165138363981
FOODS_3_687,TX,1.1881987577639752,0.38992688589754504
FOODS_3_687,WI,1.151715833835039,0.43223772755105444
FOODS_3_688,CA,1.3202208419599724,0.419393162163584
FOODS_3_688,TX,1.3577004968062456,0.30959926797296533
FOODS_3_688,WI,1.3674052894924946,0.5219151828581551
FOODS_3_689,CA,2.0614224137931036,0.14369278420664114
FOODS_3_689,TX,2.355911330049261,0.3716986617656499
FOODS_3_689,WI,2.2855436081242533,0.36219717195869816
FOODS_3_690,CA,4.677261613691932,0.35416297167312394
FOODS_3_690,TX,8.071729957805907,0.3803474574367685
FOODS_3_690,WI,4.241685144124168,0.4000141050551183
FOODS_3_691,CA,3.536044362292052,0.38234992227129666
FOODS_3_691,TX,5.074270557029178,0.2745705669887416
FOODS_3_691,WI,4.880102040816326,0.2837789641059266
FOODS_3_692,CA,1.132622853759621,0.28563840538423957
FOODS_3_692,TX,1.299592391304348,0.6743848475093772
FOODS_3_692,WI,1.1558912386706948,0.429369306924094
FOODS_3_693,CA,4.357630979498861,0.4398356484402336
FOODS_3_693,TX,10.569060773480663,0.39370595407857484
FOODS_3_693,WI,4.643203883495145,0.3640681753193734
FOODS_3_694,CA,1.002095337873232,0.08118507820296172
FOODS_3_694,TX,1.0026205450733752,0.08397391808705723
FOODS_3_694,WI,1.002095337873232,0.06452837657150687
FOODS_3_695,CA,1.0464989059080962,0.3633181657135661
FOODS_3_695,TX,1.0094986807387862,0.4029029430297668
FOODS_3_695,WI,1.0627777777777778,0.3840018624173886
FOODS_3_696,CA,4.501176470588235,0.4181383544926106
FOODS_3_696,TX,9.28640776699029,0.34295371273712727
FOODS_3_696,WI,7.47265625,0.3488753932953723
FOODS_3_697,CA,1.0036726128016789,0.12831172123698728
FOODS_3_697,TX,1.0031463030938648,0.19694711520899988
FOODS_3_697,WI,1.031266846361186,0.3175797298417091
FOODS_3_698,CA,2.5851351351351353,0.49648471541110145
FOODS_3_698,TX,2.517105263157895,0.41467007675238
FOODS_3_698,WI,2.440051020408163,0.3784586220227822
FOODS_3_700,CA,1.7598896044158234,0.4726288319852846
FOODS_3_700,TX,2.3329268292682928,0.5790370994661403
FOODS_3_700,WI,2.2992788461538463,0.4266483047054159
FOODS_3_701,CA,2.5816464237516867,0.4436574904362957
FOODS_3_701,TX,2.3588162762022193,0.4975613616640073
FOODS_3_701,WI,2.436942675159236,0.4750872006672011
FOODS_3_702,CA,1.0127051349920593,0.5726398575749869
FOODS_3_702,TX,1.0357336220898754,0.3210203155965444
FOODS_3_702,WI,1.031266846361186,0.5975543937201193
FOODS_3_703,CA,2.7564841498559076,0.4027644228818863
FOODS_3_703,TX,3.788118811881188,0.430399322826947
FOODS_3_703,WI,3.2645051194539247,0.38803053391652054
FOODS_3_704,CA,1.0273899033297529,0.24785076299360662
FOODS_3_704,TX,1.1141525917297612,0.3578741157030354
FOODS_3_704,WI,1.1128563118091914,0.1973430008324009
FOODS_3_705,CA,1.142089552238806,0.45335785217534685
FOODS_3_705,TX,1.4244229337304541,0.4036318100053336
FOODS_3_705,WI,1.5027494108405341,0.4243142898151325
FOODS_3_706,CA,2.0658747300215983,0.3780879809541614
FOODS_3_706,TX,1.9865005192107996,0.2632674655541828
FOODS_3_706,WI,2.109151047409041,0.40289629612015726
FOODS_3_707,CA,2.602721088435374,0.3658122372922864
FOODS_3_707,TX,2.5816464237516867,0.3052202940142609
FOODS_3_707,WI,2.5956580732700134,0.6091591036452226
FOODS_3_708,CA,1.1643335362142422,0.2942016248186135
FOODS_3_708,TX,1.3500352858151023,0.49816724952281033
FOODS_3_708,WI,1.239792611795204,0.3644350199344139
FOODS_3_709,CA,2.1938073394495414,0.5106816197909381
FOODS_3_709,TX,2.2665876777251186,0.38569608130364136
FOODS_3_709,WI,3.303972366148532,0.41265952284600677
FOODS_3_710,CA,2.240046838407494,0.4071440199648639
FOODS_3_710,TX,2.907294832826748,0.4697520752006462
FOODS_3_710,WI,2.7289586305278175,0.42647485712481537
FOODS_3_711,CA,1.0143160127253446,0.579956149213155
FOODS_3_711,TX,1.0499451152579582,0.7267798174081108
FOODS_3_711,WI,1.0164718384697131,0.6727664910495476
FOODS_3_712,CA,1.2593811718235681,0.36587046130298856
FOODS_3_712,TX,1.3586647727272727,0.39801700490996944
FOODS_3_712,WI,1.429745889387145,0.40580717059595195
FOODS_3_713,CA,2.85096870342772,0.610933643245917
FOODS_3_713,TX,6.419463087248322,0.4745985509412788
FOODS_3_713,WI,5.03421052631579,0.440452733594641
FOODS_3_714,CA,1.002095337873232,0.13557316276333797
FOODS_3_714,TX,1.0026205450733752,0.16840756963732817
FOODS_3_714,WI,1.002095337873232,0.15773375150140248
FOODS_3_715,CA,1.2864828513786146,0.4336758877772701
FOODS_3_715,TX,1.30580204778157,0.41246645979320673
FOODS_3_715,WI,1.3340306834030684,0.41231098051720805
FOODS_3_716,CA,1.0894077448747153,0.4094904124665135
FOODS_3_716,TX,1.3615658362989325,0.44471436604083775
FOODS_3_716,WI,1.0711086226203808,0.4026129705358487
FOODS_3_717,CA,1.231809401159047,0.3717278434215634
FOODS_3_717,TX,1.4180874722016308,0.34001019034893243
FOODS_3_717,WI,1.1765067650676506,0.41269605449266533
FOODS_3_718,CA,1.3892519970951343,0.415756474630021
FOODS_3_718,TX,5.561046511627907,0.6138306506846737
FOODS_3_718,WI,1.453647416413374,0.4618207494125344
FOODS_3_719,CA,1.7280939476061428,0.6357957347600617
FOODS_3_719,TX,1.3500352858151023,0.5657545176249995
FOODS_3_719,WI,1.7729379054680259,0.6058167628940123
FOODS_3_720,CA,2.796783625730994,0.41736538457160366
FOODS_3_720,TX,4.723456790123457,0.3010998150153054
FOODS_3_720,WI,4.930412371134021,0.5802373445804211
FOODS_3_721,CA,1.2039018250471996,0.48574961311095105
FOODS_3_721,TX,1.4659003831417625,0.5452666955686459
FOODS_3_721,WI,1.255249343832021,0.38810824487393175
FOODS_3_722,CA,4.222958057395143,0.38052922217193724
FOODS_3_722,TX,4.806532663316583,0.4870905121746431
FOODS_3_722,WI,4.4282407407407405,0.4509970350263285
FOODS_3_723,CA,1.2544262295081967,0.26960826959962547
FOODS_3_723,TX,1.296070460704607,0.2688258284616322
FOODS_3_723,WI,1.2925675675675676,0.28373496547867044
FOODS_3_724,CA,1.360597439544808,0.38112415615394774
FOODS_3_724,TX,2.5851351351351353,0.3679759447587495
FOODS_3_724,WI,2.698166431593794,0.2594163195040975
FOODS_3_725,CA,1.1393686718284692,0.2174545500289079
FOODS_3_725,TX,1.3284722222222223,0.43075186479044136
FOODS_3_725,WI,1.1686010995723886,0.4306132552349722
FOODS_3_726,CA,2.135044642857143,0.34172567320990455
FOODS_3_726,TX,2.3103864734299515,0.32710419227309956
FOODS_3_726,WI,2.324422843256379,0.39554399790578526
FOODS_3_727,CA,1.218471337579618,0.4997190678102943
FOODS_3_727,TX,1.2294344473007712,0.4451709392671965
FOODS_3_727,WI,1.231016731016731,0.4431635613943324
FOODS_3_729,CA,1.324792243767313,0.35777664589394115
FOODS_3_729,TX,1.299592391304348,0.42248739701372373
FOODS_3_729,WI,1.5629084967320261,0.3962071779606207
FOODS_3_730,CA,1.0121693121693123,0.2460235637285664
FOODS_3_730,TX,1.2262820512820514,0.38841859818987223
FOODS_3_730,WI,1.0116340560549975,0.27535852343733297
FOODS_3_731,CA,1.7234234234234234,0.26486970946671523
FOODS_3_731,TX,1.8030160226201697,0.3674658063896729
FOODS_3_731,WI,1.8978174603174602,0.4125542498037853
FOODS_3_732,CA,1.1650426309378807,0.32671494837579157
FOODS_3_732,TX,1.3229598893499308,0.45690091260115123
FOODS_3_732,WI,1.3040218132242671,0.34373345746225564
FOODS_3_733,CA,2.6386206896551725,0.8373812301974991
FOODS_3_733,TX,2.6169630642954855,0.7509662698699842
FOODS_3_733,WI,2.649584487534626,0.7886337234369236
FOODS_3_734,CA,1.0094986807387862,0.14947266459895325
FOODS_3_734,TX,1.0036726128016789,0.16193413244487712
FOODS_3_734,WI,1.0127051349920593,0.2663328649477463
FOODS_3_735,CA,3.6859344894026975,0.3088501607020126
FOODS_3_735,TX,5.497126436781609,0.4698728650505426
FOODS_3_735,WI,5.007853403141361,0.44162372040618947
FOODS_3_736,CA,2.7096317280453257,0.7418250860973301
FOODS_3_736,TX,3.788118811881188,0.455496614128953
FOODS_3_736,WI,2.956723338485317,0.6736737687055432
FOODS_3_737,CA,4.843037974683544,0.40358463370307696
FOODS_3_737,TX,7.904958677685951,0.3047372380138671
FOODS_3_737,WI,5.328690807799443,0.3655839548210933
FOODS_3_738,CA,1.231809401159047,0.3312387126354187
FOODS_3_738,TX,1.3165863730213352,0.3264132918316771
FOODS_3_738,WI,1.3211325966850829,0.481759298033577
FOODS_3_739,CA,1.7312217194570136,0.14995110566481
FOODS_3_739,TX,1.7795348837209302,0.2150913610195909
FOODS_3_739,WI,1.7312217194570136,0.21274079065458512
FOODS_3_741,CA,1.0100316789862724,0.2617402897683409
FOODS_3_741,TX,1.0639599555061179,0.6453540460650906
FOODS_3_741,WI,1.0875497441728255,0.42035813340856737
FOODS_3_742,CA,1.3892519970951343,0.431820735297461
FOODS_3_742,TX,1.6322525597269624,0.5083238630879026
FOODS_3_742,WI,1.5279552715654952,0.3615218967854223
FOODS_3_743,CA,4.994778067885117,0.33820134219289505
FOODS_3_743,TX,6.551369863013699,0.4014021516067179
FOODS_3_743,WI,6.5290102389078495,0.5174961654182914
FOODS_3_744,CA,1.0814019219898248,0.2074868572946823
FOODS_3_744,TX,1.093767867352773,0.2860691105063939
FOODS_3_744,WI,1.1057803468208092,0.3347291129156898
FOODS_3_745,CA,2.282816229116945,0.3611429070180265
FOODS_3_745,TX,3.5623836126629422,0.2506080821757833
FOODS_3_745,WI,1.8429672447013488,0.45452837873651414
FOODS_3_746,CA,1.0627777777777778,0.16363658941976839
FOODS_3_746,TX,1.1013241220495107,0.3175388654219535
FOODS_3_746,WI,1.1006904487917146,0.317839439880997
FOODS_3_747,CA,1.9600409836065573,0.3688864191982949
FOODS_3_747,TX,4.448837209302326,0.7090949728000766
FOODS_3_747,WI,2.164027149321267,0.3694439239566707
FOODS_3_748,CA,1.417037037037037,0.4837821955634896
FOODS_3_748,TX,1.4875583203732503,0.4708065013047389
FOODS_3_748,WI,1.85188770571152,0.41471332719863574
FOODS_3_749,CA,1.9885654885654886,0.5910312175929803
FOODS_3_749,TX,2.1161504424778763,0.6111348707156733
FOODS_3_749,WI,2.0793478260869565,0.5496257891454954
FOODS_3_750,CA,1.2627062706270626,0.2875749236898869
FOODS_3_750,TX,1.294316644113667,0.3997578993032615
FOODS_3_750,WI,1.3102739726027397,0.3544526023759744
FOODS_3_751,CA,2.510498687664042,0.5285601401583824
FOODS_3_751,TX,3.0173501577287065,0.3571289614386827
FOODS_3_751,WI,3.022116903633491,0.46193775636433415
FOODS_3_752,CA,1.0084343700579863,0.7162781856668345
FOODS_3_752,TX,1.0175531914893616,0.5681847679473834
FOODS_3_752,WI,1.028494623655914,0.6047929524920578
FOODS_3_753,CA,1.1187134502923977,0.42350247470032026
FOODS_3_753,TX,1.1544960772480386,0.5840257683292067
FOODS_3_753,WI,1.093767867352773,0.6069776090019451
FOODS_3_754,CA,2.0907103825136613,0.49248954535830347
FOODS_3_754,TX,2.4941329856584096,0.3652879208447717
FOODS_3_754,WI,2.2218350754936123,0.40894400632788447
FOODS_3_755,CA,1.1911581569115817,0.3561934283609696
FOODS_3_755,TX,1.383224873463485,0.5672912037040351
FOODS_3_755,WI,1.304911323328786,0.40341170241545254
FOODS_3_756,CA,1.0052548607461902,0.1429629497369836
FOODS_3_756,TX,1.0084343700579863,0.1843897164688028
FOODS_3_756,WI,1.006842105263158,0.23639423154558456
FOODS_3_757,CA,1.602177554438861,0.45816287173918685
FOODS_3_757,TX,1.9264853977844913,0.27873199090525225
FOODS_3_757,WI,1.8959365708622398,0.3100006413975978
FOODS_3_758,CA,2.2479435957696827,0.48082707801627733
FOODS_3_758,TX,2.956723338485317,0.6821642447644412
FOODS_3_758,WI,3.236886632825719,0.44342769837673573
FOODS_3_759,CA,2.0031413612565445,0.4992028224820825
FOODS_3_759,TX,2.4683870967741934,0.5098918065491371
FOODS_3_759,WI,3.130932896890344,0.5059076560318488
FOODS_3_760,CA,4.113978494623656,0.22676981679166985
FOODS_3_760,TX,4.377574370709382,0.3840054557576073
FOODS_3_760,WI,4.1496746203904555,0.22636382209648673
FOODS_3_761,CA,1.669284467713787,0.4241183569713356
FOODS_3_761,TX,1.7895229186155286,0.6825727551162252
FOODS_3_761,WI,1.7110912343470484,0.4489855910001067
FOODS_3_762,CA,1.5291766586730615,0.4158670536568593
FOODS_3_762,TX,2.045989304812834,0.43023477427584533
FOODS_3_762,WI,2.855223880597015,0.33929680991979055
FOODS_3_763,CA,1.8115530303030303,0.6423281881699229
FOODS_3_763,TX,3.198996655518395,0.6059397477584
FOODS_3_763,WI,2.255896226415094,0.6165981881493826
FOODS_3_764,CA,1.3892519970951343,0.2081925180193138
FOODS_3_764,TX,1.3664285714285713,0.20171764729282862
FOODS_3_764,WI,1.398391812865497,0.19809873214493967
FOODS_3_765,CA,1.028494623655914,0.2558582421056332
FOODS_3_765,TX,1.161505768063145,0.3499000546429135
FOODS_3_765,WI,1.0545755237045205,0.34572802685452425
FOODS_3_766,CA,1.0881683731513083,0.30424648588323255
FOODS_3_766,TX,1.5194598888006354,0.40472046901780967
FOODS_3_766,WI,1.6129848229342327,0.34820076441943953
FOODS_3_767,CA,1.1373365041617123,0.48476841845778695
FOODS_3_767,TX,1.1482593037214885,0.699794911418727
FOODS_3_767,WI,1.1971214017521903,0.8510426914040358
FOODS_3_768,CA,2.6169630642954855,0.2622387334462755
FOODS_3_768,TX,2.8298816568047336,0.45776647511585966
FOODS_3_768,WI,2.6422651933701657,0.34381777487997295
FOODS_3_769,CA,1.4014652014652014,0.7313731026377623
FOODS_3_769,TX,1.5027494108405341,0.5081325751028746
FOODS_3_769,WI,1.4864024864024865,0.34463732055890833
FOODS_3_770,CA,1.7280939476061428,0.4490577450609513
FOODS_3_770,TX,1.9245472837022133,0.7173498749845291
FOODS_3_770,WI,1.768022181146026,0.6416175530303319
FOODS_3_771,CA,1.587551867219917,0.2391267006675043
FOODS_3_771,TX,1.8699902248289344,0.3541191798018278
FOODS_3_771,WI,1.6722027972027973,0.3593343684315519
FOODS_3_772,CA,1.1434548714883443,0.6818391643203153
FOODS_3_772,TX,1.1600970285021226,0.563288582088258
FOODS_3_772,WI,1.1400476758045293,0.5181747882389383
FOODS_3_773,CA,2.9206106870229007,0.5825335712258916
FOODS_3_773,TX,3.7956349206349205,0.44739287458639176
FOODS_3_773,WI,3.693050193050193,0.3708874477815405
FOODS_3_774,CA,1.3211325966850829,0.3525564742886574
FOODS_3_774,TX,1.5888704318936877,0.3783530555351856
FOODS_3_774,WI,1.603520536462699,0.377637644273398
FOODS_3_775,CA,1.0413718018508438,0.3797505906517858
FOODS_3_775,TX,1.913,0.29132814763468673
FOODS_3_775,WI,1.6378424657534247,0.3791454499487007
FOODS_3_776,CA,2.385286783042394,0.736103316265256
FOODS_3_776,TX,2.500653594771242,0.39984550377989014
FOODS_3_776,WI,2.418457648546144,0.38823869935853955
FOODS_3_777,CA,3.391843971631206,0.7918743522180778
FOODS_3_777,TX,4.222958057395143,0.4620657853503737
FOODS_3_777,WI,4.501176470588235,0.5319952575347919
FOODS_3_778,CA,1.4829457364341085,0.41539126080686994
FOODS_3_778,TX,2.095290251916758,0.4088048880004382
FOODS_3_778,WI,1.9480651731160896,0.3461472719385965
FOODS_3_779,CA,2.668061366806137,0.5635405186664768
FOODS_3_779,TX,4.501176470588235,0.5795557149123156
FOODS_3_779,WI,3.022116903633491,0.5321013336331673
FOODS_3_780,CA,3.609433962264151,0.3311915321291621
FOODS_3_780,TX,5.850152905198777,0.47649115275194776
FOODS_3_780,WI,3.7731755424063116,0.4647380828042288
FOODS_3_781,CA,1.3654532476802284,0.4671569816441781
FOODS_3_781,TX,1.1544960772480386,0.5167636302325047
FOODS_3_781,WI,1.5731907894736843,0.39776378896636216
FOODS_3_782,CA,1.0987937966685812,0.22671461056758488
FOODS_3_782,TX,1.1122093023255815,0.28926680581297953
FOODS_3_782,WI,1.101958525345622,0.2605993143643095
FOODS_3_783,CA,1.1167542323409223,0.38349957593930095
FOODS_3_783,TX,1.1867245657568237,0.846359245699953
FOODS_3_783,WI,1.085082246171299,0.5541796048546083
FOODS_3_784,CA,1.4760802469135803,0.7292817783798506
FOODS_3_784,TX,2.086150490730643,1.332641264307056
FOODS_3_784,WI,1.5439870863599676,0.6448627028923594
FOODS_3_785,CA,1.0950200343445908,0.6300633947866915
FOODS_3_785,TX,1.129279811097993,0.3342449510138938
FOODS_3_785,WI,1.7878504672897195,0.29845440035450793
FOODS_3_786,CA,1.1815935762816554,0.45527023965863206
FOODS_3_786,TX,1.1629179331306991,0.6864790532944466
FOODS_3_786,WI,1.2247119078104993,0.42015272773558954
FOODS_3_787,CA,1.4318862275449102,0.5473323674588175
FOODS_3_787,TX,1.4829457364341085,0.6967046724649814
FOODS_3_787,WI,1.5086750788643533,0.7824593987745011
FOODS_3_788,CA,1.2176957352005093,0.3337861433710163
FOODS_3_788,TX,1.3654532476802284,0.5076516331348133
FOODS_3_788,WI,1.223145780051151,0.46266353081796363
FOODS_3_789,CA,1.7234234234234234,0.23612313668574256
FOODS_3_789,TX,1.7470319634703195,0.2724967285818087
FOODS_3_789,WI,1.7762302692664809,0.46271449418273336
FOODS_3_790,CA,5.561046511627907,0.6752480298884104
FOODS_3_790,TX,4.328054298642534,0.364259318783342
FOODS_3_790,WI,6.4847457627118645,0.48931184025201185
FOODS_3_791,CA,1.4898753894080996,0.401652539172577
FOODS_3_791,TX,1.7187780772686434,0.5199680561587281
FOODS_3_791,WI,1.7327898550724639,0.43321514454471916
FOODS_3_792,CA,1.006842105263158,0.3468805289258257
FOODS_3_792,TX,1.0121693121693123,0.43183616617837434
FOODS_3_792,WI,1.0094986807387862,0.3292246652411864
FOODS_3_793,CA,1.031266846361186,0.25576769764001894
FOODS_3_793,TX,1.1312832643406268,0.4244747550007188
FOODS_3_793,WI,1.0402392604676454,0.3173677975944994
FOODS_3_794,CA,1.0705092333519866,0.21603903916775155
FOODS_3_794,TX,1.352899575671853,0.440206199858982
FOODS_3_794,WI,1.3462350457424348,0.3595923063033031
FOODS_3_795,CA,2.0158061116965227,0.200950362625149
FOODS_3_795,TX,2.0547798066595058,0.27309369337231865
FOODS_3_795,WI,2.0329436769394262,0.24750815036973894
FOODS_3_796,CA,7.386100386100386,0.6663218003559491
FOODS_3_796,TX,8.540178571428571,0.6500600975489085
FOODS_3_796,WI,6.292763157894737,0.5874825558086985
FOODS_3_797,CA,1.165752589884217,0.4574139255959756
FOODS_3_797,TX,3.888211382113821,0.3318185271873508
FOODS_3_797,WI,1.2326030927835052,0.501182332941991
FOODS_3_798,CA,2.4908854166666665,0.42770030782464075
FOODS_3_798,TX,4.0963597430406855,0.37046176885285503
FOODS_3_798,WI,3.1936560934891487,0.3529869702955808
FOODS_3_799,CA,2.2937649880095923,0.3054788117739501
FOODS_3_799,TX,3.7731755424063116,0.19246495163886881
FOODS_3_799,WI,2.2218350754936123,0.285356704744186
FOODS_3_800,CA,1.5757825370675453,0.5812504105005434
FOODS_3_800,TX,1.3257103257103258,0.2889487869188202
FOODS_3_800,WI,1.532852564102564,0.36348289231620273
FOODS_3_801,CA,1.2381877022653722,0.34958340143536987
FOODS_3_801,TX,1.2602108036890645,0.4553592149846584
FOODS_3_801,WI,1.2899527983816588,0.6092847570551544
FOODS_3_802,CA,1.300475866757308,0.4375528672471167
FOODS_3_802,TX,1.7712962962962964,0.434566051850113
FOODS_3_802,WI,1.407652685798381,0.39791449689924935
FOODS_3_803,CA,2.0525751072961373,0.4367737305052554
FOODS_3_803,TX,3.391843971631206,0.6739036565423228
FOODS_3_803,WI,1.9168336673346693,0.4027134827849295
FOODS_3_804,CA,1.0110993657505285,0.25208678711713967
FOODS_3_804,TX,1.0148541114058356,0.18232563064827048
FOODS_3_804,WI,1.0116340560549975,0.29761180295046213
FOODS_3_805,CA,1.0838526912181303,0.5256148530351112
FOODS_3_805,TX,1.1852540272614622,0.5104963332159037
FOODS_3_805,WI,1.0881683731513083,0.39597415027878025
FOODS_3_806,CA,3.8183632734530937,0.5643813372695607
FOODS_3_806,TX,4.397701149425288,0.40225410013453666
FOODS_3_806,WI,3.4468468468468467,0.3819793813189044
FOODS_3_807,CA,1.0202666666666667,0.27265315375958826
FOODS_3_807,TX,1.0442139737991267,0.2860882210057233
FOODS_3_807,WI,1.0391091797935905,0.3129251868778926
FOODS_3_808,CA,1.1187134502923977,0.38577510941016085
FOODS_3_808,TX,1.1448234590065829,0.6335714926951257
FOODS_3_808,WI,1.1154518950437318,0.5914888847004771
FOODS_3_809,CA,1.2039018250471996,0.37899898258557874
FOODS_3_809,TX,1.2430149447693308,0.5017184031130884
FOODS_3_809,WI,1.2430149447693308,0.5328275464862046
FOODS_3_810,CA,1.4614209320091673,0.300836751588073
FOODS_3_810,TX,2.1862857142857144,0.38721129922477243
FOODS_3_810,WI,1.644883920894239,0.33291625849211265
FOODS_3_811,CA,1.3321727019498608,0.2895089046756115
FOODS_3_811,TX,1.359630419331912,0.21556420302159837
FOODS_3_811,WI,1.3615658362989325,0.3531632989798003
FOODS_3_812,CA,1.0534140969162995,0.2829269002746378
FOODS_3_812,TX,1.1226525821596245,0.36416481005796597
FOODS_3_812,WI,1.0931428571428572,0.4299148525174579
FOODS_3_813,CA,3.529520295202952,0.3388550312497859
FOODS_3_813,TX,4.01890756302521,0.5716452038187865
FOODS_3_813,WI,4.418013856812933,0.3547850262018494
FOODS_3_814,CA,1.165752589884217,0.3607884787413733
FOODS_3_814,TX,1.20770202020202,0.41062861551405067
FOODS_3_814,WI,1.1600970285021226,0.3198347645985563
FOODS_3_815,CA,2.796783625730994,1.266431336823627
FOODS_3_815,TX,4.087606837606837,0.6077206938197875
FOODS_3_815,WI,3.826,0.531528045653082
FOODS_3_816,CA,1.2925675675675676,0.973797698370613
FOODS_3_816,TX,1.2916948008102633,0.8835728552941151
FOODS_3_816,WI,1.2795986622073579,0.7577173831270666
FOODS_3_817,CA,1.1414081145584725,0.4028560137400697
FOODS_3_817,TX,1.4659003831417625,0.4345065828769887
FOODS_3_817,WI,1.2813127930341595,0.4248306829231028
FOODS_3_818,CA,1.3377622377622378,0.22891694343451388
FOODS_3_818,TX,1.3443429374560787,0.2722987897641012
FOODS_3_818,WI,1.3654532476802284,0.2721700839703832
FOODS_3_819,CA,1.1919003115264797,0.508696427615624
FOODS_3_819,TX,1.1531042796865583,0.7875280104711053
FOODS_3_819,WI,1.192643391521197,0.39978936669797493
FOODS_3_820,CA,1.0164718384697131,0.3170696314761449
FOODS_3_820,TX,1.044784270890224,0.36000863483835827
FOODS_3_820,WI,1.0318230852211434,0.40452580026198204
FOODS_3_821,CA,2.1184939091915838,0.498194184860492
FOODS_3_821,TX,2.6422651933701657,0.44846972287187625
FOODS_3_821,WI,2.0793478260869565,0.3720316163576926
FOODS_3_822,CA,1.1919003115264797,0.5715414609590524
FOODS_3_822,TX,1.2373868046571799,0.8886741295170266
FOODS_3_822,WI,1.2192479286169535,0.6430325743968064
FOODS_3_823,CA,1.4045521292217327,0.41234174107559285
FOODS_3_823,TX,2.0816104461371054,0.5870864688996793
FOODS_3_823,WI,2.095290251916758,0.4584017721099889
FOODS_3_824,CA,1.607563025210084,0.4683609434776174
FOODS_3_824,TX,2.009453781512605,0.42324217178856116
FOODS_3_824,WI,1.9660842754367933,0.42728361948677024
FOODS_3_825,CA,1.324792243767313,0.41395450002014733
FOODS_3_825,TX,1.5003921568627452,0.484986475467763
FOODS_3_825,WI,1.5340817963111468,0.5491386321641629
FOODS_3_826,CA,1.7811918063314711,0.3154776156271287
FOODS_3_826,TX,1.9520408163265306,0.3766777087120925
FOODS_3_826,WI,2.120842572062084,0.46987393284807116
FOODS_3_827,CA,3.2259696458684655,0.9170172465380475
FOODS_3_827,TX,4.735148514851486,0.7267135184861279
FOODS_3_827,WI,2.7096317280453257,0.44197726715752256
HOBBIES_1_001,CA,2.1422172452407615,0.3718307055518214
HOBBIES_1_001,TX,3.141215106732348,0.35223395020091003
HOBBIES_1_001,WI,5.313888888888889,0.259447484612599
HOBBIES_1_002,CA,1.9480651731160896,0.4191365007190181
HOBBIES_1_002,TX,2.885369532428356,0.2491707131190745
HOBBIES_1_002,WI,1.5062992125984251,0.48491279693509365
HOBBIES_1_003,CA,4.576555023923445,0.4662560522936971
HOBBIES_1_003,TX,7.0851851851851855,0.27084439723844933
HOBBIES_1_003,WI,7.808163265306122,0.25976401377421865
HOBBIES_1_004,CA,1.0121693121693123,0.23146137223489338
HOBBIES_1_004,TX,1.0741156653565413,0.3855773021933742
HOBBIES_1_004,WI,1.1233118027011157,0.41768748072348894
HOBBIES_1_005,CA,1.1786814540973505,0.36174768931496515
HOBBIES_1_005,TX,1.3331010452961674,0.5377405441643304
HOBBIES_1_005,WI,1.4910366328916602,0.4460773467166975
HOBBIES_1_006,CA,1.4692780337941629,0.521503981564979
HOBBIES_1_006,TX,2.0725893824485375,0.6452518467785187
HOBBIES_1_006,WI,1.4795050270688321,0.5563600028106408
HOBBIES_1_007,CA,2.2773809523809523,0.2612792203970762
HOBBIES_1_007,TX,3.671785028790787,0.1959729780420734
HOBBIES_1_007,WI,2.800878477306003,0.25246006801714477
HOBBIES_1_008,CA,1.1339656194427978,0.34807237995913737
HOBBIES_1_008,TX,1.1986215538847118,0.8185180525298108
HOBBIES_1_008,WI,1.167887667887668,0.47957939489368095
HOBBIES_1_009,CA,1.1373365041617123,0.6554900650089669
HOBBIES_1_009,TX,1.434032983508246,0.7378681824435347
HOBBIES_1_009,WI,1.503930817610063,0.8104660592131376
HOBBIES_1_010,CA,1.1496394230769231,0.35319199177436283
HOBBIES_1_010,TX,1.197871008140263,0.35410467641399435
HOBBIES_1_010,WI,1.2357881136950903,0.3355941327928018
HOBBIES_1_011,CA,4.298876404494382,0.23311589115251263
HOBBIES_1_011,TX,3.9443298969072167,0.24292030200139889
HOBBIES_1_011,WI,8.735159817351597,0.06193895959454863
HOBBIES_1_012,CA,1.324792243767313,0.3887600997302838
HOBBIES_1_012,TX,1.7049910873440286,0.39662176896681145
HOBBIES_1_012,WI,1.6392459297343616,0.3223028064835256
HOBBIES_1_013,CA,1.9500509683995924,0.33508876017844685
HOBBIES_1_013,TX,2.943076923076923,0.23792706497967406
HOBBIES_1_013,WI,2.2090069284064664,0.33575630612741525
HOBBIES_1_014,CA,1.1889372280919825,0.581580919847498
HOBBIES_1_014,TX,1.2138324873096447,0.48033591475155496
HOBBIES_1_014,WI,1.210759493670886,0.464240065476504
HOBBIES_1_015,CA,1.0089662447257384,0.402159957621976
HOBBIES_1_015,TX,1.0408052230685527,0.7995552102309433
HOBBIES_1_015,WI,1.0943935926773456,0.756551541895899
HOBBIES_1_016,CA,1.0219017094017093,0.542594185134613
HOBBIES_1_016,TX,1.0598337950138503,0.6691975035571218
HOBBIES_1_016,WI,1.079571106094808,0.8101814377070066
HOBBIES_1_017,CA,1.3102739726027397,0.48665527549506293
HOBBIES_1_017,TX,1.3782420749279538,0.551067537858288
HOBBIES_1_017,WI,1.3462350457424348,0.7071564385825707
HOBBIES_1_018,CA,5.007853403141361,0.19671099758177665
HOBBIES_1_018,TX,5.959501557632398,0.21260108418367352
HOBBIES_1_018,WI,6.39799331103679,0.17047265883857424
HOBBIES_1_019,CA,1.4004392386530016,0.4002141354395485
HOBBIES_1_019,TX,1.8773307163886164,0.8740308469019221
HOBBIES_1_019,WI,1.5464834276475343,0.5972304749641423
HOBBIES_1_020,CA,1.4968701095461658,0.2968141930938477
HOBBIES_1_020,TX,3.5036630036630036,0.21667442144797844
HOBBIES_1_020,WI,2.0052410901467503,0.2891988063268706
HOBBIES_1_021,CA,1.4921996879875195,0.399682005409445
HOBBIES_1_021,TX,1.825381679389313,0.37214106679822534
HOBBIES_1_021,WI,2.6755244755244756,0.23853066777008386
HOBBIES_1_022,CA,1.3500352858151023,0.3513415503798728
HOBBIES_1_022,TX,1.6824978012313105,0.3340959898460143
HOBBIES_1_022,WI,1.5146476642913698,0.40139977988941855
HOBBIES_1_023,CA,1.2934415145368492,0.42087631604112324
HOBBIES_1_023,TX,1.11610268378063,0.5331337416504938
HOBBIES_1_023,WI,1.499216300940439,0.3415518359679583
HOBBIES_1_024,CA,2.0770901194353963,0.5012022263823473
HOBBIES_1_024,TX,4.968831168831169,0.2166545471500452
HOBBIES_1_024,WI,2.686797752808989,0.41608633141949936
HOBBIES_1_025,CA,1.537781350482315,0.4980196930485211
HOBBIES_1_025,TX,1.9701338825952626,0.467945062830763
HOBBIES_1_025,WI,1.673665791776028,0.5468094744233261
HOBBIES_1_026,CA,2.698166431593794,0.32538252555421693
HOBBIES_1_026,TX,3.7509803921568627,0.22198344735911626
HOBBIES_1_026,WI,2.4973890339425586,0.3073202017053189
HOBBIES_1_027,CA,4.087606837606837,0.4308405382799885
HOBBIES_1_027,TX,7.713709677419355,0.2986954565901935
HOBBIES_1_027,WI,4.222958057395143,0.3196916780266777
HOBBIES_1_028,CA,1.167887667887668,0.34214636028059875
HOBBIES_1_028,TX,1.5629084967320261,0.2878357095335207
HOBBIES_1_028,WI,1.6989342806394316,0.3205763756030078
HOBBIES_1_029,CA,1.0569060773480663,0.27772227434053937
HOBBIES_1_029,TX,1.0887877063175868,0.3422888723987113
HOBBIES_1_029,WI,1.7486288848263254,0.3511113816303681
HOBBIES_1_030,CA,1.4276119402985075,0.6044753993787241
HOBBIES_1_030,TX,1.58099173553719,0.8279470462806185
HOBBIES_1_030,WI,1.6899293286219081,1.2502638682628133
HOBBIES_1_031,CA,1.4437735849056603,0.3180666199452656
HOBBIES_1_031,TX,1.6839788732394365,0.32116550151697737
HOBBIES_1_031,WI,1.7598896044158234,0.3172292578008593
HOBBIES_1_032,CA,1.1427718040621266,0.5745289949283676
HOBBIES_1_032,TX,1.3415147265077139,1.2012061903424036
HOBBIES_1_032,WI,1.1881987577639752,0.9956139356803336
HOBBIES_1_033,CA,3.3858407079646016,0.3183420411472857
HOBBIES_1_033,TX,4.818639798488665,0.23364994163841224
HOBBIES_1_033,WI,3.172470978441128,0.316497930682492
HOBBIES_1_034,CA,1.3238754325259516,0.44810042282796797
HOBBIES_1_034,TX,1.257725180802104,0.4591245971573664
HOBBIES_1_034,WI,2.540504648074369,0.30897187043330415
HOBBIES_1_035,CA,2.5956580732700134,0.2909624705548945
HOBBIES_1_035,TX,3.575700934579439,0.26648848248214124
HOBBIES_1_035,WI,2.2090069284064664,0.36475807448388825
HOBBIES_1_036,CA,1.2677269715043076,0.49676705703412855
HOBBIES_1_036,TX,1.5353130016051364,0.5295597081903962
HOBBIES_1_036,WI,1.5693191140278917,0.5245732107904453
HOBBIES_1_037,CA,1.42548435171386,0.2878231550596451
HOBBIES_1_037,TX,1.3683834048640915,0.21240337923931457
HOBBIES_1_037,WI,2.159142212189616,0.3236272448533593
HOBBIES_1_038,CA,1.4558599695585996,0.3364863665665063
HOBBIES_1_038,TX,1.6989342806394316,0.2817281571307427
HOBBIES_1_038,WI,1.774582560296846,0.271834630306634
HOBBIES_1_039,CA,4.270089285714286,0.2079086300766429
HOBBIES_1_039,TX,3.453068592057762,0.27417845445056327
HOBBIES_1_039,WI,5.996865203761756,0.16482094724682328
HOBBIES_1_040,CA,1.540257648953301,0.25964211601253473
HOBBIES_1_040,TX,1.5552845528455284,0.2896462706079484
HOBBIES_1_040,WI,1.911088911088911,0.3761079996491381
HOBBIES_1_041,CA,1.619813717188823,0.3404264445323969
HOBBIES_1_041,TX,1.6534140017286085,0.33839329124867196
HOBBIES_1_041,WI,1.7034728406055208,0.39319638688333297
HOBBIES_1_042,CA,1.5667485667485668,0.44793032771109803
HOBBIES_1_042,TX,2.1738636363636363,0.3456285801712233
HOBBIES_1_042,WI,1.6420600858369099,0.4019584280433469
HOBBIES_1_043,CA,1.0202666666666667,0.4393110751960366
HOBBIES_1_043,TX,1.1830550401978974,1.1810601283708286
HOBBIES_1_043,WI,1.0777464788732394,0.5905517859793701
HOBBIES_1_044,CA,1.10641989589358,0.4294316813799762
HOBBIES_1_044,TX,1.5170499603489294,0.42730951864252653
HOBBIES_1_044,WI,1.5230891719745223,0.472188148971359
HOBBIES_1_045,CA,5.626470588235295,0.25489617909307943
HOBBIES_1_045,TX,12.341935483870968,0.2467442529769399
HOBBIES_1_045,WI,9.810256410256411,0.22921084782884069
HOBBIES_1_046,CA,4.204395604395605,0.3580556334955404
HOBBIES_1_046,TX,5.544927536231884,0.2898452588616761
HOBBIES_1_046,WI,8.140425531914893,0.28904463522418516
HOBBIES_1_047,CA,1.1482593037214885,0.5834807033576893
HOBBIES_1_047,TX,1.5134493670886076,0.9065714595267343
HOBBIES_1_047,WI,1.3812274368231048,0.5627068431155962
HOBBIES_1_048,CA,1.2882154882154881,0.3776750959196995
HOBBIES_1_048,TX,1.379235760634463,0.959657980801013
HOBBIES_1_048,WI,1.2294344473007712,0.5779604920490784
HOBBIES_1_049,CA,1.8236415633937082,0.3458786327034193
HOBBIES_1_049,TX,2.6569444444444446,0.26382961816264244
HOBBIES_1_049,WI,2.943076923076923,0.29171275960752086
HOBBIES_1_050,CA,1.1233118027011157,0.314724127047979
HOBBIES_1_050,TX,1.5182539682539682,0.33816447440743913
HOBBIES_1_050,WI,1.5693191140278917,0.2834702347597504
HOBBIES_1_051,CA,2.5816464237516867,0.3546387775572497
HOBBIES_1_051,TX,3.8413654618473894,0.26168406450096593
HOBBIES_1_051,WI,4.794486215538847,0.17549277632297344
HOBBIES_1_052,CA,9.241545893719806,0.18672237237352698
HOBBIES_1_052,TX,5.020997375328084,0.16752907886007057
HOBBIES_1_052,WI,10.687150837988828,0.11041685393258428
HOBBIES_1_053,CA,5.71044776119403,0.514724142068727
HOBBIES_1_053,TX,2.772463768115942,0.5675791880511131
HOBBIES_1_053,WI,6.981751824817518,0.43441088497301505
HOBBIES_1_054,CA,5.1702702702702705,0.2560806591199548
HOBBIES_1_054,TX,8.939252336448599,0.13360470097654334
HOBBIES_1_054,WI,10.121693121693122,0.13585393904542842
HOBBIES_1_055,CA,1.0464989059080962,0.27858811184007376
HOBBIES_1_055,TX,1.1213364595545134,0.3527400425151786
HOBBIES_1_055,WI,1.5062992125984251,0.36505640242266835
HOBBIES_1_056,CA,1.7502287282708142,0.38564423070977666
HOBBIES_1_056,TX,1.7845149253731343,0.37398794898668797
HOBBIES_1_056,WI,1.7470319634703195,0.40853163865851977
HOBBIES_1_057,CA,1.540257648953301,0.38443403873197324
HOBBIES_1_057,TX,1.7598896044158234,0.31825579380649965
HOBBIES_1_057,WI,1.587551867219917,0.3300787294266402
HOBBIES_1_058,CA,1.6280851063829787,0.4025538433708122
HOBBIES_1_058,TX,2.139821029082774,0.3579822565822518
HOBBIES_1_058,WI,2.2090069284064664,0.40704317613801433
HOBBIES_1_060,CA,2.477979274611399,0.2641309318103069
HOBBIES_1_060,TX,2.3588162762022193,0.3127839209536789
HOBBIES_1_060,WI,2.9751166407465006,0.22705678062963003
HOBBIES_1_061,CA,1.4107669616519174,0.4547859780927062
HOBBIES_1_061,TX,1.6634782608695653,0.39539936649528634
HOBBIES_1_061,WI,1.6751313485113835,0.34673038019758706
HOBBIES_1_062,CA,6.092356687898089,0.30632020747454436
HOBBIES_1_062,TX,8.939252336448599,0.38364635339229636
HOBBIES_1_062,WI,10.510989010989011,0.2994494053518924
HOBBIES_1_063,CA,2.1302895322939865,0.26903844330065785
HOBBIES_1_063,TX,1.6577123050259965,0.31008781493879684
HOBBIES_1_063,WI,1.8554801163918526,0.28177408297936907
HOBBIES_1_064,CA,1.0687150837988826,0.2626218429618487
HOBBIES_1_064,TX,1.0856980703745744,0.28610212249357425
HOBBIES_1_064,WI,1.7019572953736655,0.28758949767143
HOBBIES_1_065,CA,4.955958549222798,0.16249005688063864
HOBBIES_1_065,TX,3.6231060606060606,0.23613724545135506
HOBBIES_1_065,WI,8.353711790393014,0.09762479547868695
HOBBIES_1_066,CA,3.2756849315068495,0.9999200521187545
HOBBIES_1_066,TX,7.329501915708812,0.8774757138250797
HOBBIES_1_066,WI,7.937759336099585,0.5930069527774966
HOBBIES_1_067,CA,1.1319526627218934,0.715138723180242
HOBBIES_1_067,TX,1.4159881569207995,1.7415230846450505
HOBBIES_1_067,WI,1.1948782011242973,0.6474071202181088
HOBBIES_1_068,CA,1.1765067650676506,0.3761781922887715
HOBBIES_1_068,TX,1.4817970565453138,0.38194371816748685
HOBBIES_1_068,WI,1.8341323106423777,0.4039853734633615
HOBBIES_1_069,CA,1.6634782608695653,0.3185835941776212
HOBBIES_1_069,TX,5.940993788819876,0.13345266143921866
HOBBIES_1_069,WI,3.490875912408759,0.18090540202877534
HOBBIES_1_070,CA,4.880102040816326,0.20215000782223386
HOBBIES_1_070,TX,3.8724696356275303,0.22581095334685597
HOBBIES_1_070,WI,6.073015873015873,0.1659795727645698
HOBBIES_1_072,CA,1.2208040842373964,0.3877245416636994
HOBBIES_1_072,TX,1.402492668621701,0.4690246124720567
HOBBIES_1_072,WI,1.434032983508246,0.40642095897230657
HOBBIES_1_073,CA,1.1496394230769231,0.3074914511607564
HOBBIES_1_073,TX,1.2668874172185431,0.32696327236388834
HOBBIES_1_073,WI,1.209228824273072,0.3206196051826018
HOBBIES_1_074,CA,1.0094986807387862,0.25974980703946704
HOBBIES_1_074,TX,1.0262875536480687,0.32194165415694076
HOBBIES_1_074,WI,1.336827393431167,0.4325504478938903
HOBBIES_1_075,CA,1.3066939890710383,0.37671728732852056
HOBBIES_1_075,TX,1.894059405940594,0.32743511769364375
HOBBIES_1_075,WI,1.8184410646387832,0.29606239887448604
HOBBIES_1_076,CA,1.3424561403508772,0.5361425839661971
HOBBIES_1_076,TX,1.2813127930341595,0.5764747792405924
HOBBIES_1_076,WI,2.188787185354691,0.40322181400586316
HOBBIES_1_077,CA,2.5039267015706805,0.3774496201270559
HOBBIES_1_077,TX,5.020997375328084,0.271111705302955
HOBBIES_1_077,WI,3.9771309771309773,0.29255239827117235
HOBBIES_1_078,CA,1.156590084643289,0.3356691160535449
HOBBIES_1_078,TX,1.2677269715043076,0.43839562230794177
HOBBIES_1_078,WI,1.3358938547486034,0.3996278078698511
HOBBIES_1_079,CA,1.120023419203747,0.3503768042111231
HOBBIES_1_079,TX,1.6634782608695653,0.3044419755889778
HOBBIES_1_079,WI,1.231016731016731,0.3528431056079009
HOBBIES_1_080,CA,1.167887667887668,0.7690174941154148
HOBBIES_1_080,TX,1.6462994836488813,2.4247266830693213
HOBBIES_1_080,WI,1.2414016872160933,0.922734576676224
HOBBIES_1_081,CA,2.0243386243386245,0.29631899707233605
HOBBIES_1_081,TX,4.044397463002114,0.20871261030979363
HOBBIES_1_081,WI,2.7406876790830945,0.3366909041614668
HOBBIES_1_082,CA,2.4876462938881665,0.3115159571292842
HOBBIES_1_082,TX,2.3942428035043806,0.2587634235612271
HOBBIES_1_082,WI,4.232300884955753,0.18870143433661452
HOBBIES_1_083,CA,2.796783625730994,0.3387463951155708
HOBBIES_1_083,TX,7.713709677419355,0.2429596440491002
HOBBIES_1_083,WI,4.994778067885117,0.30461502895565246
HOBBIES_1_084,CA,1.284754869039624,0.31878227963165723
HOBBIES_1_084,TX,1.4738058551617874,0.35198613690750674
HOBBIES_1_084,WI,1.4318862275449102,0.33105673644918343
HOBBIES_1_085,CA,1.5822994210090984,0.3059225206316458
HOBBIES_1_085,TX,2.135044642857143,0.36689076577228885
HOBBIES_1_085,WI,2.1255555555555556,0.3069943051369763
HOBBIES_1_086,CA,1.0863145939806929,0.3363065360193639
HOBBIES_1_086,TX,1.2694094226940942,0.3339673323845725
HOBBIES_1_086,WI,1.6929203539823008,0.2902935700701201
HOBBIES_1_087,CA,1.7470319634703195,0.3252908849773324
HOBBIES_1_087,TX,1.5981620718462823,0.19582977139355082
HOBBIES_1_087,WI,1.9762396694214877,0.36741852605017056
HOBBIES_1_088,CA,1.4525436598329537,0.5291034662241849
HOBBIES_1_088,TX,2.500653594771242,0.446459989779984
HOBBIES_1_088,WI,2.1045104510451047,0.6518289028041966
HOBBIES_1_089,CA,1.0505216913783635,0.278426010978813
HOBBIES_1_089,TX,1.2668874172185431,0.3682441838123136
HOBBIES_1_089,WI,1.0753232152894885,0.2982986501687289
HOBBIES_1_090,CA,1.8921859545004946,0.5431609015084182
HOBBIES_1_090,TX,3.141215106732348,1.0779588295847182
HOBBIES_1_090,WI,2.269276393831554,0.821114653975229
HOBBIES_1_091,CA,3.1672185430463577,0.863567884772606
HOBBIES_1_091,TX,5.886153846153846,0.8220828844643285
HOBBIES_1_091,WI,6.3344370860927155,0.5814617783408131
HOBBIES_1_092,CA,1.6102693602693603,0.2769770056781649
HOBBIES_1_092,TX,1.4569687738004569,0.32015916246077575
HOBBIES_1_092,WI,1.4864024864024865,0.3178520109544487
HOBBIES_1_093,CA,2.686797752808989,0.23818428928361315
HOBBIES_1_093,TX,3.236886632825719,0.2962022262623894
HOBBIES_1_093,WI,2.9161585365853657,0.23589534044474167
HOBBIES_1_094,CA,1.6462994836488813,0.4017595712562886
HOBBIES_1_094,TX,3.236886632825719,0.38300264413117446
HOBBIES_1_094,WI,4.387614678899083,0.2508333279410211
HOBBIES_1_095,CA,3.281303602058319,0.22785758846691118
HOBBIES_1_095,TX,2.1664779161947907,0.3532731243532838
HOBBIES_1_095,WI,2.3103864734299515,0.3283414330494785
HOBBIES_1_097,CA,1.125956444967628,0.3480353720869455
HOBBIES_1_097,TX,1.379235760634463,0.3349187465219596
HOBBIES_1_097,WI,1.1686010995723886,0.3248766250254294
HOBBIES_1_098,CA,1.5693191140278917,0.27304901916701413
HOBBIES_1_098,TX,1.5590872045639772,0.25681152246891276
HOBBIES_1_098,WI,2.41540404040404,0.31613213951987296
HOBBIES_1_099,CA,1.6048657718120805,0.29264008638794936
HOBBIES_1_099,TX,1.6795434591747147,0.23297596885969918
HOBBIES_1_099,WI,1.7878504672897195,0.36198378233247414
HOBBIES_1_100,CA,1.2278562259306804,0.3378250784574904
HOBBIES_1_100,TX,1.914914914914915,0.2666495790219886
HOBBIES_1_100,WI,1.8590864917395529,0.2821028742181322
HOBBIES_1_102,CA,3.810756972111554,0.22925307583843751
HOBBIES_1_102,TX,8.317391304347826,0.2631468602679988
HOBBIES_1_102,WI,2.965891472868217,0.3529447431272647
HOBBIES_1_103,CA,1.0063124671225672,0.4585333168709135
HOBBIES_1_103,TX,1.0487938596491229,0.7784860659809099
HOBBIES_1_103,WI,1.0610094287298946,0.7065741138063129
HOBBIES_1_104,CA,3.409982174688057,0.3075493104236055
HOBBIES_1_104,TX,3.5036630036630036,0.32192428199798284
HOBBIES_1_104,WI,5.14247311827957,0.20249972479464465
HOBBIES_1_105,CA,1.0875497441728255,0.33220907985199943
HOBBIES_1_105,TX,1.1904169259489732,0.3788633123312251
HOBBIES_1_105,WI,1.626700680272109,0.3327507496157774
HOBBIES_1_106,CA,2.2296037296037294,0.46276359413043233
HOBBIES_1_106,TX,3.0173501577287065,0.33303216727822044
HOBBIES_1_106,WI,2.9250764525993884,0.3098132799256521
HOBBIES_1_107,CA,2.7564841498559076,0.34805385180999326
HOBBIES_1_107,TX,4.176855895196507,0.21703637855579877
HOBBIES_1_107,WI,2.2013808975834293,0.33115572291721446
HOBBIES_1_108,CA,1.1414081145584725,0.38545963525335963
HOBBIES_1_108,TX,1.3358938547486034,0.4290000220864301
HOBBIES_1_108,WI,1.1045034642032332,0.36656297733635457
HOBBIES_1_109,CA,1.3111720356408498,0.40485769255155396
HOBBIES_1_109,TX,1.2349903163331182,0.43921521801793983
HOBBIES_1_109,WI,2.3823163138231633,0.2695582186958845
HOBBIES_1_110,CA,2.0703463203463204,0.3217959979390194
HOBBIES_1_110,TX,3.9937369519832986,0.2615971203288067
HOBBIES_1_110,WI,2.9117199391171993,0.2665942402494364
HOBBIES_1_111,CA,1.4692780337941629,0.5582317830925894
HOBBIES_1_111,TX,2.4844155844155846,0.47203903374004796
HOBBIES_1_111,WI,1.5731907894736843,0.8120899644799774
HOBBIES_1_112,CA,3.9362139917695473,0.37444967799844875
HOBBIES_1_112,TX,8.775229357798166,0.17847518717027697
HOBBIES_1_112,WI,3.888211382113821,0.31349773577990037
HOBBIES_1_113,CA,3.350262697022767,0.36610336215989064
HOBBIES_1_113,TX,3.609433962264151,0.39617210675664916
HOBBIES_1_113,WI,6.419463087248322,0.18933340794836637
HOBBIES_1_114,CA,2.2937649880095923,0.40694733779328796
HOBBIES_1_114,TX,4.480093676814988,0.20531211396588323
HOBBIES_1_114,WI,2.5304232804232805,0.30949932011388503
HOBBIES_1_115,CA,2.0592034445640475,0.47386772741227784
HOBBIES_1_115,TX,2.137430167597765,0.8683074904024042
HOBBIES_1_115,WI,2.1446188340807173,0.8619466505141974
HOBBIES_1_116,CA,2.0884279475982535,0.4091972044462589
HOBBIES_1_116,TX,1.7928772258669166,0.35959120150634666
HOBBIES_1_116,WI,4.289237668161435,0.20363259573492318
HOBBIES_1_117,CA,2.156708004509583,0.23471295193377614
HOBBIES_1_117,TX,4.770573566084788,0.1452534583433108
HOBBIES_1_117,WI,1.673665791776028,0.2755468835734287
HOBBIES_1_118,CA,2.022198731501057,0.235747408213932
HOBBIES_1_118,TX,2.784570596797671,0.16471646297676576
HOBBIES_1_118,WI,3.198996655518395,0.1861133282248375
HOBBIES_1_119,CA,2.313180169286578,0.8245301936418447
HOBBIES_1_119,TX,3.27008547008547,0.7104370124302809
HOBBIES_1_119,WI,3.026898734177215,0.6612506419994095
HOBBIES_1_120,CA,2.2746730083234246,0.30269846718558
HOBBIES_1_120,TX,2.307599517490953,0.23349722984602977
HOBBIES_1_120,WI,2.355911330049261,0.2629823629787445
HOBBIES_1_121,CA,2.679271708683473,0.8626273557682237
HOBBIES_1_121,TX,4.968831168831169,0.7308292241946087
HOBBIES_1_121,WI,5.996865203761756,0.7484929737658036
HOBBIES_1_122,CA,2.1812998859749144,0.6432894041316459
HOBBIES_1_122,TX,2.998432601880878,0.790302435641051
HOBBIES_1_122,WI,3.041335453100159,0.5142535295807573
HOBBIES_1_123,CA,1.994786235662148,0.30663658943548716
HOBBIES_1_123,TX,2.149438202247191,0.4161611487564183
HOBBIES_1_123,WI,3.9200819672131146,0.2687577315700471
HOBBIES_1_124,CA,1.7911985018726593,0.46522170306380295
HOBBIES_1_124,TX,3.022116903633491,0.4968895045465631
HOBBIES_1_124,WI,2.3823163138231633,0.46775068982709667
HOBBIES_1_125,CA,5.8323170731707314,0.4270158799734247
HOBBIES_1_125,TX,10.510989010989011,0.3254069378154224
HOBBIES_1_125,WI,8.140425531914893,0.31234471446760304
HOBBIES_1_126,CA,2.768451519536903,0.3409853936108736
HOBBIES_1_126,TX,5.744744744744745,0.21499480359454348
HOBBIES_1_126,WI,7.776422764227642,0.18312299529622028
HOBBIES_1_127,CA,1.6280851063829787,0.6949622606793141
HOBBIES_1_127,TX,2.9295558958652372,0.6192249046691596
HOBBIES_1_127,WI,1.7019572953736655,0.591186346857893
HOBBIES_1_128,CA,1.7187780772686434,0.28937448449566033
HOBBIES_1_128,TX,1.6722027972027973,0.33894498635771464
HOBBIES_1_128,WI,2.796783625730994,0.24893334905980655
HOBBIES_1_129,CA,1.5515004055150041,0.3100127114668892
HOBBIES_1_129,TX,1.9480651731160896,0.31407762152242713
HOBBIES_1_129,WI,1.5051140833988985,0.35435446349519056
HOBBIES_1_130,CA,1.163625304136253,0.4736671668464692
HOBBIES_1_130,TX,2.258559622195986,0.3733872603922345
HOBBIES_1_130,WI,1.2341935483870967,0.4901810967835088
HOBBIES_1_131,CA,2.063646170442287,0.6421709887341052
HOBBIES_1_131,TX,2.022198731501057,0.6042568311827797
HOBBIES_1_131,WI,2.242672919109027,0.6420000845078595
HOBBIES_1_132,CA,1.301360544217687,0.293345019112352
HOBBIES_1_132,TX,1.5170499603489294,0.3623107229328833
HOBBIES_1_132,WI,1.6364414029084688,0.35873129845379453
HOBBIES_1_133,CA,2.302045728038508,0.3000185542812574
HOBBIES_1_133,TX,2.1422172452407615,0.3665301817178659
HOBBIES_1_133,WI,2.804985337243402,0.2636130764479378
HOBBIES_1_134,CA,1.1600970285021226,0.21950134288696826
HOBBIES_1_134,TX,1.1823238566131027,0.47829330372789114
HOBBIES_1_134,WI,1.1743400859422959,0.8660636569871508
HOBBIES_1_135,CA,4.438515081206496,0.23760584489040829
HOBBIES_1_135,TX,3.350262697022767,0.2706444162419684
HOBBIES_1_135,WI,6.251633986928105,0.2633993624772312
HOBBIES_1_136,CA,6.05379746835443,0.12219824457662294
HOBBIES_1_136,TX,4.251111111111111,0.19597286185944068
HOBBIES_1_136,WI,8.10593220338983,0.09297144018157187
HOBBIES_1_137,CA,1.3674052894924946,0.3348624736216419
HOBBIES_1_137,TX,2.0681081081081083,0.3652893859930659
HOBBIES_1_137,WI,2.188787185354691,0.34686911888664107
HOBBIES_1_138,CA,3.1156351791530943,0.26672796138096344
HOBBIES_1_138,TX,2.9937402190923317,0.34711216490964963
HOBBIES_1_138,WI,3.671785028790787,0.24587171651329007
HOBBIES_1_139,CA,2.2773809523809523,0.35790177436938003
HOBBIES_1_139,TX,3.2205387205387206,0.35091909288364254
HOBBIES_1_139,WI,2.7927007299270072,0.4100475432832666
HOBBIES_1_140,CA,3.0904684975767367,0.8591856240657983
HOBBIES_1_140,TX,4.418013856812933,0.664125837009678
HOBBIES_1_140,WI,6.39799331103679,0.8088034392704023
HOBBIES_1_141,CA,1.5616326530612246,0.2982783678561153
HOBBIES_1_141,TX,1.6839788732394365,0.2594261905835411
HOBBIES_1_141,WI,1.7845149253731343,0.3044704821142131
HOBBIES_1_142,CA,1.5158478605388273,0.43065010646892166
HOBBIES_1_142,TX,1.4980422866092404,0.4065402070251786
HOBBIES_1_142,WI,1.537781350482315,0.3278410694063208
HOBBIES_1_143,CA,1.3424561403508772,0.3718417786237851
HOBBIES_1_143,TX,1.3129718599862732,0.4058486624525367
HOBBIES_1_143,WI,1.825381679389313,0.29212324062260675
HOBBIES_1_144,CA,1.1881987577639752,0.43793821549942974
HOBBIES_1_144,TX,1.911088911088911,0.28035994884795723
HOBBIES_1_144,WI,1.6944198405668733,0.3015389880417437
HOBBIES_1_145,CA,1.8394230769230768,1.0050713760707441
HOBBIES_1_145,TX,3.3738977072310408,1.884939786065191
HOBBIES_1_145,WI,3.6368821292775664,0.5971562432899548
HOBBIES_1_146,CA,1.3156808803301239,0.4732985992995337
HOBBIES_1_146,TX,1.231809401159047,0.48576901356464613
HOBBIES_1_146,WI,2.4844155844155846,0.35905960204685833
HOBBIES_1_147,CA,1.0705092333519866,0.2710317891123136
HOBBIES_1_147,TX,1.1332938388625593,0.313034337435875
HOBBIES_1_147,WI,1.199373040752351,0.3692847283163276
HOBBIES_1_148,CA,1.7156950672645739,0.17285447329390166
HOBBIES_1_148,TX,1.7534372135655363,0.2591308070129313
HOBBIES_1_148,WI,1.9701338825952626,0.2971708119543636
HOBBIES_1_149,CA,1.2702523240371846,0.3628280453610597
HOBBIES_1_149,TX,1.6102693602693603,0.38813182743783403
HOBBIES_1_149,WI,1.5110584518167456,0.4752056652157696
HOBBIES_1_150,CA,1.1057803468208092,0.601940394521466
HOBBIES_1_150,TX,1.4933645589383295,0.9592784197796292
HOBBIES_1_150,WI,1.499216300940439,0.6852300767712441
HOBBIES_1_151,CA,1.0931428571428572,0.33745876269696234
HOBBIES_1_151,TX,1.2736351531291612,0.3632177298338305
HOBBIES_1_151,WI,1.2365869424692955,0.403996876467742
HOBBIES_1_152,CA,2.123196448390677,0.3671380976663574
HOBBIES_1_152,TX,3.141215106732348,0.46750196975916997
HOBBIES_1_152,WI,3.338568935427574,0.3069468203247602
HOBBIES_1_153,CA,1.3022464261402313,0.3436129886098124
HOBBIES_1_153,TX,1.3084815321477428,0.40852124806531714
HOBBIES_1_153,WI,1.3165863730213352,0.39294209211151054
HOBBIES_1_154,CA,1.3762589928057554,0.32203948842090857
HOBBIES_1_154,TX,1.8376560999039384,0.4583898574256007
HOBBIES_1_154,WI,1.7343608340888486,0.41557829470227287
HOBBIES_1_155,CA,1.8810226155358898,0.22412447028439628
HOBBIES_1_155,TX,2.1788154897494305,0.3107844782230612
HOBBIES_1_155,WI,3.4468468468468467,0.8841991885106815
HOBBIES_1_156,CA,2.9521604938271606,0.5762379130634715
HOBBIES_1_156,TX,3.6231060606060606,0.6598562034282272
HOBBIES_1_156,WI,4.052966101694915,0.524060905138107
HOBBIES_1_157,CA,1.284754869039624,0.32511329635130704
HOBBIES_1_157,TX,2.137430167597765,0.24122571951754054
HOBBIES_1_157,WI,1.764760147601476,0.27332838944165594
HOBBIES_1_158,CA,4.010482180293501,0.19244057661978003
HOBBIES_1_158,TX,4.279642058165548,0.10414861138028277
HOBBIES_1_158,WI,2.9117199391171993,0.18893690381134096
HOBBIES_1_159,CA,1.1579903147699757,0.4311387838148281
HOBBIES_1_159,TX,2.517105263157895,0.48783667103993067
HOBBIES_1_159,WI,1.6364414029084688,0.44665928133632943
HOBBIES_1_160,CA,1.9721649484536083,0.26263731092904996
HOBBIES_1_160,TX,2.191294387170676,0.28514313765400323
HOBBIES_1_160,WI,2.338630806845966,0.2518973293760609
HOBBIES_1_161,CA,3.080515297906602,0.656245147979563
HOBBIES_1_161,TX,5.626470588235295,0.7976193770668152
HOBBIES_1_161,WI,5.6765578635014835,0.5483158771435431
HOBBIES_1_162,CA,4.337868480725623,0.32317691755969663
HOBBIES_1_162,TX,3.281303602058319,0.32957730882496844
HOBBIES_1_162,WI,3.9854166666666666,0.37527075011342126
HOBBIES_1_163,CA,1.4795050270688321,0.3393455605532113
HOBBIES_1_163,TX,2.2882775119617227,0.27951499159348064
HOBBIES_1_163,WI,2.998432601880878,0.19204401954805622
HOBBIES_1_164,CA,1.047645125958379,0.3154655848464455
HOBBIES_1_164,TX,1.4760802469135803,0.3162203285280208
HOBBIES_1_164,WI,1.962051282051282,0.25617068955382555
HOBBIES_1_165,CA,1.8627069133398246,0.4281475432003404
HOBBIES_1_165,TX,2.721194879089616,0.28525246969631096
HOBBIES_1_165,WI,2.6205479452054794,0.30821809245959575
HOBBIES_1_166,CA,2.009453781512605,0.22307344395590092
HOBBIES_1_166,TX,2.0394456289978677,0.23220672684586316
HOBBIES_1_166,WI,2.885369532428356,0.36629438847358026
HOBBIES_1_167,CA,2.063646170442287,0.5111724498478821
HOBBIES_1_167,TX,1.9540347293156282,0.601545655569119
HOBBIES_1_167,WI,2.2013808975834293,0.9893678179522897
HOBBIES_1_168,CA,2.979750778816199,0.3853277143495129
HOBBIES_1_168,TX,2.7927007299270072,0.3475072099089407
HOBBIES_1_168,WI,3.453068592057762,0.3276780550836304
HOBBIES_1_169,CA,1.1643335362142422,0.7994470031241748
HOBBIES_1_169,TX,1.5565500406834825,1.020353398461391
HOBBIES_1_169,WI,1.2200255102040816,0.6728011393724874
HOBBIES_1_170,CA,3.6788461538461537,0.21319422471208838
HOBBIES_1_170,TX,9.197115384615385,0.1300739839389118
HOBBIES_1_170,WI,4.9051282051282055,0.1953567120335012
HOBBIES_1_171,CA,2.885369532428356,0.4281108509117662
HOBBIES_1_171,TX,3.664750957854406,0.34520391491251734
HOBBIES_1_171,WI,4.140692640692641,0.3378429883335486
HOBBIES_1_172,CA,1.1551932367149758,0.4106940627453155
HOBBIES_1_172,TX,1.602177554438861,0.3452435859254303
HOBBIES_1_172,WI,1.4286781179985064,0.3667362931831249
HOBBIES_1_173,CA,1.4968701095461658,0.33047160573740697
HOBBIES_1_173,TX,1.864522417153996,0.33143090379008755
HOBBIES_1_173,WI,2.1021978021978023,0.2980007303539928
HOBBIES_1_174,CA,4.5224586288416075,0.17521154633154393
HOBBIES_1_174,TX,3.736328125,0.21670225565146592
HOBBIES_1_174,WI,6.665505226480836,0.11965491512667678
HOBBIES_1_175,CA,2.6422651933701657,0.29066656560511994
HOBBIES_1_175,TX,5.434659090909091,0.17410203228547222
HOBBIES_1_175,WI,2.543882978723404,0.30146806320149605
HOBBIES_1_176,CA,2.3646477132262054,0.33641141073583186
HOBBIES_1_176,TX,2.436942675159236,0.3430560222086617
HOBBIES_1_176,WI,4.377574370709382,0.24395137384613208
HOBBIES_1_177,CA,1.6420600858369099,0.2683619968899104
HOBBIES_1_177,TX,1.7979323308270676,0.3785467392488984
HOBBIES_1_177,WI,1.8699902248289344,0.31402794465328254
HOBBIES_1_178,CA,1.1339656194427978,0.3330910447765368
HOBBIES_1_178,TX,1.1889372280919825,0.5856904202907208
HOBBIES_1_178,WI,1.1629179331306991,0.5928524548007634
HOBBIES_1_179,CA,1.161505768063145,0.2835253024286459
HOBBIES_1_179,TX,1.2286448298008992,0.2993576255457694
HOBBIES_1_179,WI,1.3147766323024055,0.3816385924179728
HOBBIES_1_180,CA,4.0702127659574465,0.2992654675761633
HOBBIES_1_180,TX,8.695454545454545,0.1407567170665548
HOBBIES_1_180,WI,8.390350877192983,0.17079743278994197
HOBBIES_1_181,CA,5.14247311827957,0.1926344826037364
HOBBIES_1_181,TX,9.023584905660377,0.11205634544497105
HOBBIES_1_181,WI,9.710659898477157,0.12688734355046738
HOBBIES_1_183,CA,2.324422843256379,0.40314783990188324
HOBBIES_1_183,TX,2.7604617604617605,0.36918246344780686
HOBBIES_1_183,WI,3.8646464646464644,0.2814334267248383
HOBBIES_1_184,CA,2.149438202247191,0.25687748180573805
HOBBIES_1_184,TX,6.05379746835443,0.17425831145849785
HOBBIES_1_184,WI,1.9460834181078333,0.28132241305656047
HOBBIES_1_185,CA,1.5003921568627452,0.40381189427455655
HOBBIES_1_185,TX,2.135044642857143,0.3174651609915572
HOBBIES_1_185,WI,2.446291560102302,0.3185679270595239
HOBBIES_1_186,CA,5.868098159509202,0.334864223502749
HOBBIES_1_186,TX,14.066176470588236,0.23020299497684668
HOBBIES_1_186,WI,10.569060773480663,0.22942914307737902
HOBBIES_1_187,CA,1.4840961986035686,0.41559448760924517
HOBBIES_1_187,TX,1.9072781655034896,0.2731441921518402
HOBBIES_1_187,WI,2.527080581241744,0.2609478003768436
HOBBIES_1_188,CA,3.9200819672131146,0.23568187068299862
HOBBIES_1_188,TX,3.650763358778626,0.19743308683775876
HOBBIES_1_188,WI,3.912065439672802,0.19083314703597265
HOBBIES_1_189,CA,1.1779556650246306,0.4783316720206557
HOBBIES_1_189,TX,1.3732950466618807,0.7553324236318055
HOBBIES_1_189,WI,1.2031446540880504,0.5536995567969284
HOBBIES_1_190,CA,4.7002457002457,0.2609310141612438
HOBBIES_1_190,TX,8.140425531914893,0.1805724680772731
HOBBIES_1_190,WI,6.688811188811189,0.20738945668622824
HOBBIES_1_191,CA,4.298876404494382,0.27662346715961617
HOBBIES_1_191,TX,4.308558558558558,0.29115533993845966
HOBBIES_1_191,WI,8.57847533632287,0.24375719064254803
HOBBIES_1_192,CA,3.9771309771309773,0.2672006023577556
HOBBIES_1_192,TX,7.218867924528302,0.12983974486082964
HOBBIES_1_192,WI,7.561264822134388,0.14373100805918881
HOBBIES_1_193,CA,1.5928393005828476,0.41229228692503295
HOBBIES_1_193,TX,1.911088911088911,0.4429829552736128
HOBBIES_1_193,WI,3.1883333333333335,0.2602384199222002
HOBBIES_1_194,CA,1.1531042796865583,0.286844499682372
HOBBIES_1_194,TX,1.2770360480640854,0.4288453539722739
HOBBIES_1_194,WI,1.2405966277561609,0.38044847071705007
HOBBIES_1_195,CA,1.379235760634463,0.30747944640442737
HOBBIES_1_195,TX,2.156708004509583,0.2568105287884356
HOBBIES_1_195,WI,1.7566574839302111,0.3030143070868221
HOBBIES_1_197,CA,2.2882775119617227,0.24676076141483516
HOBBIES_1_197,TX,3.5823970037453186,0.1415974388781503
HOBBIES_1_197,WI,2.7525179856115107,0.18795990313298275
HOBBIES_1_198,CA,1.3509887005649717,0.4982405393792783
HOBBIES_1_198,TX,2.527080581241744,0.3663028802387871
HOBBIES_1_198,WI,4.0963597430406855,0.267151142211083
HOBBIES_1_199,CA,1.9284274193548387,0.5116832688984707
HOBBIES_1_199,TX,1.3922852983988354,0.38761354371809115
HOBBIES_1_199,WI,1.9803312629399585,0.3225463989637305
HOBBIES_1_200,CA,1.5027494108405341,0.29550043311433116
HOBBIES_1_200,TX,1.9401622718052738,0.30583390564999574
HOBBIES_1_200,WI,1.6211864406779661,0.32073784359863183
HOBBIES_1_201,CA,1.0170122275385434,0.25148528583291724
HOBBIES_1_201,TX,1.0257372654155497,0.3510752094911274
HOBBIES_1_201,WI,1.2618733509234827,0.3492682120858795
HOBBIES_1_202,CA,1.1233118027011157,0.7529930258455502
HOBBIES_1_202,TX,1.4329588014981274,0.8124673603830878
HOBBIES_1_202,WI,1.3174931129476584,0.7156023389104941
HOBBIES_1_203,CA,2.6606397774687065,0.328417525730001
HOBBIES_1_203,TX,4.260579064587973,0.2701197297438309
HOBBIES_1_203,WI,2.889728096676737,0.3511168803241929
HOBBIES_1_204,CA,4.105150214592275,0.29596950268817207
HOBBIES_1_204,TX,4.5875299760191846,0.3998762282817815
HOBBIES_1_204,WI,4.347727272727273,0.432278613639438
HOBBIES_1_205,CA,4.185995623632385,0.22517864301943996
HOBBIES_1_205,TX,3.2756849315068495,0.24966829797442672
HOBBIES_1_205,WI,5.14247311827957,0.16108202090246015
HOBBIES_1_206,CA,3.4718693284936477,0.2916508996067505
HOBBIES_1_206,TX,4.279642058165548,0.33371916510549554
HOBBIES_1_206,WI,3.780632411067194,0.4681232123212321
HOBBIES_1_207,CA,1.8699902248289344,0.31109831336599203
HOBBIES_1_207,TX,1.7280939476061428,0.4146416090140019
HOBBIES_1_207,WI,1.681019332161687,0.3919859554874907
HOBBIES_1_208,CA,1.9362348178137652,0.39486761923392416
HOBBIES_1_208,TX,4.010482180293501,0.8007673557363925
HOBBIES_1_208,WI,2.705799151343706,0.4066229344991823
HOBBIES_1_209,CA,1.022447888829503,0.5499163038497308
HOBBIES_1_209,TX,1.082625919637804,1.2719479680423034
HOBBIES_1_209,WI,1.0894077448747153,0.824407609397783
HOBBIES_1_210,CA,1.6322525597269624,0.4897433248327133
HOBBIES_1_210,TX,1.554021121039805,0.49428536317681376
HOBBIES_1_210,WI,2.1446188340807173,0.37785772965214454
HOBBIES_1_211,CA,2.772463768115942,0.49987192634571675
HOBBIES_1_211,TX,3.4845173041894353,0.5216936429020415
HOBBIES_1_211,WI,3.204355108877722,0.6728701112055113
HOBBIES_1_212,CA,4.867684478371501,0.1555844351546141
HOBBIES_1_212,TX,7.218867924528302,0.07160773562575214
HOBBIES_1_212,WI,11.881987577639752,0.12379359567901238
HOBBIES_1_213,CA,1.108342989571263,0.3267136791554006
HOBBIES_1_213,TX,1.5954962468723937,0.3288945596995839
HOBBIES_1_213,WI,1.9865005192107996,0.34949920666364515
HOBBIES_1_214,CA,2.784570596797671,0.2667561538075222
HOBBIES_1_214,TX,4.5875299760191846,0.18749836858400337
HOBBIES_1_214,WI,5.358543417366946,0.2066356393224309
HOBBIES_1_215,CA,1.189676616915423,0.31622378452280764
HOBBIES_1_215,TX,2.698166431593794,0.28245175327485506
HOBBIES_1_215,WI,2.338630806845966,0.2638251684629047
HOBBIES_1_216,CA,1.1468824940047961,0.6325454863733057
HOBBIES_1_216,TX,1.5515004055150041,1.0443665133794842
HOBBIES_1_216,WI,1.4647779479326186,0.5203205876724188
HOBBIES_1_217,CA,4.113978494623656,0.2408063412851334
HOBBIES_1_217,TX,14.492424242424242,0.06558561813993406
HOBBIES_1_217,WI,3.0173501577287065,0.32456344381887475
HOBBIES_1_218,CA,2.599184782608696,0.3311988698257313
HOBBIES_1_218,TX,4.943152454780361,0.25345769761729753
HOBBIES_1_218,WI,4.279642058165548,0.2878584070311098
HOBBIES_1_219,CA,4.044397463002114,0.29446974521164887
HOBBIES_1_219,TX,5.71044776119403,0.3154490254266682
HOBBIES_1_219,WI,6.272131147540984,0.3008758778035267
HOBBIES_1_220,CA,1.9284274193548387,0.5405574484626241
HOBBIES_1_220,TX,2.3705080545229245,0.6221130603503444
HOBBIES_1_220,WI,1.4681504221028396,0.6411301687213742
HOBBIES_1_221,CA,1.6577123050259965,0.3933936475505372
HOBBIES_1_221,TX,2.412358133669609,0.24258884336903483
HOBBIES_1_221,WI,1.825381679389313,0.3378162512580919
HOBBIES_1_223,CA,2.7525179856115107,1.0035910888507156
HOBBIES_1_223,TX,5.744744744744745,0.9149507215124805
HOBBIES_1_223,WI,4.576555023923445,0.720496955477201
HOBBIES_1_224,CA,2.135044642857143,0.32858032970398465
HOBBIES_1_224,TX,3.9524793388429753,0.21728567203278834
HOBBIES_1_224,WI,3.912065439672802,0.2036919483300031
HOBBIES_1_225,CA,1.7762302692664809,0.2839067620997637
HOBBIES_1_225,TX,1.8149905123339658,0.3218933854516578
HOBBIES_1_225,WI,2.455712451861361,0.23281213441834153
HOBBIES_1_226,CA,1.4829457364341085,0.2920166499976296
HOBBIES_1_226,TX,1.6062132661628883,0.2977012794604793
HOBBIES_1_226,WI,1.8997020854021847,0.31366711150762866
HOBBIES_1_227,CA,1.6884377758164166,0.5204533321182315
HOBBIES_1_227,TX,3.609433962264151,0.39745579895474253
HOBBIES_1_227,WI,2.9751166407465006,0.5490285957029873
HOBBIES_1_228,CA,1.1475704859028195,0.2577953886565873
HOBBIES_1_228,TX,1.199373040752351,0.3048022143342728
HOBBIES_1_228,WI,1.2039018250471996,0.32554138289763673
HOBBIES_1_229,CA,4.746898263027295,0.3524702633014835
HOBBIES_1_229,TX,4.377574370709382,0.3625887871813965
HOBBIES_1_229,WI,7.059040590405904,0.23938859197538662
HOBBIES_1_230,CA,4.7825,0.18501514542886893
HOBBIES_1_230,TX,3.1207177814029365,0.2165072678883174
HOBBIES_1_230,WI,5.3887323943661976,0.11353348044102984
HOBBIES_1_231,CA,1.2585526315789475,0.3075159595630359
HOBBIES_1_231,TX,1.2544262295081967,0.30783596747054603
HOBBIES_1_231,WI,1.58099173553719,0.3162677121498508
HOBBIES_1_232,CA,4.289237668161435,0.5533011546260749
HOBBIES_1_232,TX,5.15633423180593,0.8829848656526896
HOBBIES_1_232,WI,4.654501216545012,0.6589354022614017
HOBBIES_1_233,CA,1.0191795418220564,0.430823929234238
HOBBIES_1_233,TX,1.0522552255225524,0.7861872464363545
HOBBIES_1_233,WI,1.0574903261470425,0.6918780828205147
HOBBIES_1_234,CA,1.5565500406834825,1.259805983681343
HOBBIES_1_234,TX,1.9072781655034896,1.0379012095993352
HOBBIES_1_234,WI,1.782851817334576,1.2956936011955658
HOBBIES_1_235,CA,1.3635067712045617,0.3629302586232573
HOBBIES_1_235,TX,1.4603053435114504,0.3938085197868448
HOBBIES_1_235,WI,1.2046599496221662,0.38426576972510923
HOBBIES_1_236,CA,1.352899575671853,0.29363163589961133
HOBBIES_1_236,TX,1.4244229337304541,0.3026815875505923
HOBBIES_1_236,WI,1.7234234234234234,0.4159484210366695
HOBBIES_1_237,CA,1.0912721049629206,0.34940517336663857
HOBBIES_1_237,TX,1.3664285714285713,0.3810542749173827
HOBBIES_1_237,WI,1.4806501547987616,0.34393735849054524
HOBBIES_1_238,CA,1.3349616189811584,0.33383064917525557
HOBBIES_1_238,TX,1.4405120481927711,0.2806411125231123
HOBBIES_1_238,WI,1.4910366328916602,0.3089803978646645
HOBBIES_1_239,CA,1.608915054667788,0.4710262260762197
HOBBIES_1_239,TX,2.4062893081761008,0.3130619618190255
HOBBIES_1_239,WI,1.7615101289134438,0.4037150863431069
HOBBIES_1_240,CA,1.3772498200143988,0.48423467408692444
HOBBIES_1_240,TX,1.7343608340888486,0.4159034432088058
HOBBIES_1_240,WI,2.0243386243386245,0.4139843154192154
HOBBIES_1_241,CA,2.4276649746192893,0.4194437109112319
HOBBIES_1_241,TX,2.550666666666667,0.3091984657667996
HOBBIES_1_241,WI,4.480093676814988,0.23889880921127546
HOBBIES_1_242,CA,1.0159320233669675,0.39205132272539805
HOBBIES_1_242,TX,1.1881987577639752,0.46927060157177997
HOBBIES_1_242,WI,1.1714635639926516,0.49848575014369445
HOBBIES_1_243,CA,2.4941329856584096,0.3502494242197736
HOBBIES_1_243,TX,4.01890756302521,0.27228908906234256
HOBBIES_1_243,WI,6.807829181494662,0.10483635501540993
HOBBIES_1_244,CA,1.132622853759621,0.37128673979150323
HOBBIES_1_244,TX,1.3084815321477428,0.7766427109693075
HOBBIES_1_244,WI,1.175061425061425,0.50144626666653
HOBBIES_1_245,CA,3.07556270096463,0.2975567344868632
HOBBIES_1_245,TX,6.956363636363636,0.11854113719376336
HOBBIES_1_245,WI,3.912065439672802,0.1996488161588337
HOBBIES_1_246,CA,3.172470978441128,0.4587832225913622
HOBBIES_1_246,TX,4.711822660098522,0.3579994044890253
HOBBIES_1_246,WI,4.631961259079903,0.3786898322206595
HOBBIES_1_247,CA,2.649584487534626,0.3307571294039127
HOBBIES_1_247,TX,3.1258169934640523,0.30845575035944295
HOBBIES_1_247,WI,3.826,0.28365687633133113
HOBBIES_1_248,CA,1.2838926174496643,0.7758727321714208
HOBBIES_1_248,TX,1.407652685798381,0.9189211511665689
HOBBIES_1_248,WI,1.2023884349465745,0.5313767023768485
HOBBIES_1_249,CA,1.145508982035928,0.36685425856869797
HOBBIES_1_249,TX,1.5616326530612246,0.3348206695095659
HOBBIES_1_249,WI,1.1779556650246306,0.3772218188520234
HOBBIES_1_250,CA,2.609822646657572,0.293291187163872
HOBBIES_1_250,TX,2.8257016248153617,0.30608129694504116
HOBBIES_1_250,WI,4.5224586288416075,0.20057807456532514
HOBBIES_1_251,CA,2.6569444444444446,0.3625835736875846
HOBBIES_1_251,TX,2.3530135301353012,0.2942487437079261
HOBBIES_1_251,WI,2.2882775119617227,0.2912848158382294
HOBBIES_1_252,CA,3.4160714285714286,0.5034646943833169
HOBBIES_1_252,TX,3.4468468468468467,0.5863690518598136
HOBBIES_1_252,WI,3.8568548387096775,0.8717783398561028
HOBBIES_1_253,CA,2.8984848484848484,0.4156982784918407
HOBBIES_1_253,TX,4.459207459207459,0.3348535246287771
HOBBIES_1_253,WI,2.7485632183908044,0.48330455307919445
HOBBIES_1_254,CA,1.0105652403592182,0.3713898242295434
HOBBIES_1_254,TX,1.0436442989634478,0.6774440772841006
HOBBIES_1_254,WI,1.0735129068462401,0.6647421150954941
HOBBIES_1_255,CA,1.9091816367265468,0.7051551667783552
HOBBIES_1_255,TX,4.1496746203904555,0.8185359707073188
HOBBIES_1_255,WI,2.671787709497207,0.6734288072747637
HOBBIES_1_256,CA,1.132622853759621,0.38608767990875076
HOBBIES_1_256,TX,1.205419029615627,0.604737617427319
HOBBIES_1_256,WI,1.1772307692307693,0.600347232214344
HOBBIES_1_257,CA,2.149438202247191,0.23524755283923648
HOBBIES_1_257,TX,1.9660842754367933,0.29074060902532084
HOBBIES_1_257,WI,4.501176470588235,0.15570617329181172
HOBBIES_1_258,CA,1.0442139737991267,0.3358880283190914
HOBBIES_1_258,TX,1.3312456506610995,0.35347028965819605
HOBBIES_1_258,WI,1.294316644113667,0.43494393396522024
HOBBIES_1_259,CA,2.022198731501057,0.46812857643224665
HOBBIES_1_259,TX,2.4062893081761008,0.3413294599313714
HOBBIES_1_259,WI,3.05103668261563,0.2507835043080731
HOBBIES_1_260,CA,1.7928772258669166,0.32091423574656186
HOBBIES_1_260,TX,1.7312217194570136,0.3025194521456939
HOBBIES_1_260,WI,2.6532593619972262,0.29651380467021743
HOBBIES_1_261,CA,1.4864024864024865,0.7164129365812587
HOBBIES_1_261,TX,3.07556270096463,0.8864659902422639
HOBBIES_1_261,WI,1.7172351885098742,0.8958068388417595
HOBBIES_1_262,CA,2.855223880597015,0.3025654758484029
HOBBIES_1_262,TX,3.8336673346693386,0.3263170251432246
HOBBIES_1_262,WI,5.978125,0.22655205004226367
HOBBIES_1_263,CA,3.729044834307992,0.33191048602853734
HOBBIES_1_263,TX,5.313888888888889,0.17170375423568635
HOBBIES_1_263,WI,4.337868480725623,0.21415409626282947
HOBBIES_1_264,CA,1.165752589884217,0.4154741485799764
HOBBIES_1_264,TX,1.2495101241018942,0.4258975140367445
HOBBIES_1_264,WI,1.8681640625,0.3161958175295544
HOBBIES_1_265,CA,2.139821029082774,0.4130837746182622
HOBBIES_1_265,TX,2.6755244755244756,0.30060021426907746
HOBBIES_1_265,WI,2.8298816568047336,0.3622242377487266
HOBBIES_1_266,CA,1.2069400630914826,0.4693076634389486
HOBBIES_1_266,TX,1.2899527983816588,0.48509180085664333
HOBBIES_1_266,WI,2.347239263803681,0.28381280349784294
HOBBIES_1_267,CA,4.158695652173913,0.3583655684496021
HOBBIES_1_267,TX,3.1463815789473686,0.24421917101662352
HOBBIES_1_267,WI,8.281385281385282,0.20130782608695655
HOBBIES_1_268,CA,1.1319526627218934,0.433441426810776
HOBBIES_1_268,TX,1.230225080385852,0.6487499099925741
HOBBIES_1_268,WI,1.1551932367149758,0.6507386981072112
HOBBIES_1_269,CA,6.39799331103679,0.3416984171341889
HOBBIES_1_269,TX,11.593939393939394,0.2765348778521378
HOBBIES_1_269,WI,7.776422764227642,0.2697892299909783
HOBBIES_1_270,CA,1.568032786885246,0.34398601736618784
HOBBIES_1_270,TX,1.962051282051282,0.3316105585576351
HOBBIES_1_270,WI,1.586235489220564,0.33721063448829175
HOBBIES_1_271,CA,2.41540404040404,0.3474408332781772
HOBBIES_1_271,TX,2.609822646657572,0.5218610228607995
HOBBIES_1_271,WI,5.512968299711815,0.27174541431625726
HOBBIES_1_272,CA,3.6859344894026975,0.22107558198418362
HOBBIES_1_272,TX,8.281385281385282,0.07705314009661836
HOBBIES_1_272,WI,3.788118811881188,0.19404212033526194
HOBBIES_1_273,CA,1.7598896044158234,0.284703777657021
HOBBIES_1_273,TX,4.735148514851486,0.14461534986977112
HOBBIES_1_273,WI,1.673665791776028,0.27421182444259334
HOBBIES_1_274,CA,5.940993788819876,0.19614641602103622
HOBBIES_1_274,TX,2.421518987341772,0.36153824868897916
HOBBIES_1_274,WI,2.8257016248153617,0.304019660558089
HOBBIES_1_275,CA,1.6649260226283724,0.28600740688578746
HOBBIES_1_275,TX,1.6157094594594594,0.21529300311606733
HOBBIES_1_275,WI,1.8465250965250966,0.32417329301988956
HOBBIES_1_276,CA,1.1359857482185274,0.3316909627452063
HOBBIES_1_276,TX,1.7811918063314711,0.25408845531412155
HOBBIES_1_276,WI,1.4212481426448738,0.34294901537560546
HOBBIES_1_277,CA,1.1006904487917146,0.8866862217378837
HOBBIES_1_277,TX,1.402492668621701,0.6441298301849256
HOBBIES_1_277,WI,1.3902616279069768,0.8119662579210722
HOBBIES_1_278,CA,1.1671751067724223,0.6251650601259527
HOBBIES_1_278,TX,1.4558599695585996,1.0883913611529423
HOBBIES_1_278,WI,1.2031446540880504,0.736206702687911
HOBBIES_1_279,CA,2.5609103078982596,0.5680139855571865
HOBBIES_1_279,TX,3.0954692556634305,0.48720693067177995
HOBBIES_1_279,WI,3.650763358778626,0.4829781819583388
HOBBIES_1_280,CA,1.1852540272614622,0.32266094714224475
HOBBIES_1_280,TX,2.2013808975834293,0.35450051698719626
HOBBIES_1_280,WI,2.35012285012285,0.2681675467196052
HOBBIES_1_281,CA,1.8500967117988394,0.26220083103293385
HOBBIES_1_281,TX,2.139821029082774,0.3452901789952321
HOBBIES_1_281,WI,2.0816104461371054,0.34006247081189556
HOBBIES_1_282,CA,1.3973703433162892,0.38486018505506525
HOBBIES_1_282,TX,1.774582560296846,0.38910372978004504
HOBBIES_1_282,WI,1.894059405940594,0.34624590776522546
HOBBIES_1_283,CA,6.906137184115524,0.24713035259307964
HOBBIES_1_283,TX,4.554761904761905,0.22405186686661477
HOBBIES_1_283,WI,6.211038961038961,0.22604768691572105
HOBBIES_1_284,CA,3.4655797101449277,0.17186851614430657
HOBBIES_1_284,TX,3.1055194805194803,0.25892251032963987
HOBBIES_1_284,WI,5.868098159509202,0.20284110364793945
HOBBIES_1_285,CA,4.677261613691932,0.22853140810426426
HOBBIES_1_285,TX,5.2554945054945055,0.20072089445593883
HOBBIES_1_285,WI,6.376666666666667,0.1714189224204361
HOBBIES_1_286,CA,1.0148541114058356,0.5455334285037008
HOBBIES_1_286,TX,1.093767867352773,0.8734761539224343
HOBBIES_1_286,WI,1.1306146572104019,0.6644935259025654
HOBBIES_1_287,CA,1.485248447204969,0.3774483633374345
HOBBIES_1_287,TX,1.9885654885654886,0.3234946876574326
HOBBIES_1_287,WI,2.159142212189616,0.3422373404361389
HOBBIES_1_288,CA,1.145508982035928,0.7134160053098071
HOBBIES_1_288,TX,1.548987854251012,1.3525100483105665
HOBBIES_1_288,WI,1.2341935483870967,0.9042929416702471
HOBBIES_1_289,CA,2.3588162762022193,0.38594045590476084
HOBBIES_1_289,TX,4.735148514851486,0.1992792018200755
HOBBIES_1_289,WI,1.825381679389313,0.42195998043889377
HOBBIES_1_290,CA,1.9640657084188913,0.29508513895214744
HOBBIES_1_290,TX,3.007861635220126,0.2407204882028498
HOBBIES_1_290,WI,4.643203883495145,0.16458746748763556
HOBBIES_1_292,CA,3.309688581314879,0.33820718197657423
HOBBIES_1_292,TX,3.9688796680497926,0.410636005848
HOBBIES_1_292,WI,5.528901734104046,0.1854847608196867
HOBBIES_1_293,CA,1.7312217194570136,0.3850478876828359
HOBBIES_1_293,TX,2.6606397774687065,0.34300869355142943
HOBBIES_1_293,WI,2.6386206896551725,0.34363914459479655
HOBBIES_1_294,CA,4.0788912579957355,0.27004948268106155
HOBBIES_1_294,TX,3.0125984251968503,0.4186820174967991
HOBBIES_1_294,WI,6.231270358306189,0.16560869407781578
HOBBIES_1_295,CA,1.1332938388625593,0.3396124704115689
HOBBIES_1_295,TX,1.2381877022653722,0.7281808577118657
HOBBIES_1_295,WI,1.1714635639926516,0.5290075856425954
HOBBIES_1_296,CA,1.2618733509234827,0.32294588181176836
HOBBIES_1_296,TX,2.6422651933701657,0.28366705619533034
HOBBIES_1_296,WI,1.6944198405668733,0.31540416532168125
HOBBIES_1_297,CA,1.1414081145584725,0.2915952027139702
HOBBIES_1_297,TX,1.651986183074266,0.29475865760923337
HOBBIES_1_297,WI,1.6102693602693603,0.3175184167506729
HOBBIES_1_298,CA,1.282171581769437,0.40216745625501976
HOBBIES_1_298,TX,1.6406518010291595,0.3155124324234286
HOBBIES_1_298,WI,1.4066176470588236,0.3649748992349288
HOBBIES_1_299,CA,3.080515297906602,0.5081750784445664
HOBBIES_1_299,TX,2.4032663316582914,0.42510149596374125
HOBBIES_1_299,WI,3.2423728813559323,0.4951311597344295
HOBBIES_1_300,CA,1.2787433155080214,0.31320004326096773
HOBBIES_1_300,TX,1.7911985018726593,0.36309715596946623
HOBBIES_1_300,WI,1.7895229186155286,0.3167714876564065
HOBBIES_1_301,CA,1.3443429374560787,0.4144515438470304
HOBBIES_1_301,TX,1.3340306834030684,0.3725175527641656
HOBBIES_1_301,WI,1.4806501547987616,0.43374144873709153
HOBBIES_1_302,CA,4.855329949238579,0.16550852365550106
HOBBIES_1_302,TX,8.427312775330396,0.08310800510065466
HOBBIES_1_302,WI,2.943076923076923,0.19225812499249567
HOBBIES_1_303,CA,1.9721649484536083,0.37141763957728785
HOBBIES_1_303,TX,5.64306784660767,0.1658015902366864
HOBBIES_1_303,WI,2.324422843256379,0.2892125992418448
HOBBIES_1_304,CA,2.668061366806137,0.2468526747593471
HOBBIES_1_304,TX,3.0365079365079364,0.278961326238963
HOBBIES_1_304,WI,4.643203883495145,0.1665725151117701
HOBBIES_1_305,CA,2.2479435957696827,0.3528010009722
HOBBIES_1_305,TX,2.269276393831554,0.36480588686493187
HOBBIES_1_305,WI,4.843037974683544,0.17251498561275527
HOBBIES_1_306,CA,2.137430167597765,0.3328555212041207
HOBBIES_1_306,TX,3.2589437819420786,0.3149354956306347
HOBBIES_1_306,WI,4.010482180293501,0.2006012170202013
HOBBIES_1_307,CA,2.804985337243402,0.2359622911097582
HOBBIES_1_307,TX,5.403954802259887,0.13907228268691638
HOBBIES_1_307,WI,3.172470978441128,0.2376339616325884
HOBBIES_1_308,CA,2.23220536756126,0.3166306168277514
HOBBIES_1_308,TX,2.2270081490104774,0.29749282827014584
HOBBIES_1_308,WI,2.855223880597015,0.37425380002227004
HOBBIES_1_309,CA,1.3340306834030684,0.4354536586270281
HOBBIES_1_309,TX,1.7065120428189118,0.4390228760720873
HOBBIES_1_309,WI,2.6133879781420766,0.37716600740999034
HOBBIES_1_310,CA,1.1167542323409223,0.3685870772122964
HOBBIES_1_310,TX,1.9362348178137652,0.36674355746759385
HOBBIES_1_310,WI,1.5928393005828476,0.42732201155075145
HOBBIES_1_311,CA,3.9524793388429753,0.3579345671002546
HOBBIES_1_311,TX,5.727544910179641,0.24048777269262916
HOBBIES_1_311,WI,3.4406474820143886,0.3377268005363349
HOBBIES_1_312,CA,1.1400476758045293,0.6643142421979995
HOBBIES_1_312,TX,1.3548158640226629,1.1105752728873184
HOBBIES_1_312,WI,1.1650426309378807,0.49642874726396097
HOBBIES_1_313,CA,1.1427718040621266,0.4230045830103713
HOBBIES_1_313,TX,1.4086892488954346,0.39975536149587243
HOBBIES_1_313,WI,1.4201930215293244,0.45565949794742033
HOBBIES_1_314,CA,3.0904684975767367,0.25851807183617986
HOBBIES_1_314,TX,3.664750957854406,0.18432004568455446
HOBBIES_1_314,WI,3.5036630036630036,0.19710385321100918
HOBBIES_1_315,CA,1.9927083333333333,0.37145121127717395
HOBBIES_1_315,TX,3.595864661654135,0.22586634100198363
HOBBIES_1_315,WI,2.889728096676737,0.23579442657243635
HOBBIES_1_316,CA,1.726534296028881,0.8188640742755819
HOBBIES_1_316,TX,2.1302895322939865,1.0622557562538946
HOBBIES_1_316,WI,1.8500967117988394,0.650517581129935
HOBBIES_1_317,CA,1.0887877063175868,0.30010234306012545
HOBBIES_1_317,TX,1.42548435171386,0.38695580621812475
HOBBIES_1_317,WI,1.6854625550660793,0.31187011277095816
HOBBIES_1_318,CA,3.8724696356275303,0.4117443799346654
HOBBIES_1_318,TX,5.626470588235295,0.28481759957443914
HOBBIES_1_318,WI,4.459207459207459,0.573204796761852
HOBBIES_1_319,CA,1.022447888829503,0.5332997383628697
HOBBIES_1_319,TX,1.1794081381011097,0.5893243890800546
HOBBIES_1_319,WI,1.0663322185061315,0.6744548825423917
HOBBIES_1_320,CA,1.0723094170403586,0.4046326148965092
HOBBIES_1_320,TX,1.0729108244531689,0.4940561409457314
HOBBIES_1_320,WI,2.1021978021978023,0.26174243504798816
HOBBIES_1_321,CA,1.069910514541387,0.34068050251568127
HOBBIES_1_321,TX,1.338698390482855,0.4053354612261985
HOBBIES_1_321,WI,1.709562109025916,0.34702556179401023
HOBBIES_1_322,CA,2.5472703062583224,0.250959589200746
HOBBIES_1_322,TX,4.002092050209205,0.20341489866971346
HOBBIES_1_322,WI,2.4973890339425586,0.2555790846734182
HOBBIES_1_323,CA,1.0180947312400213,0.24058471278436888
HOBBIES_1_323,TX,1.0036726128016789,0.19078738196789666
HOBBIES_1_323,WI,1.0912721049629206,0.3398978549202069
HOBBIES_1_324,CA,1.1664634146341464,0.31935440276285537
HOBBIES_1_324,TX,1.6505608283002589,0.34199227564403867
HOBBIES_1_324,WI,1.5086750788643533,0.3407439345537948
HOBBIES_1_325,CA,4.0788912579957355,0.2789336863410936
HOBBIES_1_325,TX,7.776422764227642,0.10009540601549953
HOBBIES_1_325,WI,4.631961259079903,0.22489563340475113
HOBBIES_1_326,CA,1.3377622377622378,0.3889884365085411
HOBBIES_1_326,TX,1.453647416413374,0.38903946270495093
HOBBIES_1_326,WI,1.542741935483871,0.3990478042444394
HOBBIES_1_327,CA,1.4659003831417625,0.294978565471911
HOBBIES_1_327,TX,1.7878504672897195,0.2973098445839824
HOBBIES_1_327,WI,1.4692780337941629,0.30898301872378997
HOBBIES_1_328,CA,1.169315403422983,0.3844735413709747
HOBBIES_1_328,TX,2.2719714964370548,0.3690786864752905
HOBBIES_1_328,WI,1.542741935483871,0.33647715078838214
HOBBIES_1_329,CA,1.0464989059080962,0.29510365537839706
HOBBIES_1_329,TX,1.1765067650676506,0.35365123990237807
HOBBIES_1_329,WI,1.2787433155080214,0.36040660511807654
HOBBIES_1_330,CA,1.0717086834733893,0.3252727362432514
HOBBIES_1_330,TX,1.2527832351015062,0.38548590695552115
HOBBIES_1_330,WI,1.0379815518176885,0.2860369992831315
HOBBIES_1_331,CA,2.028632025450689,0.8073855998680924
HOBBIES_1_331,TX,2.744619799139168,0.8896492320285685
HOBBIES_1_331,WI,2.8382789317507418,0.7045874119035093
HOBBIES_1_332,CA,1.5515004055150041,0.3545359131689263
HOBBIES_1_332,TX,1.9245472837022133,0.30857603412926404
HOBBIES_1_332,WI,1.7696577243293248,0.31418635707301074
HOBBIES_1_333,CA,2.0592034445640475,0.46069398314676147
HOBBIES_1_333,TX,3.9200819672131146,0.1964683398075477
HOBBIES_1_333,WI,2.4747736093143597,0.35481775480797734
HOBBIES_1_334,CA,2.686797752808989,0.3954089790920151
HOBBIES_1_334,TX,6.419463087248322,0.8979096290264739
HOBBIES_1_334,WI,3.5036630036630036,0.3975746661552112
HOBBIES_1_335,CA,5.64306784660767,0.3560790930637503
HOBBIES_1_335,TX,5.71044776119403,0.3649264686620769
HOBBIES_1_335,WI,6.15112540192926,0.4066241995929729
HOBBIES_1_336,CA,4.367579908675799,0.2799426293669146
HOBBIES_1_336,TX,5.114973262032086,0.22995369242018035
HOBBIES_1_336,WI,10.569060773480663,0.16635127046918985
HOBBIES_1_337,CA,1.0063124671225672,0.19361276398722238
HOBBIES_1_337,TX,1.0148541114058356,0.27255750881635443
HOBBIES_1_337,WI,1.1206795547744581,0.4339877540108069
HOBBIES_1_338,CA,1.0639599555061179,0.2965738099577506
HOBBIES_1_338,TX,1.1174065420560748,0.4362893753671472
HOBBIES_1_338,WI,1.764760147601476,0.2937866111998741
HOBBIES_1_339,CA,2.4876462938881665,0.39714522453985857
HOBBIES_1_339,TX,4.122844827586207,0.347757210238172
HOBBIES_1_339,WI,3.8413654618473894,0.3658934688831952
HOBBIES_1_340,CA,2.8091042584434653,0.38155850486861626
HOBBIES_1_340,TX,2.85949177877429,0.4186905637596131
HOBBIES_1_340,WI,7.111524163568773,0.19180502271802524
HOBBIES_1_341,CA,1.1213364595545134,0.3695552362953271
HOBBIES_1_341,TX,1.1779556650246306,0.7338745289229817
HOBBIES_1_341,WI,1.1765067650676506,0.5642103759123779
HOBBIES_1_342,CA,2.028632025450689,0.28894638112645415
HOBBIES_1_342,TX,2.2270081490104774,0.292345266556526
HOBBIES_1_342,WI,2.4941329856584096,0.23590672041463256
HOBBIES_1_343,CA,1.148948948948949,0.41101048071674695
HOBBIES_1_343,TX,1.1808641975308642,0.38947712536068396
HOBBIES_1_343,WI,1.3022464261402313,0.48237835043032284
HOBBIES_1_344,CA,4.367579908675799,0.32432644245400627
HOBBIES_1_344,TX,6.131410256410256,0.3051906061099336
HOBBIES_1_344,WI,7.591269841269841,0.25986487832067307
HOBBIES_1_345,CA,1.0499451152579582,0.3750904386374888
HOBBIES_1_345,TX,1.2349903163331182,0.38146981593984247
HOBBIES_1_345,WI,1.0436442989634478,0.25264238267888267
HOBBIES_1_346,CA,3.3738977072310408,0.3796549051663047
HOBBIES_1_346,TX,5.577259475218659,0.43968868940778544
HOBBIES_1_346,WI,4.83080808080808,0.3006835487294933
HOBBIES_1_347,CA,2.2013808975834293,0.353274165102122
HOBBIES_1_347,TX,2.3646477132262054,0.40168945294821845
HOBBIES_1_347,WI,2.8091042584434653,0.24004239915770798
HOBBIES_1_348,CA,1.134638196915777,0.32001947419385507
HOBBIES_1_348,TX,1.1772307692307693,0.5447580114003466
HOBBIES_1_348,WI,1.1852540272614622,0.5034828869773323
HOBBIES_1_349,CA,2.3103864734299515,0.3699375122671714
HOBBIES_1_349,TX,2.3216019417475726,0.3358723815472053
HOBBIES_1_349,WI,2.6569444444444446,0.34814255639922703
HOBBIES_1_350,CA,1.2099936748893105,0.46192136668714584
HOBBIES_1_350,TX,1.5062992125984251,0.5662929355578211
HOBBIES_1_350,WI,1.4329588014981274,0.5154913185949588
HOBBIES_1_351,CA,1.1779556650246306,0.3861303337986068
HOBBIES_1_351,TX,2.137430167597765,0.33389092001676457
HOBBIES_1_351,WI,1.6505608283002589,0.3700387448796147
HOBBIES_1_352,CA,2.296518607442977,0.3377129652236277
HOBBIES_1_352,TX,3.05103668261563,0.39658408493996533
HOBBIES_1_352,WI,2.671787709497207,0.3845303970742831
HOBBIES_1_353,CA,1.8773307163886164,0.48214616837026364
HOBBIES_1_353,TX,2.3705080545229245,0.9004052211366196
HOBBIES_1_353,WI,2.2270081490104774,0.8461426012942209
HOBBIES_1_354,CA,3.391843971631206,0.21974690308062012
HOBBIES_1_354,TX,3.453068592057762,0.23031455716561386
HOBBIES_1_354,WI,4.010482180293501,0.33387953339347126
HOBBIES_1_355,CA,1.3193103448275862,0.34269583772456647
HOBBIES_1_355,TX,1.7518315018315018,0.3427840764198658
HOBBIES_1_355,WI,1.3842257597684515,0.38424370144356534
HOBBIES_1_356,CA,1.2422077922077923,0.39733399423369237
HOBBIES_1_356,TX,1.4681504221028396,0.34038274124925116
HOBBIES_1_356,WI,1.4704073789392775,0.44780378772042095
HOBBIES_1_357,CA,1.231809401159047,0.5171415410305725
HOBBIES_1_357,TX,2.149438202247191,0.2785097141965622
HOBBIES_1_357,WI,2.421518987341772,0.39625446340322773
HOBBIES_1_358,CA,2.2270081490104774,0.29703574653213305
HOBBIES_1_358,TX,2.679271708683473,0.4223595369986992
HOBBIES_1_358,WI,2.5472703062583224,0.4325087063390401
HOBBIES_1_359,CA,3.4221824686940967,0.36582357481808514
HOBBIES_1_359,TX,3.6026365348399247,0.3617876345842262
HOBBIES_1_359,WI,6.05379746835443,0.1698650394870786
HOBBIES_1_360,CA,2.291017964071856,0.3284229455779121
HOBBIES_1_360,TX,4.867684478371501,0.14384359408251318
HOBBIES_1_360,WI,2.5337748344370863,0.2651609479116482
HOBBIES_1_361,CA,1.8663414634146342,0.3059899512575811
HOBBIES_1_361,TX,1.9885654885654886,0.309330301182191
HOBBIES_1_361,WI,2.85949177877429,0.23294585633420659
HOBBIES_1_362,CA,3.490875912408759,0.4429070093126565
HOBBIES_1_362,TX,5.020997375328084,0.30713728650123695
HOBBIES_1_362,WI,3.5425925925925927,0.3041867990996331
HOBBIES_1_363,CA,1.8288718929254302,0.3341585644944442
HOBBIES_1_363,TX,1.6944198405668733,0.3855398983405811
HOBBIES_1_363,WI,1.830622009569378,0.32370718646327173
HOBBIES_1_364,CA,1.163625304136253,0.36100391351877564
HOBBIES_1_364,TX,1.3022464261402313,0.3915861120227027
HOBBIES_1_364,WI,1.1786814540973505,0.3350514054856831
HOBBIES_1_365,CA,2.5337748344370863,0.22064739854415338
HOBBIES_1_365,TX,3.510091743119266,0.17853177373258042
HOBBIES_1_365,WI,2.834074074074074,0.20696709030630303
HOBBIES_1_366,CA,2.744619799139168,0.38072932524496933
HOBBIES_1_366,TX,5.226775956284153,0.16079488584474882
HOBBIES_1_366,WI,3.3978685612788633,0.250859138129644
HOBBIES_1_367,CA,1.0663322185061315,0.3146032019103328
HOBBIES_1_367,TX,1.263540290620872,0.35149256525790373
HOBBIES_1_367,WI,1.3973703433162892,0.37989885366209686
HOBBIES_1_368,CA,1.8376560999039384,0.33267016081296574
HOBBIES_1_368,TX,2.7805232558139537,0.29075095542867274
HOBBIES_1_368,WI,2.462033462033462,0.242743590652178
HOBBIES_1_369,CA,1.9480651731160896,0.538858325626844
HOBBIES_1_369,TX,2.5851351351351353,0.7740338657566215
HOBBIES_1_369,WI,2.7485632183908044,0.7015071832189874
HOBBIES_1_370,CA,1.1400476758045293,0.4279274237258848
HOBBIES_1_370,TX,1.2405966277561609,0.6592026597106628
HOBBIES_1_370,WI,1.1600970285021226,0.43323237094911654
HOBBIES_1_371,CA,1.1272834413671184,0.28237518124757793
HOBBIES_1_371,TX,1.169315403422983,0.49968847335971167
HOBBIES_1_371,WI,1.1524096385542169,0.7345120637530852
HOBBIES_1_372,CA,1.0975329890992542,0.34986109126691173
HOBBIES_1_372,TX,1.095647193585338,0.35651329873308657
HOBBIES_1_372,WI,1.6280851063829787,0.34573536054336446
HOBBIES_1_373,CA,1.9323232323232322,0.2972491736942311
HOBBIES_1_373,TX,2.8940998487140694,0.29778948042285097
HOBBIES_1_373,WI,2.443167305236271,0.3521829109999022
HOBBIES_1_374,CA,1.7296564195298372,0.31137859206377494
HOBBIES_1_374,TX,1.9540347293156282,0.3023628208450272
HOBBIES_1_374,WI,2.564343163538874,0.27987667205439526
HOBBIES_1_375,CA,4.397701149425288,0.25357493868288655
HOBBIES_1_375,TX,6.092356687898089,0.1927514976422192
HOBBIES_1_375,WI,8.390350877192983,0.1523006383170008
HOBBIES_1_376,CA,2.9250764525993884,0.3321750429241389
HOBBIES_1_376,TX,5.14247311827957,0.1826107960228646
HOBBIES_1_376,WI,3.007861635220126,0.2896056286775178
HOBBIES_1_377,CA,1.8608949416342413,0.26562626466648925
HOBBIES_1_377,TX,2.804985337243402,0.18024885680838057
HOBBIES_1_377,WI,2.4525641025641027,0.2322073631190623
HOBBIES_1_378,CA,1.0969036697247707,0.3930223520014272
HOBBIES_1_378,TX,2.1161504424778763,0.5379538562223386
HOBBIES_1_378,WI,1.430815258040389,0.4387448710713798
HOBBIES_1_379,CA,1.1000575043128236,0.401967199409549
HOBBIES_1_379,TX,1.2138324873096447,0.4494305757021863
HOBBIES_1_379,WI,1.128613569321534,0.3880741128502982
HOBBIES_1_380,CA,1.1193680514921007,0.5856406801239045
HOBBIES_1_380,TX,1.5230891719745223,0.6729320439070156
HOBBIES_1_380,WI,1.3762589928057554,0.5706509785742446
HOBBIES_1_381,CA,1.0170122275385434,0.5650761010305199
HOBBIES_1_381,TX,1.0906499429874572,0.7986994833971242
HOBBIES_1_381,WI,1.1233118027011157,0.6927550132229311
HOBBIES_1_382,CA,1.2830315224681421,0.38443794005159565
HOBBIES_1_382,TX,1.3683834048640915,0.3704470512028956
HOBBIES_1_382,WI,1.554021121039805,0.42558672517673274
HOBBIES_1_383,CA,1.4738058551617874,0.38144052336374795
HOBBIES_1_383,TX,2.2773809523809523,0.3191522125600123
HOBBIES_1_383,WI,1.586235489220564,0.4237434100241659
HOBBIES_1_384,CA,2.123196448390677,0.26146668606663775
HOBBIES_1_384,TX,2.149438202247191,0.31072050953649333
HOBBIES_1_384,WI,2.421518987341772,0.3398523465484127
HOBBIES_1_385,CA,5.313888888888889,0.38905645933715366
HOBBIES_1_385,TX,7.713709677419355,0.32139715376899247
HOBBIES_1_385,WI,5.6765578635014835,0.32203697575298557
HOBBIES_1_386,CA,1.542741935483871,0.41973071951090085
HOBBIES_1_386,TX,2.0179324894514767,0.3562413317594627
HOBBIES_1_386,WI,2.7019774011299433,0.2715944931877789
HOBBIES_1_387,CA,1.8681640625,0.3659289083994915
HOBBIES_1_387,TX,2.291017964071856,0.8869518862614493
HOBBIES_1_387,WI,2.0998902305159164,1.0491493100457658
HOBBIES_1_388,CA,1.2069400630914826,0.4584845546448263
HOBBIES_1_388,TX,1.3654532476802284,0.45077043174639664
HOBBIES_1_388,WI,1.7203237410071943,0.45402585912126947
HOBBIES_1_389,CA,4.83080808080808,0.22485217467478424
HOBBIES_1_389,TX,9.023584905660377,0.16372618058466246
HOBBIES_1_389,WI,17.712962962962962,0.1023553764494573
HOBBIES_1_390,CA,1.6795434591747147,0.3153931050062957
HOBBIES_1_390,TX,1.9762396694214877,0.27568719869074093
HOBBIES_1_390,WI,1.9072781655034896,0.2918572253536494
HOBBIES_1_391,CA,3.236886632825719,0.30766821992095833
HOBBIES_1_391,TX,2.961300309597523,0.3889869018978883
HOBBIES_1_391,WI,3.5036630036630036,0.36838781288934197
HOBBIES_1_392,CA,2.7886297376093294,0.3417662161082304
HOBBIES_1_392,TX,5.184281842818428,0.2973516097554671
HOBBIES_1_392,WI,5.6765578635014835,0.2773326703409602
HOBBIES_1_393,CA,3.215126050420168,0.29636590028725995
HOBBIES_1_393,TX,5.060846560846561,0.1571745199587412
HOBBIES_1_393,WI,3.065705128205128,0.28562730640710077
HOBBIES_1_394,CA,1.8572815533980582,0.322336705791459
HOBBIES_1_394,TX,2.2992788461538463,0.3277910211135022
HOBBIES_1_394,WI,1.9206827309236947,0.2625920066935312
HOBBIES_1_395,CA,3.2205387205387206,0.35998349469852675
HOBBIES_1_395,TX,4.7002457002457,0.29577294949179406
HOBBIES_1_395,WI,5.2845303867403315,0.3171358237300433
HOBBIES_1_396,CA,3.350262697022767,0.3078783393883827
HOBBIES_1_396,TX,2.8257016248153617,0.3443622944277562
HOBBIES_1_396,WI,6.015723270440252,0.28227861136538424
HOBBIES_1_397,CA,2.0351063829787233,0.439599924497
HOBBIES_1_397,TX,2.537135278514589,0.3959247214493315
HOBBIES_1_397,WI,2.744619799139168,0.38422753372368096
HOBBIES_1_398,CA,1.145508982035928,0.6469455254594282
HOBBIES_1_398,TX,1.438345864661654,1.313122117850061
HOBBIES_1_398,WI,1.264375413086583,0.8343964123573814
HOBBIES_1_399,CA,1.4149408284023668,0.4892327830976599
HOBBIES_1_399,TX,2.784570596797671,0.24895788360665588
HOBBIES_1_399,WI,1.4795050270688321,0.48057993318322967
HOBBIES_1_400,CA,1.1434548714883443,0.6489002679876651
HOBBIES_1_400,TX,1.3953318745441283,0.7841680331386794
HOBBIES_1_400,WI,2.355911330049261,1.0817587217904656
HOBBIES_1_401,CA,3.2756849315068495,0.39007550037622335
HOBBIES_1_401,TX,4.892583120204604,0.2089730892698586
HOBBIES_1_401,WI,5.465714285714285,0.17859858254146682
HOBBIES_1_402,CA,4.0358649789029535,0.21137967966799417
HOBBIES_1_402,TX,3.729044834307992,0.23961178073643563
HOBBIES_1_402,WI,9.810256410256411,0.09107598244498083
HOBBIES_1_403,CA,1.7049910873440286,0.30155206480587166
HOBBIES_1_403,TX,4.83080808080808,0.1607082864731641
HOBBIES_1_403,WI,2.5677852348993286,0.19206175375427423
HOBBIES_1_404,CA,1.142089552238806,0.41709510011835227
HOBBIES_1_404,TX,1.2389896373056994,0.6577250369639773
HOBBIES_1_404,WI,1.1700305810397553,0.4524896884917244
HOBBIES_1_405,CA,1.8681640625,0.24731511301038642
HOBBIES_1_405,TX,5.481375358166189,0.1769376539591543
HOBBIES_1_405,WI,1.7778810408921932,0.2981472384539334
HOBBIES_1_406,CA,1.9401622718052738,0.3918641059370918
HOBBIES_1_406,TX,3.9937369519832986,0.25069276939165425
HOBBIES_1_406,WI,1.7422586520947176,0.4092566677219488
HOBBIES_1_407,CA,1.1700305810397553,0.3140940596920314
HOBBIES_1_407,TX,1.3664285714285713,0.40972602359023835
HOBBIES_1_407,WI,1.3548158640226629,0.3770793621444248
HOBBIES_1_408,CA,1.3156808803301239,1.0063384558265966
HOBBIES_1_408,TX,1.4138950480413894,0.999725443861243
HOBBIES_1_408,WI,1.5206677265500794,0.8468552200760402
HOBBIES_1_409,CA,1.156590084643289,0.3334982141616216
HOBBIES_1_409,TX,1.3802308802308803,0.41175619809807523
HOBBIES_1_409,WI,1.5230891719745223,0.37826481606199724
HOBBIES_1_410,CA,2.8132352941176473,0.27727003634167446
HOBBIES_1_410,TX,4.981770833333333,0.20553003154351296
HOBBIES_1_410,WI,3.1055194805194803,0.2788035919748164
HOBBIES_1_411,CA,1.4201930215293244,0.41221867734513146
HOBBIES_1_411,TX,1.2694094226940942,0.38564675987888497
HOBBIES_1_411,WI,1.4107669616519174,0.36929678123008064
HOBBIES_1_412,CA,1.7911985018726593,0.47437358963912163
HOBBIES_1_412,TX,2.1184939091915838,0.44725214634607796
HOBBIES_1_412,WI,1.9264853977844913,0.4624424906605181
HOBBIES_1_413,CA,1.14619532654284,0.44056432221271696
HOBBIES_1_413,TX,1.2239283429302623,0.5201506650968192
HOBBIES_1_413,WI,2.1302895322939865,0.3320528406888698
HOBBIES_1_414,CA,1.5051140833988985,0.5140244969378825
HOBBIES_1_414,TX,1.338698390482855,0.572789547504907
HOBBIES_1_414,WI,3.650763358778626,0.21495032020742494
HOBBIES_1_415,CA,1.0663322185061315,0.3622940696883171
HOBBIES_1_415,TX,1.1239717978848414,0.3870507840934222
HOBBIES_1_415,WI,1.6157094594594594,0.3318514364398671
HOBBIES_1_416,CA,1.1070601851851851,0.26611695497508503
HOBBIES_1_416,TX,1.1057803468208092,0.31191829693568085
HOBBIES_1_416,WI,1.2873485868102288,0.36024911889712724
HOBBIES_1_417,CA,1.167887667887668,0.7987803270502096
HOBBIES_1_417,TX,1.4066176470588236,1.3101911914014186
HOBBIES_1_417,WI,1.1743400859422959,0.5338306004671789
HOBBIES_1_418,CA,1.962051282051282,0.5060380905972826
HOBBIES_1_418,TX,3.2982758620689654,0.3577317358888128
HOBBIES_1_418,WI,2.2855436081242533,0.4942062274352459
HOBBIES_1_419,CA,3.0173501577287065,0.2933312876839964
HOBBIES_1_419,TX,2.3734491315136474,0.30882169902273393
HOBBIES_1_419,WI,2.2218350754936123,0.3924957794964234
HOBBIES_1_420,CA,1.0633685380767093,0.33456373895959235
HOBBIES_1_420,TX,1.2753333333333334,0.3630448289008668
HOBBIES_1_420,WI,1.3519434628975264,0.36341058205519117
HOBBIES_1_421,CA,1.7518315018315018,0.32022259900933586
HOBBIES_1_421,TX,2.776487663280116,0.30152789897266646
HOBBIES_1_421,WI,3.1207177814029365,0.3271804110211094
HOBBIES_1_422,CA,2.698166431593794,0.36028647242309497
HOBBIES_1_422,TX,4.943152454780361,0.3590902887344087
HOBBIES_1_422,WI,2.4973890339425586,0.31645645355226026
HOBBIES_1_423,CA,1.2593811718235681,0.2154736801524001
HOBBIES_1_423,TX,1.4783616692426584,0.3362091361962403
HOBBIES_1_423,WI,1.4910366328916602,0.33157313255922793
HOBBIES_1_424,CA,1.1122093023255815,0.551229708051787
HOBBIES_1_424,TX,1.4806501547987616,0.6545060860559432
HOBBIES_1_424,WI,1.3156808803301239,0.5710450162948404
HOBBIES_2_001,CA,3.8413654618473894,0.18473447275653918
HOBBIES_2_001,TX,4.328054298642534,0.13629760258976378
HOBBIES_2_001,WI,5.609970674486804,0.1499746005842728
HOBBIES_2_002,CA,2.698166431593794,0.4391183181662029
HOBBIES_2_002,TX,2.109151047409041,0.5436191126372878
HOBBIES_2_002,WI,3.16198347107438,0.3910514220051709
HOBBIES_2_003,CA,1.5603588907014683,0.3723409962820714
HOBBIES_2_003,TX,1.7049910873440286,0.4116800121895104
HOBBIES_2_003,WI,1.9480651731160896,0.34653991253785216
HOBBIES_2_004,CA,2.379353233830846,0.3703644934741383
HOBBIES_2_004,TX,2.5746971736204576,0.3880200777629558
HOBBIES_2_004,WI,3.8803245436105476,0.5457468656942729
HOBBIES_2_005,CA,4.1317494600431965,0.19135217652717657
HOBBIES_2_005,TX,6.4847457627118645,0.13130895585120805
HOBBIES_2_005,WI,4.5875299760191846,0.19019188864107506
HOBBIES_2_006,CA,2.6459197786998616,0.28993728610907077
HOBBIES_2_006,TX,2.947611710323575,0.2107612556339408
HOBBIES_2_006,WI,5.609970674486804,0.18291744347154018
HOBBIES_2_007,CA,1.644883920894239,0.6580374511570104
HOBBIES_2_007,TX,1.6707423580786027,0.6513868635162068
HOBBIES_2_007,WI,2.2270081490104774,0.8599131924316805
HOBBIES_2_008,CA,3.3978685612788633,0.19758112769334812
HOBBIES_2_008,TX,2.446291560102302,0.23398611078638612
HOBBIES_2_008,WI,4.158695652173913,0.13712903209634072
HOBBIES_2_009,CA,1.5822994210090984,0.45112384608743045
HOBBIES_2_009,TX,1.5051140833988985,0.6509298017903379
HOBBIES_2_009,WI,2.2992788461538463,0.41059922409917177
HOBBIES_2_010,CA,6.619377162629758,0.24401184933203351
HOBBIES_2_010,TX,8.353711790393014,0.2471969226565087
HOBBIES_2_010,WI,7.744939271255061,0.15271950451073513
HOBBIES_2_011,CA,1.9540347293156282,0.6960586476702243
HOBBIES_2_011,TX,2.1302895322939865,0.4517730019590656
HOBBIES_2_011,WI,2.889728096676737,0.537301323866752
HOBBIES_2_012,CA,6.783687943262412,0.34238002976865284
HOBBIES_2_012,TX,7.531496062992126,0.3603879552421913
HOBBIES_2_012,WI,12.753333333333334,0.21438943394088192
HOBBIES_2_013,CA,3.549165120593692,0.2663644738867916
HOBBIES_2_013,TX,5.101333333333334,0.20131698852305077
HOBBIES_2_013,WI,3.478181818181818,0.27017141207659345
HOBBIES_2_014,CA,6.807829181494662,0.3217933290185196
HOBBIES_2_014,TX,7.443579766536965,0.5362660652102696
HOBBIES_2_014,WI,8.390350877192983,0.24348981277533047
HOBBIES_2_015,CA,6.688811188811189,0.4085098537317763
HOBBIES_2_015,TX,5.996865203761756,0.38008889352386643
HOBBIES_2_015,WI,13.86231884057971,1.0492315323104973
HOBBIES_2_016,CA,2.602721088435374,0.5202633546081615
HOBBIES_2_016,TX,2.4062893081761008,0.38139721887297956
HOBBIES_2_016,WI,4.533175355450237,0.17366475903329692
HOBBIES_2_017,CA,3.085483870967742,0.6146493821367636
HOBBIES_2_017,TX,3.2982758620689654,0.578123500767607
HOBBIES_2_017,WI,3.765748031496063,0.3230965985105373
HOBBIES_2_018,CA,2.338630806845966,0.46231420648213173
HOBBIES_2_018,TX,3.616257088846881,0.511739941735059
HOBBIES_2_018,WI,3.026898734177215,0.40329050343607564
HOBBIES_2_019,CA,3.2756849315068495,0.3618185388925449
HOBBIES_2_019,TX,4.758706467661692,0.45044077043180564
HOBBIES_2_019,WI,5.577259475218659,0.30037173805077416
HOBBIES_2_020,CA,3.136065573770492,0.18454366029279182
HOBBIES_2_020,TX,2.412358133669609,0.24175166879853166
HOBBIES_2_020,WI,3.9200819672131146,0.1396403226013048
HOBBIES_2_021,CA,5.886153846153846,0.3676925543408869
HOBBIES_2_021,TX,9.023584905660377,0.21069806286004447
HOBBIES_2_021,WI,6.251633986928105,0.26884405231520186
HOBBIES_2_022,CA,2.0010460251046025,0.2722592842816133
HOBBIES_2_022,TX,2.7096317280453257,0.24230706849364786
HOBBIES_2_022,WI,3.27008547008547,0.26235375600618627
HOBBIES_2_023,CA,8.21030042918455,0.6722590797998748
HOBBIES_2_023,TX,14.38345864661654,0.3902534475507449
HOBBIES_2_023,WI,12.585526315789474,0.3302586930262528
HOBBIES_2_024,CA,3.080515297906602,0.4215376747474682
HOBBIES_2_024,TX,3.4655797101449277,0.438779164181086
HOBBIES_2_024,WI,4.222958057395143,0.39328430531382
HOBBIES_2_025,CA,5.978125,0.3022695299697294
HOBBIES_2_025,TX,11.524096385542169,0.2059290739403374
HOBBIES_2_025,WI,11.25294117647059,0.16463226059723743
HOBBIES_2_026,CA,6.735915492957746,0.7081683757551497
HOBBIES_2_026,TX,12.838926174496644,0.6408622921221794
HOBBIES_2_026,WI,9.517412935323383,1.2854267788939306
HOBBIES_2_027,CA,10.28494623655914,0.42818132739021614
HOBBIES_2_027,TX,6.906137184115524,0.5757617834654792
HOBBIES_2_027,WI,11.736196319018404,0.28500472444416397
HOBBIES_2_028,CA,1.7861811391223157,0.9415530188346537
HOBBIES_2_028,TX,1.9865005192107996,0.8933992546282158
HOBBIES_2_028,WI,2.4908854166666665,0.7901654232202331
HOBBIES_2_029,CA,2.0592034445640475,0.5226352631887298
HOBBIES_2_029,TX,2.6133879781420766,0.502078646583586
HOBBIES_2_029,WI,2.23220536756126,0.5366189250531552
HOBBIES_2_030,CA,6.619377162629758,0.22661737587046654
HOBBIES_2_030,TX,5.693452380952381,0.2694759923864618
HOBBIES_2_030,WI,7.621513944223108,0.18652878251821015
HOBBIES_2_031,CA,6.712280701754386,0.4592142858676216
HOBBIES_2_031,TX,9.28640776699029,0.5201943097890915
HOBBIES_2_031,WI,14.492424242424242,0.3691311419224179
HOBBIES_2_032,CA,1.503930817610063,0.7700515180566353
HOBBIES_2_032,TX,1.7110912343470484,0.7499745629623413
HOBBIES_2_032,WI,2.307599517490953,0.7214795619008948
HOBBIES_2_033,CA,1.3548158640226629,0.49154275833038397
HOBBIES_2_033,TX,1.509865824782952,0.519083973381931
HOBBIES_2_033,WI,1.6765994741454864,0.5567935358506786
HOBBIES_2_034,CA,3.780632411067194,0.42189367596267247
HOBBIES_2_034,TX,4.806532663316583,0.2301074733437181
HOBBIES_2_034,WI,5.241095890410959,0.34078682932233234
HOBBIES_2_035,CA,5.561046511627907,0.2673825095178744
HOBBIES_2_035,TX,6.759717314487633,0.21064337705336073
HOBBIES_2_035,WI,9.66161616161616,0.15362827372114596
HOBBIES_2_036,CA,1.1823238566131027,0.5925711612884083
HOBBIES_2_036,TX,1.231809401159047,0.6215393185774103
HOBBIES_2_036,WI,1.7631336405529954,0.6767612043859768
HOBBIES_2_037,CA,4.397701149425288,0.33662451917583897
HOBBIES_2_037,TX,5.358543417366946,0.28660209567040346
HOBBIES_2_037,WI,5.593567251461988,0.1839288069894164
HOBBIES_2_038,CA,5.313888888888889,0.353867093005392
HOBBIES_2_038,TX,5.727544910179641,0.4417873238948905
HOBBIES_2_038,WI,5.403954802259887,0.4517646666266605
HOBBIES_2_039,CA,2.7328571428571427,0.3412416546684812
HOBBIES_2_039,TX,3.2925989672977627,0.45851574225319836
HOBBIES_2_039,WI,4.0788912579957355,0.28697362596346593
HOBBIES_2_040,CA,7.329501915708812,0.39027919150792484
HOBBIES_2_040,TX,9.331707317073171,0.3929004974595854
HOBBIES_2_040,WI,9.613065326633166,0.3359914872482141
HOBBIES_2_041,CA,4.480093676814988,0.9820932672593465
HOBBIES_2_041,TX,5.693452380952381,0.5430134895018464
HOBBIES_2_041,WI,8.695454545454545,0.40443904100942013
HOBBIES_2_042,CA,2.1664779161947907,0.8221225649416541
HOBBIES_2_042,TX,2.571236559139785,0.7738762449270209
HOBBIES_2_042,WI,3.5425925925925927,0.6681806813901476
HOBBIES_2_043,CA,3.1258169934640523,0.4602610029830684
HOBBIES_2_043,TX,3.041335453100159,0.4341136216664114
HOBBIES_2_043,WI,3.350262697022767,0.4724550755903372
HOBBIES_2_044,CA,3.253401360544218,0.19104061403319927
HOBBIES_2_044,TX,4.418013856812933,0.2456926817415728
HOBBIES_2_044,WI,3.595864661654135,0.2528792901143384
HOBBIES_2_045,CA,4.397701149425288,0.3621332681070106
HOBBIES_2_045,TX,5.128686327077748,0.291296384080616
HOBBIES_2_045,WI,5.71044776119403,0.5561318048757438
HOBBIES_2_046,CA,2.2296037296037294,0.43257874309554795
HOBBIES_2_046,TX,2.4876462938881665,0.3949547367345423
HOBBIES_2_046,WI,3.4344703770197484,0.2093248016162577
HOBBIES_2_047,CA,6.619377162629758,0.2748238327490729
HOBBIES_2_047,TX,8.317391304347826,0.3599708213613725
HOBBIES_2_047,WI,8.390350877192983,0.3285960683865196
HOBBIES_2_048,CA,2.335775335775336,0.495936879600231
HOBBIES_2_048,TX,2.4715762273901807,0.6999743083351367
HOBBIES_2_048,WI,2.6169630642954855,0.6237638704543061
HOBBIES_2_049,CA,3.2869415807560136,0.2929117306938729
HOBBIES_2_049,TX,3.9854166666666666,0.4167487228897804
HOBBIES_2_049,WI,4.501176470588235,0.22104025294865914
HOBBIES_2_050,CA,2.543882978723404,0.3468754083688018
HOBBIES_2_050,TX,2.85949177877429,0.3594129046015059
HOBBIES_2_050,WI,3.8568548387096775,0.2589699544245329
HOBBIES_2_051,CA,2.137430167597765,0.5132131567010986
HOBBIES_2_051,TX,3.6026365348399247,0.41018961598010023
HOBBIES_2_051,WI,2.6169630642954855,0.48137476885920216
HOBBIES_2_052,CA,2.885369532428356,0.3459268374013982
HOBBIES_2_052,TX,3.7509803921568627,0.4507745853465597
HOBBIES_2_052,WI,5.512968299711815,0.25020665334570275
HOBBIES_2_053,CA,1.600836820083682,0.4624885555310831
HOBBIES_2_053,TX,1.7615101289134438,0.3851812388424878
HOBBIES_2_053,WI,2.086150490730643,0.33339546408900667
HOBBIES_2_054,CA,3.8803245436105476,0.3116274916354092
HOBBIES_2_054,TX,4.533175355450237,0.26379338490071225
HOBBIES_2_054,WI,4.83080808080808,0.22862911876742498
HOBBIES_2_055,CA,5.693452380952381,0.3626092948237209
HOBBIES_2_055,TX,4.438515081206496,0.2873116068052931
HOBBIES_2_055,WI,6.551369863013699,0.24380075949125463
HOBBIES_2_056,CA,3.9771309771309773,0.2726089513721075
HOBBIES_2_056,TX,11.593939393939394,0.16192318086615765
HOBBIES_2_056,WI,3.8183632734530937,0.40579450653809634
HOBBIES_2_057,CA,3.8961303462321792,0.8294675158990564
HOBBIES_2_057,TX,6.462837837837838,0.6136885170260545
HOBBIES_2_057,WI,4.554761904761905,1.0663103988278375
HOBBIES_2_058,CA,4.087606837606837,0.5296438283084994
HOBBIES_2_058,TX,4.867684478371501,0.453717325222051
HOBBIES_2_058,WI,5.2699724517906334,0.44226414416382565
HOBBIES_2_059,CA,1.3664285714285713,1.5792467407212312
HOBBIES_2_059,TX,1.5968280467445743,1.517283387856527
HOBBIES_2_059,WI,1.9906347554630592,1.2889540657947864
HOBBIES_2_060,CA,2.1664779161947907,0.667276617943914
HOBBIES_2_060,TX,2.421518987341772,0.8285963172103631
HOBBIES_2_060,WI,2.5337748344370863,0.6967757009976601
HOBBIES_2_061,CA,2.0929978118161925,0.43130858271117145
HOBBIES_2_061,TX,2.6313617606602477,0.50930092191158
HOBBIES_2_061,WI,4.167755991285403,0.30982678961322524
HOBBIES_2_062,CA,2.6459197786998616,0.2500559106527723
HOBBIES_2_062,TX,3.350262697022767,0.27887773762382584
HOBBIES_2_062,WI,3.736328125,0.25346410089332005
HOBBIES_2_063,CA,2.8984848484848484,0.35187939248504335
HOBBIES_2_063,TX,2.1689342403628116,0.4533892979366919
HOBBIES_2_063,WI,2.7564841498559076,0.36146996356984407
HOBBIES_2_064,CA,5.14247311827957,0.2897039441113372
HOBBIES_2_064,TX,5.959501557632398,0.4749797942578544
HOBBIES_2_064,WI,5.693452380952381,0.393555295522388
HOBBIES_2_065,CA,5.727544910179641,0.5439727275564024
HOBBIES_2_065,TX,6.506802721088436,0.3250149613090791
HOBBIES_2_065,WI,7.970833333333333,0.19142259414225946
HOBBIES_2_066,CA,3.3269565217391306,0.35492528199592893
HOBBIES_2_066,TX,8.656108597285067,0.13919191919191926
HOBBIES_2_066,WI,4.758706467661692,0.2158766792459103
HOBBIES_2_067,CA,5.198369565217392,0.34351227941069207
HOBBIES_2_067,TX,6.211038961038961,0.3185030027675846
HOBBIES_2_067,WI,8.245689655172415,0.22440476190476188
HOBBIES_2_068,CA,1.9844398340248963,0.48602208614265374
HOBBIES_2_068,TX,4.002092050209205,0.35814476197018325
HOBBIES_2_068,WI,3.9443298969072167,0.6477185998538852
HOBBIES_2_069,CA,2.23220536756126,0.38923345515047797
HOBBIES_2_069,TX,2.7525179856115107,0.5206055692646484
HOBBIES_2_069,WI,3.1156351791530943,0.2597941529515882
HOBBIES_2_070,CA,5.71044776119403,0.7239574675908372
HOBBIES_2_070,TX,6.376666666666667,0.40249444563353887
HOBBIES_2_070,WI,7.246212121212121,0.4917848854972755
HOBBIES_2_071,CA,3.643809523809524,0.4361492995240969
HOBBIES_2_071,TX,4.1951754385964914,0.4721892259044867
HOBBIES_2_071,WI,4.469626168224299,0.5350200649812997
HOBBIES_2_072,CA,3.5623836126629422,0.3106056978718926
HOBBIES_2_072,TX,4.892583120204604,0.5213063055081658
HOBBIES_2_072,WI,5.593567251461988,0.24307836859084925
HOBBIES_2_073,CA,4.480093676814988,0.8568641535510519
HOBBIES_2_073,TX,4.052966101694915,0.35568044231755025
HOBBIES_2_073,WI,6.4847457627118645,0.17732674061646855
HOBBIES_2_074,CA,2.9161585365853657,0.3337844935011347
HOBBIES_2_074,TX,3.7217898832684826,0.38621314458007816
HOBBIES_2_074,WI,2.721194879089616,0.31104855009550786
HOBBIES_2_075,CA,1.303133514986376,0.5076797421549148
HOBBIES_2_075,TX,1.3664285714285713,0.5447474935850913
HOBBIES_2_075,WI,1.4715384615384615,0.5815096313755087
HOBBIES_2_076,CA,2.0547798066595058,0.64135596957212
HOBBIES_2_076,TX,2.0052410901467503,0.5450626795154884
HOBBIES_2_076,WI,2.1837899543378994,0.5530888468809073
HOBBIES_2_077,CA,5.959501557632398,0.35915024791864797
HOBBIES_2_077,TX,11.25294117647059,0.21928801580781618
HOBBIES_2_077,WI,11.057803468208093,0.7918164800459373
HOBBIES_2_078,CA,2.588633288227334,0.4133847214728971
HOBBIES_2_078,TX,2.216685979142526,0.41725339916220316
HOBBIES_2_078,WI,3.7509803921568627,0.349267538020339
HOBBIES_2_079,CA,4.943152454780361,0.20563696313107524
HOBBIES_2_079,TX,7.164794007490637,0.19156016523298536
HOBBIES_2_079,WI,7.904958677685951,0.14430773269811992
HOBBIES_2_080,CA,3.9200819672131146,0.12871792278510552
HOBBIES_2_080,TX,4.0702127659574465,0.1518157793016188
HOBBIES_2_080,WI,5.868098159509202,0.17192847442281575
HOBBIES_2_081,CA,4.176855895196507,0.3883876294268596
HOBBIES_2_081,TX,3.5036630036630036,0.5533697872640786
HOBBIES_2_081,WI,6.092356687898089,0.6879692998891952
HOBBIES_2_082,CA,8.390350877192983,0.39712040761908407
HOBBIES_2_082,TX,10.340540540540541,0.4122362077740157
HOBBIES_2_082,WI,12.925675675675675,0.29725457360708063
HOBBIES_2_083,CA,2.05037513397642,0.7533281246422284
HOBBIES_2_083,TX,3.0461783439490446,0.6023719877408807
HOBBIES_2_083,WI,2.5851351351351353,0.531809229050696
HOBBIES_2_084,CA,9.197115384615385,0.542708206881951
HOBBIES_2_084,TX,11.736196319018404,0.1755204948437638
HOBBIES_2_084,WI,10.807909604519773,0.27595909090909093
HOBBIES_2_085,CA,2.0884279475982535,0.719160511045809
HOBBIES_2_085,TX,1.9362348178137652,0.8637326008358116
HOBBIES_2_085,WI,2.8382789317507418,0.4898545883040711
HOBBIES_2_086,CA,5.779456193353474,0.31081938213886784
HOBBIES_2_086,TX,6.313531353135313,0.35360934156667895
HOBBIES_2_086,WI,8.390350877192983,0.2661116764528645
HOBBIES_2_087,CA,4.027368421052632,0.3983395223366444
HOBBIES_2_087,TX,5.101333333333334,0.43186146344768167
HOBBIES_2_087,WI,4.459207459207459,0.8257850925093579
HOBBIES_2_088,CA,1.4692780337941629,0.35595090088454634
HOBBIES_2_088,TX,2.028632025450689,0.30385441160304577
HOBBIES_2_088,WI,3.0316957210776545,0.28306913128984185
HOBBIES_2_089,CA,1.4372652141247182,0.4950787520489813
HOBBIES_2_089,TX,1.7422586520947176,0.3594053448927043
HOBBIES_2_089,WI,2.335775335775336,0.2696255318842367
HOBBIES_2_090,CA,5.03421052631579,0.4401435473143351
HOBBIES_2_090,TX,6.85663082437276,0.4794120959114434
HOBBIES_2_090,WI,8.21030042918455,0.29526376625700984
HOBBIES_2_091,CA,2.4588688946015425,0.4910174589561846
HOBBIES_2_091,TX,3.1777408637873754,0.588469528605414
HOBBIES_2_091,WI,3.022116903633491,0.49311629131094664
HOBBIES_2_092,CA,3.1515650741350907,0.5289237284006215
HOBBIES_2_092,TX,5.868098159509202,0.4033813912009513
HOBBIES_2_092,WI,4.620772946859903,0.29535937720080757
HOBBIES_2_093,CA,2.355911330049261,0.46506284386709623
HOBBIES_2_093,TX,3.575700934579439,0.40610819455215785
HOBBIES_2_093,WI,3.5623836126629422,0.37222161669829784
HOBBIES_2_094,CA,5.198369565217392,0.41095604598153446
HOBBIES_2_094,TX,4.855329949238579,0.5259837875622564
HOBBIES_2_094,WI,7.033088235294118,0.2497072690555578
HOBBIES_2_095,CA,6.313531353135313,0.4379761672698793
HOBBIES_2_095,TX,6.5290102389078495,0.43663825293748987
HOBBIES_2_095,WI,8.353711790393014,0.36778815448780966
HOBBIES_2_096,CA,1.768022181146026,0.3691397577112445
HOBBIES_2_096,TX,2.1470258136924802,0.3508294150010711
HOBBIES_2_096,WI,3.0316957210776545,0.24701444363204395
HOBBIES_2_097,CA,6.073015873015873,0.5968714252215687
HOBBIES_2_097,TX,5.184281842818428,0.5202667668402835
HOBBIES_2_097,WI,6.355481727574751,0.9862694104279762
HOBBIES_2_098,CA,2.0929978118161925,0.8025533214181267
HOBBIES_2_098,TX,2.5816464237516867,0.6763319630498196
HOBBIES_2_098,WI,2.9250764525993884,0.7534296350688704
HOBBIES_2_099,CA,7.652,0.23215025635421496
HOBBIES_2_099,TX,10.06842105263158,0.49537010920979
HOBBIES_2_099,WI,10.869318181818182,0.4386031746031747
HOBBIES_2_100,CA,1.681019332161687,0.7632067809049108
HOBBIES_2_100,TX,1.8736532810969637,0.9503208444926865
HOBBIES_2_100,WI,2.240046838407494,0.4617411282872413
HOBBIES_2_101,CA,4.251111111111111,0.358073601913094
HOBBIES_2_101,TX,3.664750957854406,0.36574814799819155
HOBBIES_2_101,WI,3.9362139917695473,0.5962622790332207
HOBBIES_2_102,CA,2.943076923076923,0.4284183986833133
HOBBIES_2_102,TX,5.226775956284153,0.3320663589675457
HOBBIES_2_102,WI,3.453068592057762,0.37062339148676643
HOBBIES_2_103,CA,1.8201712654614652,0.4865649208444581
HOBBIES_2_103,TX,1.9844398340248963,0.5148310835853914
HOBBIES_2_103,WI,2.242672919109027,0.42431670591378834
HOBBIES_2_104,CA,3.8568548387096775,0.27759216504208867
HOBBIES_2_104,TX,3.6231060606060606,0.4187867656867097
HOBBIES_2_104,WI,5.8323170731707314,0.2843238367648219
HOBBIES_2_105,CA,2.3823163138231633,0.41056553887149166
HOBBIES_2_105,TX,3.136065573770492,0.30878203388368325
HOBBIES_2_105,WI,3.510091743119266,0.28809929404331114
HOBBIES_2_106,CA,7.0851851851851855,0.3796267347149003
HOBBIES_2_106,TX,8.03781512605042,0.3330445640569743
HOBBIES_2_106,WI,9.613065326633166,0.19616325981710594
HOBBIES_2_107,CA,2.412358133669609,0.542955525318211
HOBBIES_2_107,TX,2.412358133669609,0.6077159242000025
HOBBIES_2_107,WI,2.5337748344370863,0.4724777392679207
HOBBIES_2_108,CA,7.164794007490637,0.28295275225099786
HOBBIES_2_108,TX,8.695454545454545,0.31806014800818777
HOBBIES_2_108,WI,11.122093023255815,0.2541993378517691
HOBBIES_2_109,CA,4.770573566084788,0.39656936504295226
HOBBIES_2_109,TX,6.4847457627118645,0.30759784803879636
HOBBIES_2_109,WI,6.111821086261981,0.4052644457392191
HOBBIES_2_110,CA,4.289237668161435,0.37941485456024243
HOBBIES_2_110,TX,5.03421052631579,0.3208639005053498
HOBBIES_2_110,WI,7.744939271255061,0.35278048738376394
HOBBIES_2_111,CA,8.57847533632287,0.26704649242819406
HOBBIES_2_111,TX,10.229946524064172,0.24402108675652395
HOBBIES_2_111,WI,11.122093023255815,0.5117472042679798
HOBBIES_2_112,CA,2.8810240963855422,0.4705346755203069
HOBBIES_2_112,TX,4.113978494623656,0.6027430457713513
HOBBIES_2_112,WI,3.8568548387096775,0.3371391063591084
HOBBIES_2_113,CA,2.7564841498559076,0.39840121358676034
HOBBIES_2_113,TX,3.367957746478873,0.43586317532127844
HOBBIES_2_113,WI,3.729044834307992,0.3791793302377477
HOBBIES_2_114,CA,4.511792452830188,0.4634075821923896
HOBBIES_2_114,TX,3.8646464646464644,0.5233852604620487
HOBBIES_2_114,WI,6.211038961038961,0.38384086915481397
HOBBIES_2_115,CA,1.3266296809986131,0.4437173540624038
HOBBIES_2_115,TX,1.5062992125984251,0.7126297617838533
HOBBIES_2_115,WI,1.6294718909710393,0.43880396743189853
HOBBIES_2_116,CA,2.164027149321267,0.4273680511243318
HOBBIES_2_116,TX,2.4032663316582914,0.5940983132186045
HOBBIES_2_116,WI,3.5036630036630036,0.32942974382383716
HOBBIES_2_117,CA,1.8236415633937082,0.6089914739300571
HOBBIES_2_117,TX,2.154279279279279,0.48494507929942865
HOBBIES_2_117,WI,2.296518607442977,0.5061319978550809
HOBBIES_2_118,CA,2.8467261904761907,0.42119809919407153
HOBBIES_2_118,TX,2.440051020408163,0.7042961824259383
HOBBIES_2_118,WI,4.511792452830188,0.7874298768118182
HOBBIES_2_119,CA,6.551369863013699,0.1131925236778141
HOBBIES_2_119,TX,12.341935483870968,0.04454952627635076
HOBBIES_2_119,WI,12.184713375796179,0.06131276377416216
HOBBIES_2_120,CA,1.5134493670886076,0.461091038715725
HOBBIES_2_120,TX,1.7811918063314711,0.8634470345331877
HOBBIES_2_120,WI,2.106828193832599,0.45604683998252854
HOBBIES_2_121,CA,3.2982758620689654,0.6333319546316293
HOBBIES_2_121,TX,4.260579064587973,0.6025407424531845
HOBBIES_2_121,WI,4.83080808080808,0.756187595174536
HOBBIES_2_122,CA,3.4468468468468467,1.117434426353103
HOBBIES_2_122,TX,2.725071225071225,0.6897739062260526
HOBBIES_2_122,WI,3.8568548387096775,0.547875420875421
HOBBIES_2_123,CA,2.85949177877429,0.34705081158359197
HOBBIES_2_123,TX,3.1883333333333335,0.4748175707766561
HOBBIES_2_123,WI,3.9771309771309773,0.2786109044531832
HOBBIES_2_124,CA,2.135044642857143,1.3349610229065187
HOBBIES_2_124,TX,2.3734491315136474,1.2673908193084362
HOBBIES_2_124,WI,3.080515297906602,0.9451406912114291
HOBBIES_2_125,CA,3.5036630036630036,0.31425924800853666
HOBBIES_2_125,TX,3.453068592057762,0.2998035561488841
HOBBIES_2_125,WI,4.158695652173913,0.2654545071051672
HOBBIES_2_126,CA,3.516544117647059,1.0723730313637276
HOBBIES_2_126,TX,3.5230202578268877,0.5499078972409454
HOBBIES_2_126,WI,3.8183632734530937,0.747109725787326
HOBBIES_2_127,CA,6.05379746835443,0.2577483102327805
HOBBIES_2_127,TX,6.619377162629758,0.16838309397833204
HOBBIES_2_127,WI,7.329501915708812,0.23660167443951224
HOBBIES_2_128,CA,2.421518987341772,0.5203570485371144
HOBBIES_2_128,TX,2.602721088435374,0.6014243123400616
HOBBIES_2_128,WI,3.549165120593692,0.41590947718483223
HOBBIES_2_129,CA,1.5552845528455284,1.1079367382633738
HOBBIES_2_129,TX,2.109151047409041,1.1959963460468988
HOBBIES_2_129,WI,2.2612293144208038,1.5142461048671396
HOBBIES_2_130,CA,2.3300852618757615,0.4178259870360558
HOBBIES_2_130,TX,2.0838779956427014,0.6862520780322308
HOBBIES_2_130,WI,3.0559105431309903,0.279569216655199
HOBBIES_2_131,CA,2.1045104510451047,0.5230417963788466
HOBBIES_2_131,TX,1.9362348178137652,0.5493161849626479
HOBBIES_2_131,WI,2.1689342403628116,0.4125250877902002
HOBBIES_2_132,CA,7.621513944223108,0.8198085346811311
HOBBIES_2_132,TX,10.627777777777778,0.4664493735744273
HOBBIES_2_132,WI,12.925675675675675,0.9423490469394342
HOBBIES_2_133,CA,2.4032663316582914,0.6377251625603727
HOBBIES_2_133,TX,2.6569444444444446,0.4787472839865509
HOBBIES_2_133,WI,2.543882978723404,0.6081774276815947
HOBBIES_2_134,CA,3.9854166666666666,0.23599018781321393
HOBBIES_2_134,TX,5.744744744744745,0.17654087424076467
HOBBIES_2_134,WI,5.693452380952381,0.14889738634650437
HOBBIES_2_135,CA,4.289237668161435,0.35537119314167026
HOBBIES_2_135,TX,4.511792452830188,0.40468805970345206
HOBBIES_2_135,WI,5.481375358166189,0.3179905762450749
HOBBIES_2_136,CA,2.1689342403628116,0.5455308464624057
HOBBIES_2_136,TX,2.7805232558139537,0.3909529112260155
HOBBIES_2_136,WI,2.550666666666667,0.5964892083096366
HOBBIES_2_137,CA,2.6569444444444446,0.29652082164678134
HOBBIES_2_137,TX,3.478181818181818,0.25975700410400393
HOBBIES_2_137,WI,5.659763313609467,0.14547770254693326
HOBBIES_2_138,CA,6.39799331103679,0.19728270797945935
HOBBIES_2_138,TX,8.317391304347826,0.38208598950836065
HOBBIES_2_138,WI,7.4147286821705425,0.24536831075930368
HOBBIES_2_139,CA,3.5557620817843865,0.34102150081673127
HOBBIES_2_139,TX,3.1156351791530943,0.31209338082760546
HOBBIES_2_139,WI,5.779456193353474,0.2094437813788776
HOBBIES_2_140,CA,3.1830282861896837,0.516829217950049
HOBBIES_2_140,TX,2.834074074074074,0.5484914879124771
HOBBIES_2_140,WI,4.723456790123457,0.3910864957571313
HOBBIES_2_141,CA,3.4845173041894353,0.5872490444717345
HOBBIES_2_141,TX,4.357630979498861,0.4772500605924195
HOBBIES_2_141,WI,4.9051282051282055,0.42261479988948775
HOBBIES_2_142,CA,1.30580204778157,1.0763980423543267
HOBBIES_2_142,TX,1.4525436598329537,1.4051603007964781
HOBBIES_2_142,WI,1.9640657084188913,1.2916802491948733
HOBBIES_2_143,CA,5.074270557029178,0.9762784588649928
HOBBIES_2_143,TX,6.231270358306189,0.8816615686651278
HOBBIES_2_143,WI,6.251633986928105,0.8449736976320583
HOBBIES_2_144,CA,4.01890756302521,0.4975125498707704
HOBBIES_2_144,TX,6.551369863013699,0.4851032664005171
HOBBIES_2_144,WI,6.642361111111111,0.18987571799916253
HOBBIES_2_145,CA,2.161581920903955,0.568790408317639
HOBBIES_2_145,TX,2.139821029082774,0.47597966301288414
HOBBIES_2_145,WI,2.436942675159236,0.4632552681055741
HOBBIES_2_146,CA,1.914914914914915,0.48190972177145563
HOBBIES_2_146,TX,2.3530135301353012,0.5308015915430356
HOBBIES_2_146,WI,3.9200819672131146,0.35166370152423415
HOBBIES_2_147,CA,3.231418918918919,0.44379732976222197
HOBBIES_2_147,TX,4.1317494600431965,0.5899033645753882
HOBBIES_2_147,WI,3.9200819672131146,0.5404882500570386
HOBBIES_2_148,CA,2.592140921409214,0.7764831015302556
HOBBIES_2_148,TX,2.690576652601969,0.696716753246991
HOBBIES_2_148,WI,4.0788912579957355,0.5826638412092956
HOBBIES_2_149,CA,3.904081632653061,0.717668788971745
HOBBIES_2_149,TX,4.318284424379232,0.7855429361026098
HOBBIES_2_149,WI,5.047493403693931,0.5749773414343241
HOUSEHOLD_1_001,CA,1.5170499603489294,0.3980537116659819
HOUSEHOLD_1_001,TX,2.537135278514589,0.255284380803225
HOUSEHOLD_1_001,WI,1.6884377758164166,0.35473524583064625
HOUSEHOLD_1_002,CA,1.2694094226940942,0.42195193603570785
HOUSEHOLD_1_002,TX,2.1184939091915838,0.29954600886917965
HOUSEHOLD_1_002,WI,1.442684766214178,0.42025283018867926
HOUSEHOLD_1_003,CA,1.726534296028881,0.3184699127196843
HOUSEHOLD_1_003,TX,2.327250608272506,0.5270822483667833
HOUSEHOLD_1_003,WI,1.8201712654614652,0.4563763502290053
HOUSEHOLD_1_004,CA,1.1815935762816554,0.46227043029939213
HOUSEHOLD_1_004,TX,1.2610415293342123,0.5186517787190087
HOUSEHOLD_1_004,WI,1.2677269715043076,0.6244213831692391
HOUSEHOLD_1_005,CA,1.1874612042209807,0.35420613281073293
HOUSEHOLD_1_005,TX,1.3567375886524822,0.443050732123121
HOUSEHOLD_1_005,WI,1.353857041755131,0.4747679300579066
HOUSEHOLD_1_006,CA,1.2677269715043076,0.4040655316818849
HOUSEHOLD_1_006,TX,1.353857041755131,0.3629713032487645
HOUSEHOLD_1_006,WI,1.5590872045639772,0.39085496371585904
HOUSEHOLD_1_007,CA,1.151022864019254,0.2916826321918315
HOUSEHOLD_1_007,TX,1.1671751067724223,0.3072621251113966
HOUSEHOLD_1_007,WI,1.1643335362142422,0.3523825900578889
HOUSEHOLD_1_008,CA,1.3193103448275862,0.4526643112978563
HOUSEHOLD_1_008,TX,1.6780701754385965,0.43998145096698144
HOUSEHOLD_1_008,WI,1.721872187218722,0.35750528515507385
HOUSEHOLD_1_009,CA,3.141215106732348,0.3456101317765187
HOUSEHOLD_1_009,TX,3.736328125,0.37201958498224924
HOUSEHOLD_1_009,WI,4.533175355450237,0.3021617488076085
HOUSEHOLD_1_010,CA,3.026898734177215,0.39338294817435815
HOUSEHOLD_1_010,TX,3.5891181988742966,0.3685992423046248
HOUSEHOLD_1_010,WI,4.113978494623656,0.33275973231906536
HOUSEHOLD_1_011,CA,1.103866128101558,0.36401918465501903
HOUSEHOLD_1_011,TX,1.3075871496924127,0.4523214648424627
HOUSEHOLD_1_011,WI,1.1867245657568237,0.437958016747859
HOUSEHOLD_1_012,CA,1.284754869039624,0.48574506502098463
HOUSEHOLD_1_012,TX,4.397701149425288,0.3851425397783101
HOUSEHOLD_1_012,WI,1.8997020854021847,0.44020709648959105
HOUSEHOLD_1_013,CA,1.3415147265077139,0.5005955858269036
HOUSEHOLD_1_013,TX,1.6634782608695653,0.45024201112695084
HOUSEHOLD_1_013,WI,1.5954962468723937,0.46788412706423427
HOUSEHOLD_1_014,CA,1.3635067712045617,0.3546425884396788
HOUSEHOLD_1_014,TX,1.691423519009726,0.3680629112323718
HOUSEHOLD_1_014,WI,1.7422586520947176,0.36668114007303876
HOUSEHOLD_1_015,CA,2.6313617606602477,0.4225852165623674
HOUSEHOLD_1_015,TX,1.9421319796954315,0.8354405100563694
HOUSEHOLD_1_015,WI,4.308558558558558,0.7789207172731922
HOUSEHOLD_1_016,CA,1.1729000613120786,0.4384033801819823
HOUSEHOLD_1_016,TX,1.1380130874479477,0.4713474534315924
HOUSEHOLD_1_016,WI,1.312071330589849,0.5463751357972206
HOUSEHOLD_1_017,CA,1.4004392386530016,0.47571673000337505
HOUSEHOLD_1_017,TX,1.6780701754385965,0.5652814310319236
HOUSEHOLD_1_017,WI,1.6477174849267873,0.47629517810097194
HOUSEHOLD_1_018,CA,1.7762302692664809,0.48992385947026884
HOUSEHOLD_1_018,TX,1.349083215796897,0.3519882289096416
HOUSEHOLD_1_018,WI,1.6605902777777777,0.35526382397140494
HOUSEHOLD_1_019,CA,1.3654532476802284,0.22470006112401955
HOUSEHOLD_1_019,TX,1.360597439544808,0.23105236004246144
HOUSEHOLD_1_019,WI,1.3732950466618807,0.270724771633088
HOUSEHOLD_1_020,CA,3.7509803921568627,0.41326424075945023
HOUSEHOLD_1_020,TX,10.747191011235955,0.3552693975580147
HOUSEHOLD_1_020,WI,2.979750778816199,0.49147761576097704
HOUSEHOLD_1_021,CA,1.0950200343445908,0.558751005700986
HOUSEHOLD_1_021,TX,1.1407274895646988,0.4186530176107844
HOUSEHOLD_1_021,WI,1.1032295271049597,0.4629629249833215
HOUSEHOLD_1_022,CA,3.9854166666666666,0.5320271043565084
HOUSEHOLD_1_022,TX,4.213656387665198,0.40924220851199794
HOUSEHOLD_1_022,WI,3.765748031496063,0.34970279374464375
HOUSEHOLD_1_023,CA,2.8984848484848484,0.3024925046337378
HOUSEHOLD_1_023,TX,3.356140350877193,0.42452103216315
HOUSEHOLD_1_023,WI,3.403914590747331,0.3499084680470333
HOUSEHOLD_1_024,CA,2.649584487534626,0.6614790694439985
HOUSEHOLD_1_024,TX,1.9226130653266331,0.3866311586833324
HOUSEHOLD_1_024,WI,2.543882978723404,0.4087202078399813
HOUSEHOLD_1_025,CA,1.1045034642032332,0.3770896458458575
HOUSEHOLD_1_025,TX,1.9520408163265306,0.3203567855057092
HOUSEHOLD_1_025,WI,1.047071702244116,0.32329550585567346
HOUSEHOLD_1_026,CA,2.679271708683473,0.5579501826922859
HOUSEHOLD_1_026,TX,2.5304232804232805,0.31760745026251774
HOUSEHOLD_1_026,WI,2.6606397774687065,0.3622680778156985
HOUSEHOLD_1_027,CA,1.006842105263158,0.19689255638762118
HOUSEHOLD_1_027,TX,1.031266846361186,0.3843321952328069
HOUSEHOLD_1_027,WI,1.0110993657505285,0.25398282231140484
HOUSEHOLD_1_028,CA,1.0783540022547915,0.39760071919441276
HOUSEHOLD_1_028,TX,1.1468824940047961,0.9237128701000039
HOUSEHOLD_1_028,WI,1.2169211195928753,0.48228644710506635
HOUSEHOLD_1_029,CA,1.9362348178137652,0.5221959296546982
HOUSEHOLD_1_029,TX,1.9362348178137652,0.4221548791742016
HOUSEHOLD_1_029,WI,2.7328571428571427,0.49004669515451393
HOUSEHOLD_1_030,CA,1.4933645589383295,0.3395952347025237
HOUSEHOLD_1_030,TX,1.6899293286219081,0.360830490261778
HOUSEHOLD_1_030,WI,1.5304,0.3309424701299248
HOUSEHOLD_1_032,CA,1.4361861861861862,0.7988758000185456
HOUSEHOLD_1_032,TX,1.6562770562770563,0.4863898261029356
HOUSEHOLD_1_032,WI,1.4286781179985064,0.35525304430424165
HOUSEHOLD_1_033,CA,1.6751313485113835,0.48333828443915083
HOUSEHOLD_1_033,TX,2.009453781512605,0.5067228349475418
HOUSEHOLD_1_033,WI,1.825381679389313,0.5211901965877381
HOUSEHOLD_1_034,CA,1.1057803468208092,0.3234422445164371
HOUSEHOLD_1_034,TX,1.450341167551175,0.4034429732414863
HOUSEHOLD_1_034,WI,1.8554801163918526,0.31512644703706466
HOUSEHOLD_1_035,CA,2.095290251916758,0.6062521594827871
HOUSEHOLD_1_035,TX,2.269276393831554,0.49128000073648126
HOUSEHOLD_1_035,WI,2.2882775119617227,0.4598948678906356
HOUSEHOLD_1_036,CA,5.45014245014245,0.3093312857142858
HOUSEHOLD_1_036,TX,4.469626168224299,0.4040156397242117
HOUSEHOLD_1_036,WI,6.783687943262412,0.32278876373315407
HOUSEHOLD_1_037,CA,1.768022181146026,0.39365889600470355
HOUSEHOLD_1_037,TX,1.9381965552178317,0.4675050923545925
HOUSEHOLD_1_037,WI,2.0243386243386245,0.3987442481713816
HOUSEHOLD_1_038,CA,1.0100316789862724,0.18817133951069628
HOUSEHOLD_1_038,TX,1.1266195524146054,0.3237105466585488
HOUSEHOLD_1_038,WI,1.1867245657568237,0.32440284378211176
HOUSEHOLD_1_039,CA,1.0881683731513083,0.4309741049390856
HOUSEHOLD_1_039,TX,1.4692780337941629,0.644097308116629
HOUSEHOLD_1_039,WI,1.0975329890992542,0.38695287614606355
HOUSEHOLD_1_040,CA,1.1765067650676506,0.2702637925990903
HOUSEHOLD_1_040,TX,1.161505768063145,0.2043854504269941
HOUSEHOLD_1_040,WI,1.230225080385852,0.31299702613072783
HOUSEHOLD_1_042,CA,1.8554801163918526,0.34995643315124303
HOUSEHOLD_1_042,TX,1.994786235662148,0.4927184883865705
HOUSEHOLD_1_042,WI,2.2937649880095923,0.3518675124339182
HOUSEHOLD_1_043,CA,3.736328125,0.4700764664065349
HOUSEHOLD_1_043,TX,4.459207459207459,0.5419344617460318
HOUSEHOLD_1_043,WI,3.9524793388429753,0.4719750484103099
HOUSEHOLD_1_044,CA,3.198996655518395,0.33960543705980634
HOUSEHOLD_1_044,TX,3.42831541218638,0.38156000841412024
HOUSEHOLD_1_044,WI,4.6658536585365855,0.2766092641257606
HOUSEHOLD_1_045,CA,1.1000575043128236,0.2058921546771617
HOUSEHOLD_1_045,TX,1.1448234590065829,0.3529545461419665
HOUSEHOLD_1_045,WI,1.1167542323409223,0.3076217788952178
HOUSEHOLD_1_046,CA,1.0528343423225097,0.3309225748382717
HOUSEHOLD_1_046,TX,1.3812274368231048,0.3849159492855893
HOUSEHOLD_1_046,WI,1.4760802469135803,0.32604723647514683
HOUSEHOLD_1_047,CA,1.4829457364341085,0.34318654604207094
HOUSEHOLD_1_047,TX,1.7502287282708142,1.674785607395272
HOUSEHOLD_1_047,WI,1.8681640625,0.3452187041159207
HOUSEHOLD_1_048,CA,1.0789622109419064,0.2471372775657571
HOUSEHOLD_1_048,TX,1.1077012159814708,0.28793438944561517
HOUSEHOLD_1_048,WI,1.1057803468208092,0.34975407257722474
HOUSEHOLD_1_049,CA,5.727544910179641,0.46389987797762666
HOUSEHOLD_1_049,TX,5.577259475218659,0.45811697949044217
HOUSEHOLD_1_049,WI,8.175213675213675,0.5382659998344743
HOUSEHOLD_1_050,CA,2.0907103825136613,0.3196888145127549
HOUSEHOLD_1_050,TX,2.1161504424778763,0.28953083715211597
HOUSEHOLD_1_050,WI,2.2855436081242533,0.4714701704948849
HOUSEHOLD_1_051,CA,1.4864024864024865,0.2814392511507699
HOUSEHOLD_1_051,TX,1.4580792682926829,0.20785521761460504
HOUSEHOLD_1_051,WI,1.4580792682926829,0.1965691698673096
HOUSEHOLD_1_052,CA,2.4032663316582914,0.37234313268628966
HOUSEHOLD_1_052,TX,2.9028831562974204,0.5202557881972606
HOUSEHOLD_1_052,WI,3.136065573770492,0.41649468183692706
HOUSEHOLD_1_053,CA,1.079571106094808,0.28850742255424
HOUSEHOLD_1_053,TX,1.1482593037214885,0.4238289356483627
HOUSEHOLD_1_053,WI,1.1729000613120786,0.36316035001605257
HOUSEHOLD_1_054,CA,4.746898263027295,0.2985185865185837
HOUSEHOLD_1_054,TX,8.281385281385282,0.21358695652173915
HOUSEHOLD_1_054,WI,5.779456193353474,0.2509022304679448
HOUSEHOLD_1_055,CA,1.006842105263158,0.19583785725616612
HOUSEHOLD_1_055,TX,1.022994652406417,0.3005436773787454
HOUSEHOLD_1_055,WI,1.0164718384697131,0.2590771246714371
HOUSEHOLD_1_056,CA,1.6562770562770563,0.3674602963520494
HOUSEHOLD_1_056,TX,3.1156351791530943,0.4141611481873856
HOUSEHOLD_1_056,WI,2.159142212189616,0.33966018240322504
HOUSEHOLD_1_057,CA,2.4715762273901807,0.5886491023850806
HOUSEHOLD_1_057,TX,3.575700934579439,0.3940489354453286
HOUSEHOLD_1_057,WI,3.549165120593692,0.49939591078066914
HOUSEHOLD_1_058,CA,2.028632025450689,0.3287675088012543
HOUSEHOLD_1_058,TX,2.045989304812834,0.35643029544992993
HOUSEHOLD_1_058,WI,2.520421607378129,0.3965709071200654
HOUSEHOLD_1_059,CA,1.359630419331912,0.42058772746305567
HOUSEHOLD_1_059,TX,1.5731907894736843,0.42165135630596956
HOUSEHOLD_1_059,WI,1.4806501547987616,0.37210434636636774
HOUSEHOLD_1_060,CA,4.855329949238579,0.29951532609539316
HOUSEHOLD_1_060,TX,7.218867924528302,0.1416778797832515
HOUSEHOLD_1_060,WI,12.341935483870968,0.16277490612346834
HOUSEHOLD_1_061,CA,1.3615658362989325,0.30568214550503625
HOUSEHOLD_1_061,TX,1.3548158640226629,0.27268076801950314
HOUSEHOLD_1_061,WI,1.3433988764044944,0.2759942847968329
HOUSEHOLD_1_062,CA,1.3852280955829108,0.6380628818679428
HOUSEHOLD_1_062,TX,1.2602108036890645,0.43092063183922463
HOUSEHOLD_1_062,WI,1.3257103257103258,0.4864649325656485
HOUSEHOLD_1_063,CA,3.4845173041894353,0.3530521065140388
HOUSEHOLD_1_063,TX,3.5690298507462686,0.4096741726790659
HOUSEHOLD_1_063,WI,4.0788912579957355,0.36558107080299673
HOUSEHOLD_1_064,CA,2.885369532428356,0.3763689577039274
HOUSEHOLD_1_064,TX,4.158695652173913,0.2573340208195891
HOUSEHOLD_1_064,WI,4.002092050209205,0.3129095571060706
HOUSEHOLD_1_065,CA,1.4492424242424242,0.6165131113575717
HOUSEHOLD_1_065,TX,1.8271251193887297,1.4736104441401991
HOUSEHOLD_1_065,WI,2.8091042584434653,0.5637432964638848
HOUSEHOLD_1_066,CA,1.4191394658753709,0.4970318696467604
HOUSEHOLD_1_066,TX,1.4159881569207995,0.15478196848284484
HOUSEHOLD_1_066,WI,1.4448640483383686,0.36309341190240674
HOUSEHOLD_1_067,CA,1.3577004968062456,0.3200260772039412
HOUSEHOLD_1_067,TX,1.388243831640058,0.4006518272337881
HOUSEHOLD_1_067,WI,1.4405120481927711,0.38608638451655675
HOUSEHOLD_1_068,CA,1.1475704859028195,0.2837010045244444
HOUSEHOLD_1_068,TX,2.0703463203463204,0.29316544025217495
HOUSEHOLD_1_068,WI,1.3742816091954022,0.33917808352800327
HOUSEHOLD_1_069,CA,1.1986215538847118,0.5276471727206438
HOUSEHOLD_1_069,TX,1.3822254335260116,0.4177685763165554
HOUSEHOLD_1_069,WI,1.1475704859028195,0.42482434367142713
HOUSEHOLD_1_070,CA,1.1963727329580989,0.3819002308010955
HOUSEHOLD_1_070,TX,1.6143459915611815,0.4569439228979122
HOUSEHOLD_1_070,WI,1.5414987912973408,0.4215105360529179
HOUSEHOLD_1_071,CA,1.6634782608695653,0.27953135048410227
HOUSEHOLD_1_071,TX,1.4492424242424242,0.2389437236988458
HOUSEHOLD_1_071,WI,1.453647416413374,0.29369498274854106
HOUSEHOLD_1_072,CA,1.0219017094017093,0.17813699597420235
HOUSEHOLD_1_072,TX,1.047645125958379,0.2874509010849315
HOUSEHOLD_1_072,WI,1.0026205450733752,0.20066696257639338
HOUSEHOLD_1_073,CA,1.8064211520302171,0.3055591470073082
HOUSEHOLD_1_073,TX,1.257725180802104,0.37115531765094983
HOUSEHOLD_1_073,WI,1.4659003831417625,0.3669185215090168
HOUSEHOLD_1_074,CA,1.4159881569207995,0.42481867522648575
HOUSEHOLD_1_074,TX,1.3331010452961674,0.5563243258087728
HOUSEHOLD_1_074,WI,1.4681504221028396,0.4566782708635752
HOUSEHOLD_1_075,CA,1.047645125958379,0.36740605204032206
HOUSEHOLD_1_075,TX,1.0408052230685527,0.2806394944211397
HOUSEHOLD_1_075,WI,1.0357336220898754,0.3656670291995061
HOUSEHOLD_1_076,CA,2.705799151343706,0.39042826015790244
HOUSEHOLD_1_076,TX,3.5557620817843865,0.2688966297227834
HOUSEHOLD_1_076,WI,2.602721088435374,0.3812342782281728
HOUSEHOLD_1_077,CA,1.9342770475227502,0.39000148784344707
HOUSEHOLD_1_077,TX,1.9303733602421795,0.3805578125903144
HOUSEHOLD_1_077,WI,2.1837899543378994,0.42075965233412804
HOUSEHOLD_1_078,CA,1.2270686337395766,0.35871273858752606
HOUSEHOLD_1_078,TX,2.022198731501057,0.6765888261626853
HOUSEHOLD_1_078,WI,1.3331010452961674,0.419584966701295
HOUSEHOLD_1_079,CA,1.4569687738004569,0.21755096930955398
HOUSEHOLD_1_079,TX,1.5170499603489294,0.314766977441459
HOUSEHOLD_1_079,WI,1.5122529644268774,0.29417617845725036
HOUSEHOLD_1_080,CA,2.216685979142526,0.44826699249844043
HOUSEHOLD_1_080,TX,2.0547798066595058,0.49660192988750373
HOUSEHOLD_1_080,WI,2.537135278514589,0.3604111765154932
HOUSEHOLD_1_081,CA,2.224418604651163,0.412107142041202
HOUSEHOLD_1_081,TX,2.106828193832599,0.36296034353100987
HOUSEHOLD_1_081,WI,2.3942428035043806,0.3720608586746171
HOUSEHOLD_1_082,CA,1.3040218132242671,0.24339553187976534
HOUSEHOLD_1_082,TX,1.353857041755131,0.3143455249434604
HOUSEHOLD_1_082,WI,1.3111720356408498,0.2737451051103883
HOUSEHOLD_1_083,CA,1.0047268907563025,0.2184805590744747
HOUSEHOLD_1_083,TX,1.006842105263158,0.2649062449122803
HOUSEHOLD_1_083,WI,1.0089662447257384,0.30635364614367133
HOUSEHOLD_1_085,CA,2.4062893081761008,0.3186029909366719
HOUSEHOLD_1_085,TX,5.693452380952381,0.22774882981541983
HOUSEHOLD_1_085,WI,3.4845173041894353,0.21301487156706453
HOUSEHOLD_1_086,CA,1.209228824273072,0.32058961839472333
HOUSEHOLD_1_086,TX,1.2736351531291612,0.2984493067362382
HOUSEHOLD_1_086,WI,1.2770360480640854,0.31138225256199525
HOUSEHOLD_1_087,CA,1.0132415254237288,0.27302610923023374
HOUSEHOLD_1_087,TX,1.0425068119891008,0.33177265260394273
HOUSEHOLD_1_087,WI,1.10641989589358,0.39360789720227685
HOUSEHOLD_1_088,CA,1.0771396396396395,0.34002379715389797
HOUSEHOLD_1_088,TX,1.2405966277561609,0.34977585247406523
HOUSEHOLD_1_088,WI,1.2544262295081967,0.3796659393489136
HOUSEHOLD_1_089,CA,1.6143459915611815,0.489993332983466
HOUSEHOLD_1_089,TX,1.6294718909710393,0.35880979008693425
HOUSEHOLD_1_089,WI,1.651986183074266,0.35738961881675424
HOUSEHOLD_1_090,CA,1.4233630952380953,0.472147267528363
HOUSEHOLD_1_090,TX,1.429745889387145,0.2947989005662138
HOUSEHOLD_1_090,WI,1.691423519009726,0.456879077547034
HOUSEHOLD_1_091,CA,1.1736196319018406,0.42160160576163436
HOUSEHOLD_1_091,TX,1.673665791776028,0.39307899054577133
HOUSEHOLD_1_091,WI,1.7502287282708142,0.3723661018395208
HOUSEHOLD_1_092,CA,3.085483870967742,0.4336315529484235
HOUSEHOLD_1_092,TX,5.886153846153846,0.3305517451607987
HOUSEHOLD_1_092,WI,3.810756972111554,0.44924326055730757
HOUSEHOLD_1_093,CA,1.9303733602421795,0.2898125997706872
HOUSEHOLD_1_093,TX,2.0793478260869565,0.3485303393665716
HOUSEHOLD_1_093,WI,2.109151047409041,0.34464891712959
HOUSEHOLD_1_094,CA,1.5641864268192969,0.2665488663366239
HOUSEHOLD_1_094,TX,1.6378424657534247,0.34264313175294403
HOUSEHOLD_1_094,WI,1.635042735042735,0.3550949564778667
HOUSEHOLD_1_095,CA,1.1180596142606662,0.33946929686161614
HOUSEHOLD_1_095,TX,2.9751166407465006,0.20337520482443053
HOUSEHOLD_1_095,WI,1.3156808803301239,0.35518688406761395
HOUSEHOLD_1_096,CA,1.764760147601476,0.1721690113692187
HOUSEHOLD_1_096,TX,1.5629084967320261,0.23276970983018144
HOUSEHOLD_1_096,WI,1.5515004055150041,0.34790481947934915
HOUSEHOLD_1_097,CA,1.1496394230769231,0.43623173328924053
HOUSEHOLD_1_097,TX,1.4591914569031275,0.38851841293720907
HOUSEHOLD_1_097,WI,1.324792243767313,0.41757977069809976
HOUSEHOLD_1_098,CA,5.114973262032086,0.425465785311136
HOUSEHOLD_1_098,TX,3.6788461538461537,0.28775892217008475
HOUSEHOLD_1_098,WI,4.620772946859903,0.3746650116497697
HOUSEHOLD_1_099,CA,1.1544960772480386,0.47135940616065225
HOUSEHOLD_1_099,TX,1.619813717188823,0.3618352650093968
HOUSEHOLD_1_099,WI,1.6280851063829787,0.42193382632093823
HOUSEHOLD_1_100,CA,1.0651447661469933,0.25248611579656
HOUSEHOLD_1_100,TX,1.1441387559808613,0.34696002694356326
HOUSEHOLD_1_100,WI,1.2169211195928753,0.39258542496790777
HOUSEHOLD_1_101,CA,1.0528343423225097,0.39474085101912987
HOUSEHOLD_1_101,TX,1.540257648953301,0.3667764338182857
HOUSEHOLD_1_101,WI,1.2934415145368492,0.41972091303277625
HOUSEHOLD_1_102,CA,2.527080581241744,0.32933205883752265
HOUSEHOLD_1_102,TX,2.7485632183908044,0.3980313891890763
HOUSEHOLD_1_102,WI,3.085483870967742,0.33393935878080844
HOUSEHOLD_1_103,CA,1.369362920544023,0.5012235940334338
HOUSEHOLD_1_103,TX,1.3548158640226629,0.37913932784048837
HOUSEHOLD_1_103,WI,1.4223048327137546,0.3379644439723959
HOUSEHOLD_1_104,CA,4.328054298642534,0.32077888940743043
HOUSEHOLD_1_104,TX,6.881294964028777,0.2778484624623805
HOUSEHOLD_1_104,WI,5.959501557632398,0.22120733317538832
HOUSEHOLD_1_105,CA,1.1503307276007215,0.4216526510163717
HOUSEHOLD_1_105,TX,1.6534140017286085,0.4550837118449708
HOUSEHOLD_1_105,WI,1.3358938547486034,0.43564036376255594
HOUSEHOLD_1_106,CA,2.578167115902965,0.3069942141647413
HOUSEHOLD_1_106,TX,2.8984848484848484,0.2528083100520386
HOUSEHOLD_1_106,WI,2.868065967016492,0.24636953397257325
HOUSEHOLD_1_107,CA,1.312071330589849,0.21852162155146615
HOUSEHOLD_1_107,TX,1.4738058551617874,0.4036393079923295
HOUSEHOLD_1_107,WI,1.3415147265077139,0.3399703948597404
HOUSEHOLD_1_108,CA,2.191294387170676,0.32812557161436295
HOUSEHOLD_1_108,TX,3.2423728813559323,0.21129818671882933
HOUSEHOLD_1_108,WI,2.768451519536903,0.23390146001073533
HOUSEHOLD_1_109,CA,1.0105652403592182,0.2638063713248003
HOUSEHOLD_1_109,TX,1.0442139737991267,0.4615814223096881
HOUSEHOLD_1_109,WI,1.0159320233669675,0.33584869314182947
HOUSEHOLD_1_110,CA,1.7422586520947176,0.1521403375376226
HOUSEHOLD_1_110,TX,1.5390185036202735,0.12477467166241535
HOUSEHOLD_1_110,WI,1.542741935483871,0.1877086475512482
HOUSEHOLD_1_112,CA,1.044784270890224,0.31881330384144274
HOUSEHOLD_1_112,TX,1.099425287356322,0.5818733382072767
HOUSEHOLD_1_112,WI,1.2046599496221662,0.4325872171682521
HOUSEHOLD_1_113,CA,2.2665876777251186,0.8967581175213165
HOUSEHOLD_1_113,TX,1.6157094594594594,0.38546589112777435
HOUSEHOLD_1_113,WI,2.132664437012263,0.7307641976198745
HOUSEHOLD_1_114,CA,1.047645125958379,0.2576946771287984
HOUSEHOLD_1_114,TX,1.024638457418318,0.30161293102836256
HOUSEHOLD_1_114,WI,1.0442139737991267,0.5983488003606142
HOUSEHOLD_1_115,CA,2.0307855626326963,0.5087705036317055
HOUSEHOLD_1_115,TX,2.9206106870229007,0.41743667821256253
HOUSEHOLD_1_115,WI,2.154279279279279,0.4498817817609755
HOUSEHOLD_1_116,CA,6.462837837837838,0.36818051178322153
HOUSEHOLD_1_116,TX,5.45014245014245,0.478451063723594
HOUSEHOLD_1_116,WI,4.1317494600431965,0.44999689906447365
HOUSEHOLD_1_117,CA,1.3772498200143988,0.6772608632431933
HOUSEHOLD_1_117,TX,3.3738977072310408,0.2243381132307416
HOUSEHOLD_1_117,WI,1.8754901960784314,0.37729441125212754
HOUSEHOLD_1_118,CA,1.0047268907563025,0.19610925181211755
HOUSEHOLD_1_118,TX,1.0026205450733752,0.2862487723252853
HOUSEHOLD_1_118,WI,1.099425287356322,0.3954866265255225
HOUSEHOLD_1_119,CA,1.726534296028881,0.4280037559669333
HOUSEHOLD_1_119,TX,1.7502287282708142,0.24501518761595328
HOUSEHOLD_1_119,WI,1.8465250965250966,0.5091706680037429
HOUSEHOLD_1_120,CA,1.8718199608610568,0.30602124828654126
HOUSEHOLD_1_120,TX,1.6722027972027973,0.3751678006159199
HOUSEHOLD_1_120,WI,1.6974267968056789,0.2894305478099075
HOUSEHOLD_1_121,CA,1.71415770609319,0.28232786837813184
HOUSEHOLD_1_121,TX,1.8500967117988394,0.6152908945536268
HOUSEHOLD_1_121,WI,1.7861811391223157,0.43180558884070797
HOUSEHOLD_1_122,CA,1.1339656194427978,0.23416819641726042
HOUSEHOLD_1_122,TX,1.1551932367149758,0.30018779202286094
HOUSEHOLD_1_122,WI,1.142089552238806,0.30012812330974303
HOUSEHOLD_1_123,CA,2.5337748344370863,0.31737273439352937
HOUSEHOLD_1_123,TX,2.9295558958652372,0.3561359346870928
HOUSEHOLD_1_123,WI,1.9885654885654886,0.27446396124187716
HOUSEHOLD_1_124,CA,1.4898753894080996,0.21113873017026585
HOUSEHOLD_1_124,TX,1.2341935483870967,0.3357618390814524
HOUSEHOLD_1_124,WI,1.4933645589383295,0.26163807090350566
HOUSEHOLD_1_125,CA,1.145508982035928,0.3720359291550996
HOUSEHOLD_1_125,TX,1.398391812865497,0.41239046945869356
HOUSEHOLD_1_125,WI,1.782851817334576,0.37720966470572015
HOUSEHOLD_1_126,CA,1.251144538914323,0.35025431798751666
HOUSEHOLD_1_126,TX,1.4276119402985075,0.37489158587434596
HOUSEHOLD_1_126,WI,1.825381679389313,0.32605881412595905
HOUSEHOLD_1_127,CA,1.299592391304348,0.4531861686308739
HOUSEHOLD_1_127,TX,1.2486945169712793,0.38128610767182286
HOUSEHOLD_1_127,WI,1.4681504221028396,0.5222052007932333
HOUSEHOLD_1_128,CA,1.1572897761645493,0.2689493546709043
HOUSEHOLD_1_128,TX,1.2560735390676296,0.38283740903526525
HOUSEHOLD_1_128,WI,1.197871008140263,0.29975928634167337
HOUSEHOLD_1_129,CA,1.0105652403592182,0.25389063165250364
HOUSEHOLD_1_129,TX,1.1427718040621266,0.36118367173573335
HOUSEHOLD_1_129,WI,1.0374186550976139,0.32379239541805865
HOUSEHOLD_1_130,CA,1.8184410646387832,0.3795465206973792
HOUSEHOLD_1_130,TX,1.9015904572564613,0.390439646543774
HOUSEHOLD_1_130,WI,2.0748373101952278,0.4046494110422181
HOUSEHOLD_1_131,CA,3.9524793388429753,0.34897761579687553
HOUSEHOLD_1_131,TX,4.241685144124168,0.3553091813582167
HOUSEHOLD_1_131,WI,4.010482180293501,0.3767913619840026
HOUSEHOLD_1_132,CA,1.1148018648018647,0.5207144135989851
HOUSEHOLD_1_132,TX,1.0705092333519866,0.33370455853385245
HOUSEHOLD_1_132,WI,1.108342989571263,0.3573611703638509
HOUSEHOLD_1_133,CA,1.8718199608610568,7.524219307026896
HOUSEHOLD_1_133,TX,4.387614678899083,0.47055558813563747
HOUSEHOLD_1_133,WI,1.7502287282708142,0.5858069418278173
HOUSEHOLD_1_134,CA,1.5836092715231789,0.3892804090272559
HOUSEHOLD_1_134,TX,1.905378486055777,0.8148768418194344
HOUSEHOLD_1_134,WI,1.7438468550592525,0.5108078784505375
HOUSEHOLD_1_135,CA,1.3872371283538796,0.560409012945459
HOUSEHOLD_1_135,TX,1.4180874722016308,0.5028068970315497
HOUSEHOLD_1_135,WI,1.4783616692426584,0.5499988140825306
HOUSEHOLD_1_136,CA,1.9015904572564613,0.8773938359256898
HOUSEHOLD_1_136,TX,1.9480651731160896,0.487191369491411
HOUSEHOLD_1_136,WI,1.825381679389313,0.4754834381727831
HOUSEHOLD_1_137,CA,5.481375358166189,0.40098125961083303
HOUSEHOLD_1_137,TX,5.074270557029178,0.3969010451785263
HOUSEHOLD_1_137,WI,6.956363636363636,0.3364507299270072
HOUSEHOLD_1_138,CA,1.14619532654284,0.3242376976419601
HOUSEHOLD_1_138,TX,1.2890835579514826,0.44554752554169513
HOUSEHOLD_1_138,WI,1.2039018250471996,0.3957598810710095
HOUSEHOLD_1_139,CA,3.303972366148532,0.3577455047899508
HOUSEHOLD_1_139,TX,8.00418410041841,0.40676052061449586
HOUSEHOLD_1_139,WI,4.1317494600431965,0.31219495839955524
HOUSEHOLD_1_140,CA,1.127948113207547,0.294086458502026
HOUSEHOLD_1_140,TX,1.156590084643289,0.3178523183947706
HOUSEHOLD_1_140,WI,1.2770360480640854,0.3561931044578182
HOUSEHOLD_1_141,CA,1.051676745464541,0.41562142080508824
HOUSEHOLD_1_141,TX,1.0396739130434782,0.34984830434311076
HOUSEHOLD_1_141,WI,1.1889372280919825,0.4947001183257821
HOUSEHOLD_1_142,CA,1.509865824782952,0.30577247471747154
HOUSEHOLD_1_142,TX,1.4361861861861862,0.3060303159683436
HOUSEHOLD_1_142,WI,1.8536821705426356,0.37385228655526487
HOUSEHOLD_1_143,CA,1.8847290640394088,0.514037161089481
HOUSEHOLD_1_143,TX,1.8236415633937082,0.24568452317652464
HOUSEHOLD_1_143,WI,1.8997020854021847,0.38672408349602233
HOUSEHOLD_1_144,CA,2.4338422391857506,0.6217196263954267
HOUSEHOLD_1_144,TX,2.804985337243402,0.6787792068167673
HOUSEHOLD_1_144,WI,2.513797634691196,0.5742902056552844
HOUSEHOLD_1_145,CA,1.782851817334576,0.3777956447106058
HOUSEHOLD_1_145,TX,1.9303733602421795,0.36182105116290975
HOUSEHOLD_1_145,WI,1.9520408163265306,0.41913326923197275
HOUSEHOLD_1_146,CA,1.0729108244531689,0.3830387084705604
HOUSEHOLD_1_146,TX,1.1815935762816554,0.42878458605490855
HOUSEHOLD_1_146,WI,1.340574632095305,0.3413381525426165
HOUSEHOLD_1_147,CA,1.1013241220495107,0.4703329556083427
HOUSEHOLD_1_147,TX,1.10641989589358,0.4101114275002628
HOUSEHOLD_1_147,WI,1.125956444967628,0.5432181242071082
HOUSEHOLD_1_148,CA,4.367579908675799,0.44816496510236215
HOUSEHOLD_1_148,TX,5.1702702702702705,0.5370111190391251
HOUSEHOLD_1_148,WI,5.434659090909091,0.6657865436537913
HOUSEHOLD_1_149,CA,1.0290478752017214,0.5184800852287837
HOUSEHOLD_1_149,TX,1.020811099252935,0.6269976134010481
HOUSEHOLD_1_149,WI,1.0669269380925823,0.4829577986351223
HOUSEHOLD_1_150,CA,2.3103864734299515,0.33539552087953917
HOUSEHOLD_1_150,TX,1.9500509683995924,0.31567836320758796
HOUSEHOLD_1_150,WI,4.113978494623656,0.20274142707039836
HOUSEHOLD_1_151,CA,1.080180688876341,0.2332884125145851
HOUSEHOLD_1_151,TX,1.0783540022547915,0.3006727613187716
HOUSEHOLD_1_151,WI,1.0807909604519774,0.24412239323222068
HOUSEHOLD_1_152,CA,2.668061366806137,0.4358494293686562
HOUSEHOLD_1_152,TX,4.5875299760191846,0.25049712083757447
HOUSEHOLD_1_152,WI,5.8323170731707314,0.25993235900396355
HOUSEHOLD_1_153,CA,1.6620330147697655,0.2347269898728289
HOUSEHOLD_1_153,TX,1.7049910873440286,0.27100207011648497
HOUSEHOLD_1_153,WI,1.7187780772686434,0.3129923925770471
HOUSEHOLD_1_154,CA,1.7696577243293248,0.48231429245093127
HOUSEHOLD_1_154,TX,2.517105263157895,0.34197126276931866
HOUSEHOLD_1_154,WI,2.0525751072961373,0.3870921374536179
HOUSEHOLD_1_155,CA,1.300475866757308,0.3588804728166522
HOUSEHOLD_1_155,TX,1.4783616692426584,0.35632683048172115
HOUSEHOLD_1_155,WI,1.9600409836065573,0.31701357676600206
HOUSEHOLD_1_156,CA,3.6788461538461537,0.18160042825904207
HOUSEHOLD_1_156,TX,3.8803245436105476,0.3649161237186479
HOUSEHOLD_1_156,WI,3.960662525879917,0.3722138145718923
HOUSEHOLD_1_157,CA,1.607563025210084,0.5391783868709473
HOUSEHOLD_1_157,TX,1.6634782608695653,0.583705494892325
HOUSEHOLD_1_157,WI,2.1738636363636363,0.8777962344241009
HOUSEHOLD_1_158,CA,1.3202208419599724,0.3762206567691623
HOUSEHOLD_1_158,TX,1.8997020854021847,0.359250611189752
HOUSEHOLD_1_158,WI,1.3943148688046647,0.36554623548970255
HOUSEHOLD_1_159,CA,6.05379746835443,0.40123571968469923
HOUSEHOLD_1_159,TX,5.512968299711815,0.3354117575498407
HOUSEHOLD_1_159,WI,6.783687943262412,0.42419822136061847
HOUSEHOLD_1_160,CA,1.9206827309236947,0.5209004351886138
HOUSEHOLD_1_160,TX,1.994786235662148,0.46490650352760576
HOUSEHOLD_1_160,WI,2.5472703062583224,0.4828230897673804
HOUSEHOLD_1_161,CA,2.7927007299270072,0.419068533204178
HOUSEHOLD_1_161,TX,2.3823163138231633,0.33146662682758715
HOUSEHOLD_1_161,WI,4.044397463002114,0.24940552377542746
HOUSEHOLD_1_162,CA,1.0374186550976139,0.3849870130560051
HOUSEHOLD_1_162,TX,1.1558912386706948,0.5730730855811822
HOUSEHOLD_1_162,WI,1.0723094170403586,0.45461300231532115
HOUSEHOLD_1_163,CA,4.643203883495145,0.32973537119700463
HOUSEHOLD_1_163,TX,5.226775956284153,0.3796234405572406
HOUSEHOLD_1_163,WI,7.4147286821705425,0.19510011243141695
HOUSEHOLD_1_164,CA,2.5237467018469655,0.29289368220899703
HOUSEHOLD_1_164,TX,2.6643454038997216,0.396229061438077
HOUSEHOLD_1_164,WI,2.679271708683473,0.39643468443906843
HOUSEHOLD_1_165,CA,1.3275503122831367,0.37600880731136405
HOUSEHOLD_1_165,TX,1.499216300940439,0.37054316958858824
HOUSEHOLD_1_165,WI,1.570607553366174,0.36899376103259235
HOUSEHOLD_1_166,CA,1.4180874722016308,0.4585978831367258
HOUSEHOLD_1_166,TX,1.5822994210090984,0.49288446036081024
HOUSEHOLD_1_166,WI,1.6336464560204953,0.4459005474726795
HOUSEHOLD_1_167,CA,1.4647779479326186,0.3659413704244404
HOUSEHOLD_1_167,TX,1.600836820083682,0.4123978448251221
HOUSEHOLD_1_167,WI,1.5757825370675453,0.3661209328058559
HOUSEHOLD_1_168,CA,1.3284722222222223,0.40748783877692846
HOUSEHOLD_1_168,TX,1.3822254335260116,0.4192524837968299
HOUSEHOLD_1_168,WI,1.3349616189811584,0.3685204261051868
HOUSEHOLD_1_169,CA,1.6722027972027973,0.29545614277439697
HOUSEHOLD_1_169,TX,1.4569687738004569,0.7147984206205972
HOUSEHOLD_1_169,WI,1.4351087771942985,0.25443777951958785
HOUSEHOLD_1_170,CA,1.2934415145368492,0.4130900648068828
HOUSEHOLD_1_170,TX,1.9823834196891192,0.32807332144716467
HOUSEHOLD_1_170,WI,1.223145780051151,0.3747120117257485
HOUSEHOLD_1_171,CA,1.2899527983816588,0.27967675160995065
HOUSEHOLD_1_171,TX,1.3548158640226629,0.3733284860289353
HOUSEHOLD_1_171,WI,1.4405120481927711,0.3967461718414499
HOUSEHOLD_1_172,CA,2.3763975155279504,0.6549924515123067
HOUSEHOLD_1_172,TX,3.2869415807560136,0.9758297280499101
HOUSEHOLD_1_172,WI,2.6349862258953167,0.9242531971699641
HOUSEHOLD_1_173,CA,1.0257372654155497,0.340740611180621
HOUSEHOLD_1_173,TX,1.0257372654155497,0.3373723807380229
HOUSEHOLD_1_173,WI,1.9600409836065573,0.500518255387143
HOUSEHOLD_1_174,CA,2.6313617606602477,0.46439061499365314
HOUSEHOLD_1_174,TX,2.8723723723723724,0.6308727655739222
HOUSEHOLD_1_174,WI,2.817378497790869,0.41441909939380106
HOUSEHOLD_1_175,CA,1.3762589928057554,0.4733123769582959
HOUSEHOLD_1_175,TX,1.5641864268192969,0.4786892537905649
HOUSEHOLD_1_175,WI,1.5641864268192969,0.48997235963821256
HOUSEHOLD_1_176,CA,1.09002849002849,0.35549720340335733
HOUSEHOLD_1_176,TX,1.360597439544808,0.4669080462552757
HOUSEHOLD_1_176,WI,1.0987937966685812,0.3441733385774001
HOUSEHOLD_1_177,CA,1.2495101241018942,0.2593169491914239
HOUSEHOLD_1_177,TX,1.284754869039624,0.31239670465668407
HOUSEHOLD_1_177,WI,1.2585526315789475,0.2559028651251798
HOUSEHOLD_1_178,CA,1.2454427083333333,0.37534836742671013
HOUSEHOLD_1_178,TX,1.6974267968056789,0.4273796195594196
HOUSEHOLD_1_178,WI,1.9441056910569106,0.2929229445504403
HOUSEHOLD_1_179,CA,1.0657381615598887,0.29704014856729666
HOUSEHOLD_1_179,TX,1.0453551912568306,0.3287495226741415
HOUSEHOLD_1_179,WI,1.0759280089988752,0.36895374180502577
HOUSEHOLD_1_180,CA,1.3973703433162892,0.4111574515685361
HOUSEHOLD_1_180,TX,1.3462350457424348,0.32051314721378693
HOUSEHOLD_1_180,WI,1.3994147768836869,0.4210005717022434
HOUSEHOLD_1_181,CA,1.1115630447414293,0.3262797223740165
HOUSEHOLD_1_181,TX,1.5590872045639772,0.3127923375145529
HOUSEHOLD_1_181,WI,1.2668874172185431,0.34474254963897805
HOUSEHOLD_1_182,CA,1.4704073789392775,0.3421850496619019
HOUSEHOLD_1_182,TX,1.630861040068201,0.36573507895700097
HOUSEHOLD_1_182,WI,1.5279552715654952,0.3886491435093578
HOUSEHOLD_1_183,CA,3.022116903633491,0.5732149378266571
HOUSEHOLD_1_183,TX,1.6294718909710393,0.48711054175773616
HOUSEHOLD_1_183,WI,2.307599517490953,0.43852438493507473
HOUSEHOLD_1_184,CA,1.6548442906574394,0.3829992134662518
HOUSEHOLD_1_184,TX,2.0525751072961373,0.42096949012885493
HOUSEHOLD_1_184,WI,2.1302895322939865,0.4283013520909686
HOUSEHOLD_1_185,CA,2.3159806295399514,0.4621360974957903
HOUSEHOLD_1_185,TX,2.0884279475982535,0.3581666273107513
HOUSEHOLD_1_185,WI,2.188787185354691,0.42988890998707013
HOUSEHOLD_1_186,CA,1.3509887005649717,0.2523982661019771
HOUSEHOLD_1_186,TX,1.3683834048640915,0.30282263687494115
HOUSEHOLD_1_186,WI,1.3802308802308803,0.3426857595347865
HOUSEHOLD_1_187,CA,3.9524793388429753,0.29605820173588226
HOUSEHOLD_1_187,TX,4.968831168831169,0.35814958938569114
HOUSEHOLD_1_187,WI,4.631961259079903,0.3195673905329718
HOUSEHOLD_1_188,CA,1.1380130874479477,0.2446381747290983
HOUSEHOLD_1_188,TX,1.2969491525423729,0.36430749690714603
HOUSEHOLD_1_188,WI,1.1714635639926516,0.29238261733596205
HOUSEHOLD_1_189,CA,3.536044362292052,0.7757598377145362
HOUSEHOLD_1_189,TX,2.8984848484848484,1.4450033651106953
HOUSEHOLD_1_189,WI,4.490610328638498,0.8401287135065952
HOUSEHOLD_1_190,CA,3.0904684975767367,0.37837889701424066
HOUSEHOLD_1_190,TX,3.1936560934891487,0.39716821255062384
HOUSEHOLD_1_190,WI,3.6026365348399247,0.3558041080855069
HOUSEHOLD_1_191,CA,1.2602108036890645,0.3267668149308839
HOUSEHOLD_1_191,TX,1.3703438395415473,0.3215331767310572
HOUSEHOLD_1_191,WI,1.369362920544023,0.29430989690418763
HOUSEHOLD_1_192,CA,1.1686010995723886,0.3132791703138174
HOUSEHOLD_1_192,TX,1.3293954134815844,0.3095164741855594
HOUSEHOLD_1_192,WI,1.6253186066270178,0.30029458331656134
HOUSEHOLD_1_193,CA,2.7604617604617605,0.40347183896537564
HOUSEHOLD_1_193,TX,3.2423728813559323,0.4376878020129845
HOUSEHOLD_1_193,WI,2.8984848484848484,0.3729257063494814
HOUSEHOLD_1_194,CA,1.2830315224681421,0.29967159254687015
HOUSEHOLD_1_194,TX,1.3664285714285713,0.32185331692098995
HOUSEHOLD_1_194,WI,1.673665791776028,0.3513438106135177
HOUSEHOLD_1_195,CA,1.7778810408921932,0.336637754419118
HOUSEHOLD_1_195,TX,2.318787878787879,0.3183750143249289
HOUSEHOLD_1_195,WI,2.04162219850587,0.3608488439216937
HOUSEHOLD_1_196,CA,1.0551571980143408,0.2470489442709928
HOUSEHOLD_1_196,TX,1.0598337950138503,0.24855022632791152
HOUSEHOLD_1_196,WI,1.085082246171299,0.3154265888760597
HOUSEHOLD_1_197,CA,1.0084343700579863,0.25440483948472425
HOUSEHOLD_1_197,TX,1.0459267359212685,0.3062337442098859
HOUSEHOLD_1_197,WI,1.060421286031042,0.321862923886754
HOUSEHOLD_1_198,CA,1.0026205450733752,0.187207455962893
HOUSEHOLD_1_198,TX,1.0063124671225672,0.22924025688619656
HOUSEHOLD_1_198,WI,1.0132415254237288,0.2645961374612523
HOUSEHOLD_1_199,CA,2.6133879781420766,0.6280542173752596
HOUSEHOLD_1_199,TX,4.1496746203904555,0.3668611002661934
HOUSEHOLD_1_199,WI,4.298876404494382,0.4330655359960968
HOUSEHOLD_1_200,CA,1.5836092715231789,0.4434593698689559
HOUSEHOLD_1_200,TX,1.8411934552454283,0.46211279409644396
HOUSEHOLD_1_200,WI,2.1938073394495414,0.3565388691484365
HOUSEHOLD_1_201,CA,5.128686327077748,0.43150919976954677
HOUSEHOLD_1_201,TX,5.626470588235295,0.3809906907252041
HOUSEHOLD_1_201,WI,6.15112540192926,0.46272823129098856
HOUSEHOLD_1_202,CA,1.7249774571686203,0.21120967797770077
HOUSEHOLD_1_202,TX,1.774582560296846,0.2114450365741091
HOUSEHOLD_1_202,WI,1.8271251193887297,0.3952518058596092
HOUSEHOLD_1_203,CA,1.2389896373056994,0.4799103678189095
HOUSEHOLD_1_203,TX,1.4806501547987616,0.4283588924125756
HOUSEHOLD_1_203,WI,1.3229598893499308,0.4401298027722046
HOUSEHOLD_1_204,CA,1.096275071633238,0.47819728215424595
HOUSEHOLD_1_204,TX,1.6649260226283724,1.1145981702388357
HOUSEHOLD_1_204,WI,3.9524793388429753,0.7824786344175297
HOUSEHOLD_1_205,CA,1.0814019219898248,0.48044003391210965
HOUSEHOLD_1_205,TX,1.1180596142606662,0.3558660632244286
HOUSEHOLD_1_205,WI,2.885369532428356,0.4118962558776217
HOUSEHOLD_1_206,CA,1.6143459915611815,0.4317777665401213
HOUSEHOLD_1_206,TX,2.550666666666667,0.37358003865864514
HOUSEHOLD_1_206,WI,1.5477346278317152,0.4598820755823566
HOUSEHOLD_1_207,CA,1.8865877712031558,0.516806528591135
HOUSEHOLD_1_207,TX,1.1904169259489732,0.5478036930459684
HOUSEHOLD_1_207,WI,2.0329436769394262,0.4732543494351644
HOUSEHOLD_1_208,CA,4.490610328638498,0.3443752221252092
HOUSEHOLD_1_208,TX,4.407834101382488,0.37506434295992813
HOUSEHOLD_1_208,WI,4.654501216545012,0.39869687326075237
HOUSEHOLD_1_209,CA,5.71044776119403,0.36719551105836234
HOUSEHOLD_1_209,TX,5.922600619195046,0.38291618029269103
HOUSEHOLD_1_209,WI,5.465714285714285,0.38296117931196033
HOUSEHOLD_1_210,CA,2.4032663316582914,0.49496543776185
HOUSEHOLD_1_210,TX,1.4910366328916602,0.9552108595716836
HOUSEHOLD_1_210,WI,5.358543417366946,0.6750350062047139
HOUSEHOLD_1_211,CA,1.336827393431167,0.39748174420875687
HOUSEHOLD_1_211,TX,1.5464834276475343,0.3618536330413102
HOUSEHOLD_1_211,WI,1.3174931129476584,0.41110454668412055
HOUSEHOLD_1_212,CA,1.1904169259489732,0.3900735891102902
HOUSEHOLD_1_212,TX,1.4212481426448738,0.5852303308792616
HOUSEHOLD_1_212,WI,1.338698390482855,0.42031211671236174
HOUSEHOLD_1_213,CA,2.8810240963855422,0.42936554205106325
HOUSEHOLD_1_213,TX,3.172470978441128,0.40030895342103334
HOUSEHOLD_1_213,WI,4.994778067885117,0.46016765741263144
HOUSEHOLD_1_214,CA,1.7631336405529954,0.23238271381034
HOUSEHOLD_1_214,TX,1.666376306620209,0.254628188339917
HOUSEHOLD_1_214,WI,2.0748373101952278,0.40834101689840335
HOUSEHOLD_1_215,CA,1.0329373650107991,0.30462471150078246
HOUSEHOLD_1_215,TX,1.0894077448747153,0.35913841599759744
HOUSEHOLD_1_215,WI,1.11610268378063,0.35554951934485785
HOUSEHOLD_1_216,CA,6.272131147540984,0.21252113672159628
HOUSEHOLD_1_216,TX,13.471830985915492,0.1743214937038646
HOUSEHOLD_1_216,WI,6.376666666666667,0.28125001149304885
HOUSEHOLD_1_217,CA,1.7034728406055208,0.24335987289446806
HOUSEHOLD_1_217,TX,1.8483091787439614,0.5879244479035118
HOUSEHOLD_1_217,WI,1.7615101289134438,0.3883059236873958
HOUSEHOLD_1_218,CA,1.4265473527218493,0.31280408945474647
HOUSEHOLD_1_218,TX,1.42548435171386,0.3893531400245677
HOUSEHOLD_1_218,WI,1.542741935483871,0.4855645336731574
HOUSEHOLD_1_219,CA,1.4760802469135803,0.4311436262819821
HOUSEHOLD_1_219,TX,1.525518341307815,0.47192916574513455
HOUSEHOLD_1_219,WI,2.1470258136924802,0.3877457635263929
HOUSEHOLD_1_220,CA,1.7034728406055208,0.22208138959734908
HOUSEHOLD_1_220,TX,1.8030160226201697,0.5257407196287509
HOUSEHOLD_1_220,WI,1.7249774571686203,0.35434958829639485
HOUSEHOLD_1_221,CA,2.5851351351351353,0.30324023742924083
HOUSEHOLD_1_221,TX,3.0904684975767367,0.32723754610046274
HOUSEHOLD_1_221,WI,3.362038664323374,0.36070948451484774
HOUSEHOLD_1_222,CA,1.7778810408921932,0.484221233029698
HOUSEHOLD_1_222,TX,1.8978174603174602,0.5848134093811029
HOUSEHOLD_1_222,WI,1.962051282051282,0.4448397295214525
HOUSEHOLD_1_223,CA,1.6062132661628883,0.3360112277748137
HOUSEHOLD_1_223,TX,1.7778810408921932,0.370503791173722
HOUSEHOLD_1_223,WI,1.6434707903780068,0.3360903756424218
HOUSEHOLD_1_224,CA,1.3202208419599724,0.5281666395105821
HOUSEHOLD_1_224,TX,2.1138121546961326,0.3246596654738926
HOUSEHOLD_1_224,WI,1.7312217194570136,0.41228113601123534
HOUSEHOLD_1_225,CA,1.6562770562770563,0.2015709909903413
HOUSEHOLD_1_225,TX,1.4415975885455916,0.28950777246401566
HOUSEHOLD_1_225,WI,1.4318862275449102,0.19630409434219612
HOUSEHOLD_1_226,CA,2.507208387942333,0.1923032309770936
HOUSEHOLD_1_226,TX,2.5956580732700134,0.30030241883896236
HOUSEHOLD_1_226,WI,2.609822646657572,0.3586662798660375
HOUSEHOLD_1_227,CA,3.671785028790787,0.21183998795388814
HOUSEHOLD_1_227,TX,4.418013856812933,0.452059730479483
HOUSEHOLD_1_227,WI,3.8803245436105476,0.33403922547588727
HOUSEHOLD_1_228,CA,1.3586647727272727,0.3679879185168426
HOUSEHOLD_1_228,TX,1.3415147265077139,0.4435842060690587
HOUSEHOLD_1_228,WI,1.8447444551591128,0.36310105395884473
HOUSEHOLD_1_229,CA,1.5390185036202735,0.5511031054223555
HOUSEHOLD_1_229,TX,3.315424610051993,0.29362648275927383
HOUSEHOLD_1_229,WI,2.1446188340807173,0.41617762521038754
HOUSEHOLD_1_230,CA,1.239792611795204,0.5147467524793631
HOUSEHOLD_1_230,TX,1.9284274193548387,0.44564057848143723
HOUSEHOLD_1_230,WI,1.5003921568627452,0.49151306142509626
HOUSEHOLD_1_231,CA,2.9028831562974204,0.325939140448867
HOUSEHOLD_1_231,TX,4.167755991285403,0.31083391300506147
HOUSEHOLD_1_231,WI,3.070626003210273,0.34767724613013073
HOUSEHOLD_1_232,CA,1.5122529644268774,0.3394821807414698
HOUSEHOLD_1_232,TX,1.570607553366174,0.3868648498487391
HOUSEHOLD_1_232,WI,1.6649260226283724,0.35869146421658027
HOUSEHOLD_1_233,CA,3.1463815789473686,0.3956973511456921
HOUSEHOLD_1_233,TX,3.4160714285714286,0.5053135648253582
HOUSEHOLD_1_233,WI,4.251111111111111,0.3365023083442471
HOUSEHOLD_1_234,CA,1.0143160127253446,0.2080504415367736
HOUSEHOLD_1_234,TX,1.0240899357601714,0.16772200642346194
HOUSEHOLD_1_234,WI,1.026838432635534,0.3323105415051102
HOUSEHOLD_1_235,CA,1.024638457418318,0.4998518653803597
HOUSEHOLD_1_235,TX,1.0127051349920593,0.2859004484544518
HOUSEHOLD_1_235,WI,1.4318862275449102,0.7501503478736544
HOUSEHOLD_1_236,CA,1.1045034642032332,0.3015427486165297
HOUSEHOLD_1_236,TX,1.1572897761645493,0.29533315130451104
HOUSEHOLD_1_236,WI,1.1664634146341464,0.3369929032561653
HOUSEHOLD_1_237,CA,4.930412371134021,0.5266747355700084
HOUSEHOLD_1_237,TX,6.783687943262412,0.5170487041581765
HOUSEHOLD_1_237,WI,5.087765957446808,0.8539717262029186
HOUSEHOLD_1_238,CA,1.7280939476061428,0.3893306070713096
HOUSEHOLD_1_238,TX,1.8030160226201697,0.5949095596200031
HOUSEHOLD_1_238,WI,1.832375478927203,0.4392175604265216
HOUSEHOLD_1_239,CA,2.6532593619972262,0.33970403225681917
HOUSEHOLD_1_239,TX,3.1830282861896837,0.3049824786566761
HOUSEHOLD_1_239,WI,2.7019774011299433,0.3477456304303898
HOUSEHOLD_1_241,CA,1.3084815321477428,0.29615658846345067
HOUSEHOLD_1_241,TX,1.5390185036202735,0.3312612855187916
HOUSEHOLD_1_241,WI,1.8115530303030303,0.3446814557120778
HOUSEHOLD_1_242,CA,6.642361111111111,0.47924886026990526
HOUSEHOLD_1_242,TX,7.621513944223108,0.3737300797261384
HOUSEHOLD_1_242,WI,7.059040590405904,0.3351851851851852
HOUSEHOLD_1_243,CA,1.006842105263158,0.20601118317691577
HOUSEHOLD_1_243,TX,1.0153927813163481,0.2373452065639448
HOUSEHOLD_1_243,WI,1.0127051349920593,0.2709785091911423
HOUSEHOLD_1_244,CA,2.4973890339425586,0.4642019090781192
HOUSEHOLD_1_244,TX,2.7805232558139537,0.3748839834471086
HOUSEHOLD_1_244,WI,3.332752613240418,0.46262436613117197
HOUSEHOLD_1_245,CA,3.309688581314879,0.42058836454097026
HOUSEHOLD_1_245,TX,3.356140350877193,0.36327635685443466
HOUSEHOLD_1_245,WI,3.453068592057762,0.46330358411767225
HOUSEHOLD_1_246,CA,4.83080808080808,0.2304799825897463
HOUSEHOLD_1_246,TX,4.917737789203085,0.2169344989289736
HOUSEHOLD_1_246,WI,4.9051282051282055,0.3193735615336358
HOUSEHOLD_1_247,CA,1.0121693121693123,0.26981034414613486
HOUSEHOLD_1_247,TX,1.0073723012111637,0.2251606477519593
HOUSEHOLD_1_247,WI,1.0100316789862724,0.24099614974099823
HOUSEHOLD_1_248,CA,1.3548158640226629,0.3579484095474795
HOUSEHOLD_1_248,TX,1.5770816158285244,0.40591220900205016
HOUSEHOLD_1_248,WI,1.7203237410071943,0.39413096308820744
HOUSEHOLD_1_249,CA,1.6562770562770563,0.25710381912622143
HOUSEHOLD_1_249,TX,2.04162219850587,0.3489101889892388
HOUSEHOLD_1_249,WI,1.9441056910569106,0.3561331300850766
HOUSEHOLD_1_250,CA,3.2925989672977627,0.31834025653503895
HOUSEHOLD_1_250,TX,5.886153846153846,0.5147839506172839
HOUSEHOLD_1_250,WI,5.593567251461988,0.25615984806497527
HOUSEHOLD_1_251,CA,1.0121693121693123,0.3503810016661587
HOUSEHOLD_1_251,TX,1.0063124671225672,0.28323044230088046
HOUSEHOLD_1_251,WI,1.673665791776028,0.439283352853597
HOUSEHOLD_1_252,CA,1.911088911088911,0.37508662545910604
HOUSEHOLD_1_252,TX,1.8064211520302171,0.3684329022284074
HOUSEHOLD_1_252,WI,2.400250941028858,0.33704175244842804
HOUSEHOLD_1_253,CA,5.419263456090651,0.4131776699267489
HOUSEHOLD_1_253,TX,5.659763313609467,0.40274176155861563
HOUSEHOLD_1_253,WI,5.128686327077748,0.4043241949070698
HOUSEHOLD_1_254,CA,1.8536821705426356,0.23312885978261128
HOUSEHOLD_1_254,TX,1.7895229186155286,0.2862219330521948
HOUSEHOLD_1_254,WI,1.7945590994371483,0.4379629971292744
HOUSEHOLD_1_255,CA,1.554021121039805,0.4118202625413398
HOUSEHOLD_1_255,TX,1.4968701095461658,0.3901467856687254
HOUSEHOLD_1_255,WI,1.5206677265500794,0.4015719835028854
HOUSEHOLD_1_256,CA,1.1051415366839976,0.3423873329524036
HOUSEHOLD_1_256,TX,1.284754869039624,0.4842909858078126
HOUSEHOLD_1_256,WI,1.587551867219917,0.6675894190938422
HOUSEHOLD_1_257,CA,1.9927083333333333,0.5105432460053227
HOUSEHOLD_1_257,TX,2.1763367463026166,0.5432412579969944
HOUSEHOLD_1_257,WI,2.2719714964370548,0.3292428672463162
HOUSEHOLD_1_258,CA,4.213656387665198,0.21569681771557297
HOUSEHOLD_1_258,TX,8.464601769911505,0.22920963053735166
HOUSEHOLD_1_258,WI,6.15112540192926,0.20511300390056142
HOUSEHOLD_1_259,CA,1.1089855072463768,0.25635113857785535
HOUSEHOLD_1_259,TX,1.1482593037214885,0.3298030547536591
HOUSEHOLD_1_259,WI,1.3812274368231048,0.3656851154825539
HOUSEHOLD_1_260,CA,5.03421052631579,0.24094232682821337
HOUSEHOLD_1_260,TX,7.970833333333333,0.3161386517633848
HOUSEHOLD_1_260,WI,5.047493403693931,0.3208018639434148
HOUSEHOLD_1_261,CA,1.7126230975828112,0.3902722015859562
HOUSEHOLD_1_261,TX,2.776487663280116,0.24943905478341977
HOUSEHOLD_1_261,WI,3.6231060606060606,0.1979479787392051
HOUSEHOLD_1_262,CA,1.755045871559633,0.23985414415305698
HOUSEHOLD_1_262,TX,1.7582720588235294,0.29997662585104923
HOUSEHOLD_1_262,WI,1.7631336405529954,0.32016812686953655
HOUSEHOLD_1_263,CA,2.5956580732700134,0.35884324112981847
HOUSEHOLD_1_263,TX,2.477979274611399,0.40187492163426464
HOUSEHOLD_1_263,WI,3.7509803921568627,0.3070517834609717
HOUSEHOLD_1_264,CA,3.575700934579439,0.31742226674559076
HOUSEHOLD_1_264,TX,5.060846560846561,0.37812932639206404
HOUSEHOLD_1_264,WI,5.593567251461988,0.2498173849525201
HOUSEHOLD_1_265,CA,1.076533483398987,0.38900713295676154
HOUSEHOLD_1_265,TX,1.2478799739073712,0.4896300248477175
HOUSEHOLD_1_265,WI,1.4180874722016308,0.3686065515216401
HOUSEHOLD_1_266,CA,3.0125984251968503,0.41068233523013403
HOUSEHOLD_1_266,TX,3.1055194805194803,0.38280683718292036
HOUSEHOLD_1_266,WI,3.0031397174254315,0.41844066147044184
HOUSEHOLD_1_267,CA,2.5746971736204576,0.4271226846979368
HOUSEHOLD_1_267,TX,2.8467261904761907,0.3610321952127828
HOUSEHOLD_1_267,WI,6.376666666666667,0.484336347639804
HOUSEHOLD_1_268,CA,1.1815935762816554,0.4831141697797652
HOUSEHOLD_1_268,TX,1.1765067650676506,0.3880852504728553
HOUSEHOLD_1_268,WI,1.156590084643289,0.4042441598640081
HOUSEHOLD_1_269,CA,1.3500352858151023,0.4625170992855715
HOUSEHOLD_1_269,TX,1.1373365041617123,0.4744490641641862
HOUSEHOLD_1_269,WI,1.607563025210084,0.3567213465126397
HOUSEHOLD_1_270,CA,1.739090909090909,0.373366160707738
HOUSEHOLD_1_270,TX,1.2023884349465745,0.39843122398053477
HOUSEHOLD_1_270,WI,1.6462994836488813,0.3731896199891514
HOUSEHOLD_1_271,CA,3.1156351791530943,0.3594674456477936
HOUSEHOLD_1_271,TX,2.998432601880878,0.4909209743010267
HOUSEHOLD_1_271,WI,3.9200819672131146,0.3598625975247784
HOUSEHOLD_1_272,CA,1.1794081381011097,0.1736736550379283
HOUSEHOLD_1_272,TX,1.2031446540880504,0.2008935923861047
HOUSEHOLD_1_272,WI,1.2262820512820514,0.3044784013386949
HOUSEHOLD_1_274,CA,6.665505226480836,0.5068098982065031
HOUSEHOLD_1_274,TX,7.273764258555133,0.509619440880392
HOUSEHOLD_1_274,WI,7.5019607843137255,0.46384698347905473
HOUSEHOLD_1_275,CA,1.0534140969162995,0.2793597978718117
HOUSEHOLD_1_275,TX,1.079571106094808,0.36191021141507135
HOUSEHOLD_1_275,WI,1.1757836508912107,0.40056753255726535
HOUSEHOLD_1_276,CA,1.8572815533980582,0.26903199226079527
HOUSEHOLD_1_276,TX,2.7173295454545454,0.16952753458341283
HOUSEHOLD_1_276,WI,2.557486631016043,0.22825737209084057
HOUSEHOLD_1_277,CA,1.4035216434336024,0.32460007368616595
HOUSEHOLD_1_277,TX,1.3963503649635036,0.3797366642821613
HOUSEHOLD_1_277,WI,1.42548435171386,0.41059116432616666
HOUSEHOLD_1_278,CA,1.3912727272727272,0.3397920612136777
HOUSEHOLD_1_278,TX,1.740673339399454,0.2829934971789494
HOUSEHOLD_1_278,WI,1.3994147768836869,0.32379964160328306
HOUSEHOLD_1_279,CA,1.108342989571263,0.7135843942637339
HOUSEHOLD_1_279,TX,1.5770816158285244,0.9354597110769698
HOUSEHOLD_1_279,WI,1.1859888406695598,0.6138969081367509
HOUSEHOLD_1_280,CA,1.4514415781487102,0.32395912114888165
HOUSEHOLD_1_280,TX,1.7065120428189118,0.35954073151376253
HOUSEHOLD_1_280,WI,1.5667485667485668,0.3846953151723072
HOUSEHOLD_1_281,CA,1.472671285604311,0.5145464185769376
HOUSEHOLD_1_281,TX,1.673665791776028,0.5642223280343048
HOUSEHOLD_1_281,WI,1.7729379054680259,0.45797809097712094
HOUSEHOLD_1_282,CA,1.3683834048640915,0.2202932283108157
HOUSEHOLD_1_282,TX,1.531625300240192,0.3851584118513946
HOUSEHOLD_1_282,WI,1.7979323308270676,0.41314464152130465
HOUSEHOLD_1_283,CA,2.3300852618757615,0.37918192807847206
HOUSEHOLD_1_283,TX,3.1105691056910567,0.3753973620451432
HOUSEHOLD_1_283,WI,2.2773809523809523,0.31407741086860597
HOUSEHOLD_1_284,CA,2.2218350754936123,0.4335196386098034
HOUSEHOLD_1_284,TX,2.8637724550898205,0.41573448693376136
HOUSEHOLD_1_284,WI,3.303972366148532,0.36404769491945793
HOUSEHOLD_1_285,CA,1.2787433155080214,0.2392499451163945
HOUSEHOLD_1_285,TX,1.276184122748499,0.3822019855784053
HOUSEHOLD_1_285,WI,1.3147766323024055,0.3277799967231479
HOUSEHOLD_1_286,CA,4.818639798488665,0.3778229810305575
HOUSEHOLD_1_286,TX,5.047493403693931,0.3723842839415928
HOUSEHOLD_1_286,WI,5.593567251461988,0.407762825607141
HOUSEHOLD_1_287,CA,1.099425287356322,0.3022401475151959
HOUSEHOLD_1_287,TX,1.294316644113667,0.49651212881914514
HOUSEHOLD_1_287,WI,1.1714635639926516,0.5206465643494339
HOUSEHOLD_1_288,CA,1.5744855967078188,0.41217603307434025
HOUSEHOLD_1_288,TX,1.5439870863599676,0.3821876196107667
HOUSEHOLD_1_288,WI,1.7861811391223157,0.4409420651238239
HOUSEHOLD_1_289,CA,1.1407274895646988,0.3838943400414145
HOUSEHOLD_1_289,TX,1.2813127930341595,0.37327250365193493
HOUSEHOLD_1_289,WI,1.2192479286169535,0.3737879716907786
HOUSEHOLD_1_290,CA,1.962051282051282,0.7898405638000765
HOUSEHOLD_1_290,TX,1.2138324873096447,0.4591888990526892
HOUSEHOLD_1_290,WI,1.5218774860779634,0.5837072013359901
HOUSEHOLD_1_291,CA,1.3664285714285713,0.36764749995999285
HOUSEHOLD_1_291,TX,1.3377622377622378,0.34495365276411755
HOUSEHOLD_1_291,WI,1.4514415781487102,0.38866232794928335
HOUSEHOLD_1_292,CA,1.3471830985915494,0.3312295168162802
HOUSEHOLD_1_292,TX,1.359630419331912,0.31583807509444073
HOUSEHOLD_1_292,WI,1.6225614927905003,0.3968603898778702
HOUSEHOLD_1_293,CA,3.4845173041894353,0.4767642116274491
HOUSEHOLD_1_293,TX,4.158695652173913,0.8367752712479779
HOUSEHOLD_1_293,WI,4.027368421052632,0.5576897427487065
HOUSEHOLD_1_294,CA,1.0105652403592182,0.2065315553782858
HOUSEHOLD_1_294,TX,1.0116340560549975,0.21614371003090915
HOUSEHOLD_1_294,WI,1.0191795418220564,0.27698812922247595
HOUSEHOLD_1_295,CA,1.2239283429302623,0.43240990866605894
HOUSEHOLD_1_295,TX,2.606267029972752,0.23382984328620018
HOUSEHOLD_1_295,WI,1.127948113207547,0.4282067298896368
HOUSEHOLD_1_296,CA,3.0365079365079364,0.42436030251217294
HOUSEHOLD_1_296,TX,3.6231060606060606,0.34634221201021514
HOUSEHOLD_1_296,WI,3.3211805555555554,0.37445790053542316
HOUSEHOLD_1_297,CA,4.241685144124168,0.4237599122489233
HOUSEHOLD_1_297,TX,4.6658536585365855,0.8133557697904701
HOUSEHOLD_1_297,WI,6.735915492957746,0.828598061706797
HOUSEHOLD_1_298,CA,1.6253186066270178,0.5135400759422893
HOUSEHOLD_1_298,TX,1.9284274193548387,0.5303457592692321
HOUSEHOLD_1_298,WI,1.6129848229342327,0.399290473592645
HOUSEHOLD_1_299,CA,2.6532593619972262,0.4479990307111519
HOUSEHOLD_1_299,TX,2.3734491315136474,0.3892701173716217
HOUSEHOLD_1_299,WI,2.776487663280116,0.496344552184759
HOUSEHOLD_1_300,CA,10.121693121693122,0.29784077134223047
HOUSEHOLD_1_300,TX,5.7620481927710845,0.34133140356805386
HOUSEHOLD_1_300,WI,8.281385281385282,0.3125551410837834
HOUSEHOLD_1_301,CA,1.565466448445172,0.2795884053597403
HOUSEHOLD_1_301,TX,1.7019572953736655,0.39592512634667476
HOUSEHOLD_1_301,WI,1.6491379310344827,0.3211583215663108
HOUSEHOLD_1_302,CA,2.1184939091915838,0.4513016740344185
HOUSEHOLD_1_302,TX,2.540504648074369,0.3982303590481648
HOUSEHOLD_1_302,WI,2.3048192771084337,0.3244043710626487
HOUSEHOLD_1_303,CA,1.058660763696735,0.3268563822693769
HOUSEHOLD_1_303,TX,1.051676745464541,0.4438520549547529
HOUSEHOLD_1_303,WI,1.0705092333519866,0.36958668741865464
HOUSEHOLD_1_304,CA,1.6620330147697655,0.15497140077090976
HOUSEHOLD_1_304,TX,1.4351087771942985,0.2459405029119037
HOUSEHOLD_1_304,WI,1.4459561602418745,0.3829032464929052
HOUSEHOLD_1_305,CA,1.6211864406779661,0.6970746015982908
HOUSEHOLD_1_305,TX,1.250326797385621,0.3673793980203297
HOUSEHOLD_1_305,WI,2.344362745098039,0.45993431165644166
HOUSEHOLD_1_306,CA,2.4525641025641027,0.30558797557825695
HOUSEHOLD_1_306,TX,2.4715762273901807,0.31132810009187983
HOUSEHOLD_1_306,WI,2.4876462938881665,0.3453220713921934
HOUSEHOLD_1_307,CA,2.6313617606602477,0.3006615806060305
HOUSEHOLD_1_307,TX,2.7805232558139537,0.32083041430218134
HOUSEHOLD_1_307,WI,2.7805232558139537,0.2611478791620554
HOUSEHOLD_1_308,CA,6.313531353135313,0.36577184559654774
HOUSEHOLD_1_308,TX,7.301526717557252,0.2945608984333971
HOUSEHOLD_1_308,WI,7.111524163568773,0.4438508536427354
HOUSEHOLD_1_309,CA,1.284754869039624,0.4194483706006693
HOUSEHOLD_1_309,TX,2.3300852618757615,0.3244564238892854
HOUSEHOLD_1_309,WI,3.490875912408759,0.3132282738580295
HOUSEHOLD_1_310,CA,1.3912727272727272,0.41176662662411506
HOUSEHOLD_1_310,TX,1.2736351531291612,0.29780805415366723
HOUSEHOLD_1_310,WI,1.2627062706270626,0.2538544758149031
HOUSEHOLD_1_311,CA,3.5230202578268877,0.6636438352702164
HOUSEHOLD_1_311,TX,3.0316957210776545,0.4100616793730972
HOUSEHOLD_1_311,WI,3.1830282861896837,0.42793197024072055
HOUSEHOLD_1_312,CA,1.2838926174496643,0.4735613887511923
HOUSEHOLD_1_312,TX,1.666376306620209,0.3830370792149225
HOUSEHOLD_1_312,WI,1.7156950672645739,0.3398747622572496
HOUSEHOLD_1_313,CA,1.3973703433162892,0.36332129780119515
HOUSEHOLD_1_313,TX,1.58099173553719,0.35939421143878814
HOUSEHOLD_1_313,WI,1.6434707903780068,0.39255060000568565
HOUSEHOLD_1_314,CA,6.462837837837838,0.3491672959019172
HOUSEHOLD_1_314,TX,4.0615711252653925,0.32404223601190707
HOUSEHOLD_1_314,WI,7.357692307692307,0.23828385128460716
HOUSEHOLD_1_315,CA,2.263905325443787,0.4315546278888362
HOUSEHOLD_1_315,TX,2.6277472527472527,0.3755704834417284
HOUSEHOLD_1_315,WI,3.788118811881188,0.2381315948965231
HOUSEHOLD_1_316,CA,1.0832389580973953,0.41060339217246417
HOUSEHOLD_1_316,TX,1.148948948948949,0.3264983971742543
HOUSEHOLD_1_316,WI,1.429745889387145,0.48234649141569924
HOUSEHOLD_1_317,CA,2.9161585365853657,0.44051040484033077
HOUSEHOLD_1_317,TX,4.1951754385964914,0.45192838868601215
HOUSEHOLD_1_317,WI,3.510091743119266,0.4772421469663295
HOUSEHOLD_1_318,CA,1.3331010452961674,0.20815073352813865
HOUSEHOLD_1_318,TX,1.336827393431167,0.27870175510770057
HOUSEHOLD_1_318,WI,1.3822254335260116,0.30406485723117765
HOUSEHOLD_1_319,CA,1.0063124671225672,0.2017794035005844
HOUSEHOLD_1_319,TX,1.0052548607461902,0.2676637459240278
HOUSEHOLD_1_319,WI,1.0105652403592182,0.2675759385549153
HOUSEHOLD_1_320,CA,2.8132352941176473,0.613656758438772
HOUSEHOLD_1_320,TX,2.5677852348993286,0.3254681235776682
HOUSEHOLD_1_320,WI,2.7886297376093294,0.3604199073310417
HOUSEHOLD_1_321,CA,1.1032295271049597,0.3611948705745039
HOUSEHOLD_1_321,TX,1.1167542323409223,0.3510492052811456
HOUSEHOLD_1_321,WI,1.120023419203747,0.3025716665361325
HOUSEHOLD_1_322,CA,2.550666666666667,0.38061571658857607
HOUSEHOLD_1_322,TX,2.6313617606602477,0.34486235572042584
HOUSEHOLD_1_322,WI,2.6422651933701657,0.42481504141558085
HOUSEHOLD_1_323,CA,2.721194879089616,0.39905896619643094
HOUSEHOLD_1_323,TX,1.5086750788643533,1.3492624706153877
HOUSEHOLD_1_323,WI,4.438515081206496,0.8993114498720371
HOUSEHOLD_1_324,CA,1.0783540022547915,0.2996045897676917
HOUSEHOLD_1_324,TX,1.101958525345622,0.33007987517519727
HOUSEHOLD_1_324,WI,1.2677269715043076,0.41098525057540874
HOUSEHOLD_1_325,CA,1.1765067650676506,0.653626419244807
HOUSEHOLD_1_325,TX,1.600836820083682,0.5452610757088558
HOUSEHOLD_1_325,WI,1.5051140833988985,0.6251656035664818
HOUSEHOLD_1_326,CA,1.5629084967320261,0.45348888275841787
HOUSEHOLD_1_326,TX,1.6620330147697655,0.516226964548495
HOUSEHOLD_1_326,WI,1.5629084967320261,0.44803978781618503
HOUSEHOLD_1_327,CA,1.062187673514714,0.393248007499906
HOUSEHOLD_1_327,TX,1.0453551912568306,0.42586030813609893
HOUSEHOLD_1_327,WI,1.069910514541387,0.3286860251927525
HOUSEHOLD_1_328,CA,2.4494238156209986,0.3207711049183508
HOUSEHOLD_1_328,TX,2.500653594771242,0.2215867396121108
HOUSEHOLD_1_328,WI,2.602721088435374,0.30215423999479846
HOUSEHOLD_1_329,CA,1.4437735849056603,0.4597533266496433
HOUSEHOLD_1_329,TX,1.5477346278317152,0.3998950900620123
HOUSEHOLD_1_329,WI,1.8081285444234405,0.3607342050049214
HOUSEHOLD_1_330,CA,2.721194879089616,0.2673449633051828
HOUSEHOLD_1_330,TX,2.885369532428356,0.3558670336382071
HOUSEHOLD_1_330,WI,3.1463815789473686,0.4013317253649873
HOUSEHOLD_1_331,CA,1.2405966277561609,0.5517439879372997
HOUSEHOLD_1_331,TX,1.1167542323409223,0.4726120328982774
HOUSEHOLD_1_331,WI,1.3084815321477428,0.5975527280984175
HOUSEHOLD_1_332,CA,3.8031809145129225,0.43703369358106325
HOUSEHOLD_1_332,TX,3.409982174688057,0.36376560113017514
HOUSEHOLD_1_332,WI,4.5439429928741095,0.30783278281633186
HOUSEHOLD_1_333,CA,1.3842257597684515,0.9190685402741908
HOUSEHOLD_1_333,TX,1.1707466340269277,0.3326912672613137
HOUSEHOLD_1_333,WI,2.1664779161947907,0.37713343963198087
HOUSEHOLD_1_334,CA,1.3674052894924946,0.22690397540356275
HOUSEHOLD_1_334,TX,1.3586647727272727,0.26394759168336895
HOUSEHOLD_1_334,WI,1.3732950466618807,0.2887194778614845
HOUSEHOLD_1_335,CA,1.9520408163265306,0.3605068232138562
HOUSEHOLD_1_335,TX,2.804985337243402,0.4976629815426917
HOUSEHOLD_1_335,WI,3.888211382113821,0.2186149030682852
HOUSEHOLD_1_336,CA,1.3872371283538796,0.39093783042532343
HOUSEHOLD_1_336,TX,1.2593811718235681,0.3561151110445725
HOUSEHOLD_1_336,WI,1.359630419331912,0.4295133043687596
HOUSEHOLD_1_337,CA,2.0179324894514767,0.3366147776326881
HOUSEHOLD_1_337,TX,2.970496894409938,0.3622250236076102
HOUSEHOLD_1_337,WI,3.0954692556634305,0.23941434062117556
HOUSEHOLD_1_338,CA,1.8699902248289344,0.20420506809978067
HOUSEHOLD_1_338,TX,1.890316205533597,0.2408579338777611
HOUSEHOLD_1_338,WI,1.9600409836065573,0.40216248540759736
HOUSEHOLD_1_339,CA,1.402492668621701,0.32214731851180606
HOUSEHOLD_1_339,TX,1.3994147768836869,0.37982172615400855
HOUSEHOLD_1_339,WI,1.4201930215293244,0.3534605246075959
HOUSEHOLD_1_340,CA,1.568032786885246,0.4463029420331855
HOUSEHOLD_1_340,TX,2.965891472868217,0.23827795809283572
HOUSEHOLD_1_340,WI,2.198850574712644,0.33739940646903904
HOUSEHOLD_1_341,CA,1.8681640625,0.5088102986400103
HOUSEHOLD_1_341,TX,1.3452883263009845,0.4548247398826397
HOUSEHOLD_1_341,WI,1.6605902777777777,0.40453963806794735
HOUSEHOLD_1_342,CA,2.4715762273901807,0.2933728696253512
HOUSEHOLD_1_342,TX,2.513797634691196,0.3267781000234806
HOUSEHOLD_1_342,WI,3.0954692556634305,0.3999549462714583
HOUSEHOLD_1_343,CA,1.2495101241018942,0.33501556030144813
HOUSEHOLD_1_343,TX,1.301360544217687,0.3305432432757012
HOUSEHOLD_1_343,WI,1.3567375886524822,0.3801557381909942
HOUSEHOLD_1_344,CA,1.0627777777777778,0.4690075367053426
HOUSEHOLD_1_344,TX,1.032379924446843,0.30968757597929697
HOUSEHOLD_1_344,WI,1.2495101241018942,0.5867742097329836
HOUSEHOLD_1_345,CA,1.0191795418220564,0.38386732069468565
HOUSEHOLD_1_345,TX,1.6184433164128595,0.4529581102549142
HOUSEHOLD_1_345,WI,1.156590084643289,0.40873721336831326
HOUSEHOLD_1_346,CA,1.4910366328916602,0.29512194974935146
HOUSEHOLD_1_346,TX,1.9226130653266331,0.3256120188681075
HOUSEHOLD_1_346,WI,1.6989342806394316,0.33556658378524
HOUSEHOLD_1_347,CA,1.024638457418318,0.23700306352788042
HOUSEHOLD_1_347,TX,1.1226525821596245,0.34619960266455485
HOUSEHOLD_1_347,WI,1.1109175377468061,0.34352072199031
HOUSEHOLD_1_348,CA,1.4086892488954346,0.26332914084177717
HOUSEHOLD_1_348,TX,1.4481453444360333,0.2743898536756844
HOUSEHOLD_1_348,WI,1.603520536462699,0.47630285840279823
HOUSEHOLD_1_349,CA,2.4494238156209986,0.2500480071151746
HOUSEHOLD_1_349,TX,2.5609103078982596,0.3759198231798874
HOUSEHOLD_1_349,WI,2.446291560102302,0.32478173502648006
HOUSEHOLD_1_350,CA,1.0574903261470425,0.32593372371826507
HOUSEHOLD_1_350,TX,1.1312832643406268,0.42709569670848735
HOUSEHOLD_1_350,WI,1.2495101241018942,0.42322948553860645
HOUSEHOLD_1_351,CA,1.3664285714285713,0.24114505799930278
HOUSEHOLD_1_351,TX,1.4372652141247182,0.34431135056433126
HOUSEHOLD_1_351,WI,1.3932993445010926,0.3385862685934912
HOUSEHOLD_1_353,CA,1.1707466340269277,0.4021391190793104
HOUSEHOLD_1_353,TX,1.9500509683995924,0.30695181464885646
HOUSEHOLD_1_353,WI,1.5110584518167456,0.41133494966322975
HOUSEHOLD_1_354,CA,1.0351731601731602,0.4037643004215144
HOUSEHOLD_1_354,TX,1.103866128101558,0.4055741221959914
HOUSEHOLD_1_354,WI,1.0687150837988826,0.4042535722797094
HOUSEHOLD_1_355,CA,2.2218350754936123,0.34296262493700264
HOUSEHOLD_1_355,TX,2.028632025450689,0.3869888691169042
HOUSEHOLD_1_355,WI,2.885369532428356,0.32518127748176495
HOUSEHOLD_1_356,CA,3.8183632734530937,1.19512857470562
HOUSEHOLD_1_356,TX,3.3738977072310408,0.35764007828865174
HOUSEHOLD_1_356,WI,2.885369532428356,0.2897255564289474
HOUSEHOLD_1_357,CA,1.6420600858369099,0.3366108675403444
HOUSEHOLD_1_357,TX,1.9600409836065573,0.4347209480556123
HOUSEHOLD_1_357,WI,1.9660842754367933,0.3410433696922025
HOUSEHOLD_1_358,CA,1.709562109025916,0.31910507589602516
HOUSEHOLD_1_358,TX,1.7928772258669166,0.3554278313949979
HOUSEHOLD_1_358,WI,2.6755244755244756,0.3443147141884632
HOUSEHOLD_1_359,CA,1.7156950672645739,0.31465324352766666
HOUSEHOLD_1_359,TX,1.8358925143953935,0.33179457419572056
HOUSEHOLD_1_359,WI,1.8847290640394088,0.35915957583545133
HOUSEHOLD_1_360,CA,1.256898817345598,0.37023818227915095
HOUSEHOLD_1_360,TX,2.0351063829787233,0.825005094611454
HOUSEHOLD_1_360,WI,1.8013182674199624,0.31023387847822653
HOUSEHOLD_1_361,CA,1.453647416413374,0.33587699226729845
HOUSEHOLD_1_361,TX,1.4933645589383295,0.35689265724574654
HOUSEHOLD_1_361,WI,1.4968701095461658,0.3530691369176854
HOUSEHOLD_1_362,CA,1.1904169259489732,0.35297431517739725
HOUSEHOLD_1_362,TX,1.6102693602693603,0.2828044966780141
HOUSEHOLD_1_362,WI,1.5849212924606462,0.3681821462316045
HOUSEHOLD_1_363,CA,1.8699902248289344,0.3330847731417106
HOUSEHOLD_1_363,TX,2.3588162762022193,0.3590943168755287
HOUSEHOLD_1_363,WI,2.2855436081242533,0.3954610212304494
HOUSEHOLD_1_364,CA,1.1057803468208092,0.43036958624525196
HOUSEHOLD_1_364,TX,1.5968280467445743,0.3723585887900911
HOUSEHOLD_1_364,WI,1.4066176470588236,0.3933203500648626
HOUSEHOLD_1_365,CA,1.0735129068462401,0.34952173797139285
HOUSEHOLD_1_365,TX,1.2795986622073579,0.3561581246292457
HOUSEHOLD_1_365,WI,1.2405966277561609,0.34940674387899456
HOUSEHOLD_1_366,CA,1.5267358339984038,0.3344618862053165
HOUSEHOLD_1_366,TX,1.6048657718120805,0.36140923048055756
HOUSEHOLD_1_366,WI,1.5243027888446214,0.336389237919257
HOUSEHOLD_1_367,CA,1.71415770609319,0.38530507583505574
HOUSEHOLD_1_367,TX,2.507208387942333,0.3036949081411366
HOUSEHOLD_1_367,WI,2.6133879781420766,0.2527699997994928
HOUSEHOLD_1_368,CA,1.386231884057971,0.3785211317379414
HOUSEHOLD_1_368,TX,2.313180169286578,0.24865860132111328
HOUSEHOLD_1_368,WI,1.9803312629399585,0.3149533236835859
HOUSEHOLD_1_369,CA,1.3084815321477428,0.23204337649402587
HOUSEHOLD_1_369,TX,1.3084815321477428,0.33773471410808387
HOUSEHOLD_1_369,WI,1.5003921568627452,0.4235496597482004
HOUSEHOLD_1_370,CA,1.0863145939806929,0.2204309012382604
HOUSEHOLD_1_370,TX,1.165752589884217,0.34553013773185404
HOUSEHOLD_1_370,WI,1.1213364595545134,0.2744738052694452
HOUSEHOLD_1_371,CA,3.6026365348399247,0.3510639694501769
HOUSEHOLD_1_371,TX,4.204395604395605,0.32693104883388224
HOUSEHOLD_1_371,WI,3.826,0.3660505255225954
HOUSEHOLD_1_372,CA,1.028494623655914,0.3595619092588996
HOUSEHOLD_1_372,TX,1.098163030998852,0.5444463171279657
HOUSEHOLD_1_372,WI,1.0723094170403586,0.3745761173661194
HOUSEHOLD_1_373,CA,1.0026205450733752,0.21458850531780657
HOUSEHOLD_1_373,TX,1.0026205450733752,0.17665826845919738
HOUSEHOLD_1_373,WI,1.1551932367149758,0.5123934570546574
HOUSEHOLD_1_374,CA,1.2753333333333334,0.42420253333929536
HOUSEHOLD_1_374,TX,1.635042735042735,0.5829629800794617
HOUSEHOLD_1_374,WI,1.695921985815603,0.4649259170761724
HOUSEHOLD_1_375,CA,1.189676616915423,0.4077987125835954
HOUSEHOLD_1_375,TX,2.943076923076923,0.30333740505247386
HOUSEHOLD_1_375,WI,1.6406518010291595,0.32513299131724244
HOUSEHOLD_1_376,CA,1.0539944903581266,0.2388741519572564
HOUSEHOLD_1_376,TX,1.2519633507853403,0.34135300892563
HOUSEHOLD_1_376,WI,1.2115262824572515,0.33208490412009845
HOUSEHOLD_1_377,CA,1.205419029615627,0.34417297742550024
HOUSEHOLD_1_377,TX,1.303133514986376,0.3619611155037127
HOUSEHOLD_1_377,WI,1.3953318745441283,0.36433228210173446
HOUSEHOLD_1_378,CA,7.713709677419355,0.23791698731890124
HOUSEHOLD_1_378,TX,12.753333333333334,0.17623183718679233
HOUSEHOLD_1_378,WI,7.970833333333333,0.23554935688826903
HOUSEHOLD_1_379,CA,1.047071702244116,0.6878466422720318
HOUSEHOLD_1_379,TX,1.0094986807387862,0.3703403869626669
HOUSEHOLD_1_379,WI,1.142089552238806,0.6196031986654548
HOUSEHOLD_1_380,CA,2.2374269005847953,0.37018596888411504
HOUSEHOLD_1_380,TX,2.7927007299270072,0.3954772140087831
HOUSEHOLD_1_380,WI,2.537135278514589,0.365249017674268
HOUSEHOLD_1_381,CA,1.0219017094017093,0.33706047325332317
HOUSEHOLD_1_381,TX,1.3509887005649717,0.3244685216472211
HOUSEHOLD_1_381,WI,1.1339656194427978,0.33663577005458
HOUSEHOLD_1_382,CA,3.231418918918919,0.34005234724343864
HOUSEHOLD_1_382,TX,3.7073643410852712,0.4810374484233183
HOUSEHOLD_1_382,WI,3.5823970037453186,0.40721237686000755
HOUSEHOLD_1_383,CA,1.7110912343470484,0.3801040503490472
HOUSEHOLD_1_383,TX,1.7312217194570136,0.3553702289538621
HOUSEHOLD_1_383,WI,1.825381679389313,0.3508474652903273
HOUSEHOLD_1_384,CA,2.8723723723723724,0.3155460983184333
HOUSEHOLD_1_384,TX,2.885369532428356,0.3386900534812951
HOUSEHOLD_1_384,WI,3.141215106732348,0.45414574553431014
HOUSEHOLD_1_385,CA,1.8754901960784314,0.47999814145185293
HOUSEHOLD_1_385,TX,1.8411934552454283,0.17290182676873542
HOUSEHOLD_1_385,WI,1.8959365708622398,0.2811041622546234
HOUSEHOLD_1_386,CA,1.6225614927905003,0.43676303673808575
HOUSEHOLD_1_386,TX,1.4212481426448738,0.15869591875657416
HOUSEHOLD_1_386,WI,1.488715953307393,0.3968153400539111
HOUSEHOLD_1_387,CA,1.0832389580973953,0.19799687084298473
HOUSEHOLD_1_387,TX,1.1174065420560748,0.2836149544312469
HOUSEHOLD_1_387,WI,1.1045034642032332,0.3074768611817348
HOUSEHOLD_1_388,CA,5.561046511627907,0.33676207685760506
HOUSEHOLD_1_388,TX,5.577259475218659,0.6594360037832521
HOUSEHOLD_1_388,WI,5.744744744744745,0.37176073171915214
HOUSEHOLD_1_389,CA,1.0675223214285714,0.41394933009213436
HOUSEHOLD_1_389,TX,1.0453551912568306,0.3856865202205372
HOUSEHOLD_1_389,WI,1.0717086834733893,0.30845748688962044
HOUSEHOLD_1_390,CA,3.5557620817843865,0.2775612766515501
HOUSEHOLD_1_390,TX,3.7436399217221137,0.314193233337553
HOUSEHOLD_1_390,WI,3.6231060606060606,0.26992056804219366
HOUSEHOLD_1_393,CA,1.4159881569207995,0.44551076318685295
HOUSEHOLD_1_393,TX,1.6974267968056789,0.3345769955871215
HOUSEHOLD_1_393,WI,1.004199475065617,0.2125469429577612
HOUSEHOLD_1_394,CA,1.7172351885098742,0.45714715649849713
HOUSEHOLD_1_394,TX,1.5744855967078188,0.426978764549241
HOUSEHOLD_1_394,WI,1.9540347293156282,0.42570158772474126
HOUSEHOLD_1_395,CA,1.2069400630914826,0.4641950728812632
HOUSEHOLD_1_395,TX,1.7172351885098742,0.6048484843892677
HOUSEHOLD_1_395,WI,1.6562770562770563,0.508579754575289
HOUSEHOLD_1_396,CA,2.5746971736204576,0.362654610247844
HOUSEHOLD_1_396,TX,2.7173295454545454,0.36615694024392803
HOUSEHOLD_1_396,WI,2.721194879089616,0.3537035791763667
HOUSEHOLD_1_397,CA,1.1115630447414293,0.37718156041299655
HOUSEHOLD_1_397,TX,1.324792243767313,0.5164723347880755
HOUSEHOLD_1_397,WI,1.2602108036890645,0.4978234182417264
HOUSEHOLD_1_398,CA,1.388243831640058,0.38521281006230557
HOUSEHOLD_1_398,TX,2.0748373101952278,0.331712491364421
HOUSEHOLD_1_398,WI,1.6634782608695653,0.35560604773461096
HOUSEHOLD_1_399,CA,1.1586917019987886,0.5095433281549704
HOUSEHOLD_1_399,TX,1.192643391521197,0.28520396395888375
HOUSEHOLD_1_399,WI,1.1859888406695598,0.3833986857541693
HOUSEHOLD_1_400,CA,1.832375478927203,0.5118245793887551
HOUSEHOLD_1_400,TX,2.543882978723404,0.35915820326349873
HOUSEHOLD_1_400,WI,6.981751824817518,0.44476728303824337
HOUSEHOLD_1_401,CA,1.6795434591747147,0.3798622828189135
HOUSEHOLD_1_401,TX,1.9520408163265306,0.41733659315704025
HOUSEHOLD_1_401,WI,1.8773307163886164,0.3382804711991545
HOUSEHOLD_1_402,CA,5.45014245014245,0.3629080876047897
HOUSEHOLD_1_402,TX,10.340540540540541,0.2602826730126061
HOUSEHOLD_1_402,WI,6.419463087248322,0.24882369359876022
HOUSEHOLD_1_403,CA,1.3396358543417366,0.3783048236097577
HOUSEHOLD_1_403,TX,2.05037513397642,0.3061053157613904
HOUSEHOLD_1_403,WI,1.9034825870646765,0.38811328557579583
HOUSEHOLD_1_404,CA,1.163625304136253,0.25860762232295254
HOUSEHOLD_1_404,TX,1.2286448298008992,0.38598763498685446
HOUSEHOLD_1_404,WI,1.1779556650246306,0.2864738234986718
HOUSEHOLD_1_405,CA,3.609433962264151,0.4051049400031437
HOUSEHOLD_1_405,TX,3.0365079365079364,0.27774406428614645
HOUSEHOLD_1_405,WI,2.9937402190923317,0.3954422607557591
HOUSEHOLD_1_406,CA,1.8132701421800947,0.3704398780832856
HOUSEHOLD_1_406,TX,3.281303602058319,0.42295225760029626
HOUSEHOLD_1_406,WI,2.1518560179977504,0.38381411829634815
HOUSEHOLD_1_407,CA,2.1938073394495414,0.4914138719537394
HOUSEHOLD_1_407,TX,2.1470258136924802,0.6456620261341497
HOUSEHOLD_1_407,WI,2.2218350754936123,0.37457841181223955
HOUSEHOLD_1_408,CA,1.1823238566131027,0.36750725411656215
HOUSEHOLD_1_408,TX,1.4066176470588236,0.43878727224408104
HOUSEHOLD_1_408,WI,1.5086750788643533,0.45093573678330773
HOUSEHOLD_1_409,CA,1.6591500433651345,0.21952920517870494
HOUSEHOLD_1_409,TX,1.4276119402985075,0.26558182791578855
HOUSEHOLD_1_409,WI,1.430815258040389,0.21956367116983344
HOUSEHOLD_1_410,CA,1.5915141430948418,0.3828223449407221
HOUSEHOLD_1_410,TX,1.7845149253731343,0.41964252793606927
HOUSEHOLD_1_410,WI,1.7566574839302111,0.3208454739127508
HOUSEHOLD_1_411,CA,1.0633685380767093,0.27196421125143583
HOUSEHOLD_1_411,TX,1.093767867352773,0.32592770503597457
HOUSEHOLD_1_411,WI,1.1468824940047961,0.35341884420008196
HOUSEHOLD_1_412,CA,1.5770816158285244,0.38344118799193994
HOUSEHOLD_1_412,TX,1.6548442906574394,0.3665284123319423
HOUSEHOLD_1_412,WI,2.2719714964370548,0.2984522323918342
HOUSEHOLD_1_413,CA,1.1154518950437318,0.3608908103434906
HOUSEHOLD_1_413,TX,1.6491379310344827,0.44370476343864534
HOUSEHOLD_1_413,WI,1.2694094226940942,0.3337537854336779
HOUSEHOLD_1_414,CA,1.5304,0.41771694563405265
HOUSEHOLD_1_414,TX,1.6780701754385965,0.5125312378217644
HOUSEHOLD_1_414,WI,1.6048657718120805,0.5498268089579019
HOUSEHOLD_1_415,CA,1.587551867219917,0.37118005016214156
HOUSEHOLD_1_415,TX,2.045989304812834,0.30254182576031635
HOUSEHOLD_1_415,WI,2.0115667718191377,0.31721538864395643
HOUSEHOLD_1_416,CA,1.0357336220898754,0.6024699950832854
HOUSEHOLD_1_416,TX,1.0296017222820237,0.38326534837115467
HOUSEHOLD_1_416,WI,1.1629179331306991,0.6777925762824997
HOUSEHOLD_1_417,CA,1.2365869424692955,0.455444223037407
HOUSEHOLD_1_417,TX,1.709562109025916,0.3238711465369006
HOUSEHOLD_1_417,WI,1.3683834048640915,0.3825085235721481
HOUSEHOLD_1_418,CA,1.3654532476802284,0.30900514034750814
HOUSEHOLD_1_418,TX,1.4470499243570347,0.27901241119537584
HOUSEHOLD_1_418,WI,1.3802308802308803,0.38040141042725384
HOUSEHOLD_1_419,CA,2.0748373101952278,0.36673591777457826
HOUSEHOLD_1_419,TX,3.338568935427574,0.2798780589208651
HOUSEHOLD_1_419,WI,3.8183632734530937,0.27685270806480655
HOUSEHOLD_1_420,CA,2.282816229116945,0.4230835629934403
HOUSEHOLD_1_420,TX,2.513797634691196,0.4340521126366781
HOUSEHOLD_1_420,WI,3.3738977072310408,0.37291043761891823
HOUSEHOLD_1_421,CA,2.03727369542066,0.4544935146958133
HOUSEHOLD_1_421,TX,2.0329436769394262,0.38025516140938853
HOUSEHOLD_1_421,WI,1.9401622718052738,0.3973089517409307
HOUSEHOLD_1_422,CA,1.233397807865893,0.3773769113028981
HOUSEHOLD_1_422,TX,1.30580204778157,0.3647378563440251
HOUSEHOLD_1_422,WI,2.3823163138231633,0.2873732691457227
HOUSEHOLD_1_423,CA,4.867684478371501,0.5106937890989321
HOUSEHOLD_1_423,TX,16.63478260869565,0.5075031431306737
HOUSEHOLD_1_423,WI,10.994252873563218,0.5822346899317844
HOUSEHOLD_1_424,CA,1.2527832351015062,0.49344249236701015
HOUSEHOLD_1_424,TX,1.3340306834030684,0.9796546170291777
HOUSEHOLD_1_424,WI,1.4372652141247182,0.5572367501216439
HOUSEHOLD_1_425,CA,1.0257372654155497,0.2689751163565804
HOUSEHOLD_1_425,TX,1.0425068119891008,0.3669654508895663
HOUSEHOLD_1_425,WI,1.0534140969162995,0.3744437337627691
HOUSEHOLD_1_426,CA,1.488715953307393,0.34742692057862967
HOUSEHOLD_1_426,TX,1.4670245398773005,0.33817102586029246
HOUSEHOLD_1_426,WI,1.4580792682926829,0.28804321754061846
HOUSEHOLD_1_427,CA,1.5170499603489294,0.36381505709151113
HOUSEHOLD_1_427,TX,1.6795434591747147,0.2544407992250793
HOUSEHOLD_1_427,WI,1.5439870863599676,0.31996029844153656
HOUSEHOLD_1_428,CA,1.1141525917297612,0.363084391496041
HOUSEHOLD_1_428,TX,1.962051282051282,0.30470065219709813
HOUSEHOLD_1_428,WI,1.7631336405529954,0.30540934715411727
HOUSEHOLD_1_429,CA,2.564343163538874,0.10890808117719077
HOUSEHOLD_1_429,TX,2.500653594771242,0.12006171443473823
HOUSEHOLD_1_429,WI,2.6277472527472527,0.20666912223815964
HOUSEHOLD_1_430,CA,1.9226130653266331,0.9824160907468505
HOUSEHOLD_1_430,TX,2.9206106870229007,0.5312745945043463
HOUSEHOLD_1_430,WI,1.8500967117988394,0.5977992272845974
HOUSEHOLD_1_431,CA,2.609822646657572,0.5340272858860304
HOUSEHOLD_1_431,TX,2.3646477132262054,0.4338421587622753
HOUSEHOLD_1_431,WI,3.8803245436105476,0.7010553302013101
HOUSEHOLD_1_432,CA,2.6459197786998616,0.6167831584694624
HOUSEHOLD_1_432,TX,1.2593811718235681,0.4910774221735864
HOUSEHOLD_1_432,WI,1.256898817345598,0.4755934076979437
HOUSEHOLD_1_433,CA,3.9281314168377826,0.3401693075655583
HOUSEHOLD_1_433,TX,8.617117117117116,0.27510943568104956
HOUSEHOLD_1_433,WI,7.007326007326007,0.23213235294117643
HOUSEHOLD_1_434,CA,1.0296017222820237,0.21404757891706264
HOUSEHOLD_1_434,TX,1.0580752212389382,0.3346458962179883
HOUSEHOLD_1_434,WI,1.1213364595545134,0.4864888501536214
HOUSEHOLD_1_435,CA,2.9385560675883258,0.43515099597195056
HOUSEHOLD_1_435,TX,3.1207177814029365,0.39092559916753744
HOUSEHOLD_1_435,WI,4.1496746203904555,0.2746178090801537
HOUSEHOLD_1_436,CA,1.7811918063314711,0.5333965180472005
HOUSEHOLD_1_436,TX,3.332752613240418,0.3326728233469072
HOUSEHOLD_1_436,WI,2.4525641025641027,0.45524885442762364
HOUSEHOLD_1_437,CA,1.2130627774254914,0.29383480187570044
HOUSEHOLD_1_437,TX,1.554021121039805,0.5137912086308457
HOUSEHOLD_1_437,WI,1.386231884057971,0.3587946176778664
HOUSEHOLD_1_438,CA,1.0379815518176885,0.2927541783365494
HOUSEHOLD_1_438,TX,1.2039018250471996,0.3878672064483093
HOUSEHOLD_1_438,WI,1.080180688876341,0.4001394134858902
HOUSEHOLD_1_439,CA,1.0651447661469933,0.4323629322258322
HOUSEHOLD_1_439,TX,1.0493691716950082,0.49027864078889855
HOUSEHOLD_1_439,WI,1.0741156653565413,0.3835225220741213
HOUSEHOLD_1_440,CA,1.1032295271049597,0.34278365145812933
HOUSEHOLD_1_440,TX,1.169315403422983,0.34180037291388854
HOUSEHOLD_1_440,WI,1.272787757817698,0.47794852839511337
HOUSEHOLD_1_441,CA,8.10593220338983,0.22100039579234998
HOUSEHOLD_1_441,TX,8.856481481481481,0.31857360701974763
HOUSEHOLD_1_441,WI,1.095647193585338,0.28001633399539655
HOUSEHOLD_1_442,CA,2.599184782608696,0.36416240370601377
HOUSEHOLD_1_442,TX,2.800878477306003,0.3068727461220963
HOUSEHOLD_1_442,WI,3.172470978441128,0.34182931683089707
HOUSEHOLD_1_443,CA,1.274483677548301,0.5150552881468101
HOUSEHOLD_1_443,TX,1.1889372280919825,0.3368712818524906
HOUSEHOLD_1_443,WI,1.2031446540880504,0.30883294904191716
HOUSEHOLD_1_444,CA,2.947611710323575,0.50801591686764
HOUSEHOLD_1_444,TX,2.9751166407465006,0.5265917986445
HOUSEHOLD_1_444,WI,3.2589437819420786,0.4280755306255046
HOUSEHOLD_1_445,CA,1.0943935926773456,0.3074360199761275
HOUSEHOLD_1_445,TX,1.0894077448747153,0.2461826980257865
HOUSEHOLD_1_445,WI,1.1213364595545134,0.29855924657249083
HOUSEHOLD_1_446,CA,1.1448234590065829,0.4334183205288678
HOUSEHOLD_1_446,TX,1.721872187218722,0.5351558126782204
HOUSEHOLD_1_446,WI,1.4569687738004569,0.4860773261065942
HOUSEHOLD_1_447,CA,1.3674052894924946,0.16637328286170297
HOUSEHOLD_1_447,TX,1.3625356125356125,0.2854948488784152
HOUSEHOLD_1_447,WI,1.3772498200143988,0.23469498219600407
HOUSEHOLD_1_448,CA,1.864522417153996,0.2934643199368542
HOUSEHOLD_1_448,TX,2.0929978118161925,0.28828204805754426
HOUSEHOLD_1_448,WI,1.7928772258669166,0.43443689001969
HOUSEHOLD_1_449,CA,1.9660842754367933,0.37473880491077693
HOUSEHOLD_1_449,TX,1.6795434591747147,0.2617793263120269
HOUSEHOLD_1_449,WI,3.1830282861896837,0.27839449740496197
HOUSEHOLD_1_450,CA,1.8064211520302171,0.5106186378369826
HOUSEHOLD_1_450,TX,2.7886297376093294,0.43378892854002155
HOUSEHOLD_1_450,WI,1.726534296028881,0.4433513053830029
HOUSEHOLD_1_451,CA,1.85188770571152,0.42483401017972483
HOUSEHOLD_1_451,TX,2.6349862258953167,0.389001474816709
HOUSEHOLD_1_451,WI,2.520421607378129,0.44004695830500323
HOUSEHOLD_1_452,CA,1.1852540272614622,0.4849556039056922
HOUSEHOLD_1_452,TX,1.8132701421800947,0.4242088412698252
HOUSEHOLD_1_452,WI,1.3872371283538796,0.4369350421888744
HOUSEHOLD_1_453,CA,1.6824978012313105,0.34837935659979385
HOUSEHOLD_1_453,TX,1.4603053435114504,0.3172556110029673
HOUSEHOLD_1_453,WI,1.4459561602418745,0.29417866041764273
HOUSEHOLD_1_454,CA,1.7126230975828112,0.3861391590212007
HOUSEHOLD_1_454,TX,2.446291560102302,0.36568196460175556
HOUSEHOLD_1_454,WI,2.4276649746192893,0.3089406596728303
HOUSEHOLD_1_455,CA,2.513797634691196,0.3370850681603291
HOUSEHOLD_1_455,TX,3.07556270096463,0.4004047098603416
HOUSEHOLD_1_455,WI,2.800878477306003,0.41284291464680534
HOUSEHOLD_1_456,CA,2.4747736093143597,0.6883316871023529
HOUSEHOLD_1_456,TX,2.686797752808989,0.288774613316068
HOUSEHOLD_1_456,WI,2.764450867052023,0.3906592083517796
HOUSEHOLD_1_457,CA,1.9226130653266331,0.3088978862308318
HOUSEHOLD_1_457,TX,1.8921859545004946,0.2793947800521222
HOUSEHOLD_1_457,WI,2.3216019417475726,0.36726325754179123
HOUSEHOLD_1_458,CA,1.1246325690770136,0.4210035017175723
HOUSEHOLD_1_458,TX,1.2215836526181354,0.5488824247572119
HOUSEHOLD_1_458,WI,1.222364217252396,0.45772528960433295
HOUSEHOLD_1_459,CA,1.3654532476802284,0.21540308719936294
HOUSEHOLD_1_459,TX,1.3567375886524822,0.30659331590804656
HOUSEHOLD_1_459,WI,1.3703438395415473,0.2733834894320941
HOUSEHOLD_1_460,CA,1.1193680514921007,0.4541973075077446
HOUSEHOLD_1_460,TX,1.1772307692307693,0.5325238579115038
HOUSEHOLD_1_460,WI,1.2169211195928753,0.4986478210046646
HOUSEHOLD_1_461,CA,1.093767867352773,0.3365901257859122
HOUSEHOLD_1_461,TX,1.0391091797935905,0.6235929883351172
HOUSEHOLD_1_461,WI,1.0351731601731602,0.3648067444279468
HOUSEHOLD_1_462,CA,1.197871008140263,0.5171550388510808
HOUSEHOLD_1_462,TX,1.1608009708737863,0.47263922413061926
HOUSEHOLD_1_462,WI,1.2544262295081967,0.5768359966583094
HOUSEHOLD_1_463,CA,2.2296037296037294,0.3998594973323584
HOUSEHOLD_1_463,TX,2.8382789317507418,0.40173745916741904
HOUSEHOLD_1_463,WI,3.2589437819420786,0.44062986336452953
HOUSEHOLD_1_464,CA,1.6974267968056789,0.42748930166963833
HOUSEHOLD_1_464,TX,1.825381679389313,0.41486575015058746
HOUSEHOLD_1_464,WI,1.9072781655034896,0.36641886160787757
HOUSEHOLD_1_465,CA,1.3674052894924946,0.1935225141252102
HOUSEHOLD_1_465,TX,1.3644793152639088,0.24242498138390392
HOUSEHOLD_1_465,WI,1.3802308802308803,0.284985017448946
HOUSEHOLD_1_466,CA,2.8984848484848484,0.400629441576982
HOUSEHOLD_1_466,TX,6.3344370860927155,0.29081123678271203
HOUSEHOLD_1_466,WI,5.060846560846561,0.44944344168380085
HOUSEHOLD_1_467,CA,2.527080581241744,0.30529581785434173
HOUSEHOLD_1_467,TX,2.721194879089616,0.3591177686881433
HOUSEHOLD_1_467,WI,4.1951754385964914,0.36261151230814764
HOUSEHOLD_1_468,CA,1.0639599555061179,0.328700321168045
HOUSEHOLD_1_468,TX,1.2934415145368492,0.32945104041048684
HOUSEHOLD_1_468,WI,1.5981620718462823,0.3263122097397949
HOUSEHOLD_1_469,CA,1.096275071633238,0.31417741003623767
HOUSEHOLD_1_469,TX,1.1193680514921007,0.4658331034623332
HOUSEHOLD_1_469,WI,1.2618733509234827,0.3592822410022397
HOUSEHOLD_1_470,CA,1.6751313485113835,0.6372889902932198
HOUSEHOLD_1_470,TX,1.6854625550660793,0.5560125117347136
HOUSEHOLD_1_470,WI,2.159142212189616,0.6685188721756348
HOUSEHOLD_1_471,CA,1.7187780772686434,0.32117612743441315
HOUSEHOLD_1_471,TX,1.8572815533980582,0.41941119191867066
HOUSEHOLD_1_471,WI,1.9441056910569106,0.39958908936228604
HOUSEHOLD_1_472,CA,1.4875583203732503,0.35334940013097127
HOUSEHOLD_1_472,TX,1.911088911088911,0.32405953485890854
HOUSEHOLD_1_472,WI,2.109151047409041,0.25189709924422987
HOUSEHOLD_1_473,CA,1.6634782608695653,0.1359808375033719
HOUSEHOLD_1_473,TX,1.438345864661654,0.1996639791916123
HOUSEHOLD_1_473,WI,1.4405120481927711,0.2898503089753023
HOUSEHOLD_1_474,CA,1.0121693121693123,0.4169995917927309
HOUSEHOLD_1_474,TX,1.0164718384697131,2.6125590139631263
HOUSEHOLD_1_474,WI,1.044784270890224,0.7733614639864691
HOUSEHOLD_1_475,CA,1.0669269380925823,0.4234275677438406
HOUSEHOLD_1_475,TX,1.8184410646387832,0.5129956203180106
HOUSEHOLD_1_475,WI,1.1468824940047961,0.5381765671699255
HOUSEHOLD_1_476,CA,4.955958549222798,0.379201782603997
HOUSEHOLD_1_476,TX,4.746898263027295,0.34673025932217316
HOUSEHOLD_1_476,WI,5.7620481927710845,0.34365866998507594
HOUSEHOLD_1_477,CA,1.6129848229342327,0.6375346824022043
HOUSEHOLD_1_477,TX,1.2414016872160933,0.4503881958150926
HOUSEHOLD_1_477,WI,2.671787709497207,0.5465499509625679
HOUSEHOLD_1_478,CA,1.0089662447257384,0.2680274557861762
HOUSEHOLD_1_478,TX,1.0557395143487858,0.4287364877493128
HOUSEHOLD_1_478,WI,1.0143160127253446,0.2799158468522532
HOUSEHOLD_1_479,CA,1.3184011026878015,0.35532915433947526
HOUSEHOLD_1_479,TX,1.4692780337941629,0.3384105606932603
HOUSEHOLD_1_479,WI,1.349083215796897,0.3396472181246533
HOUSEHOLD_1_480,CA,2.2270081490104774,0.6250388034258574
HOUSEHOLD_1_480,TX,2.2218350754936123,0.514138878332699
HOUSEHOLD_1_480,WI,2.3216019417475726,0.5450042653222108
HOUSEHOLD_1_481,CA,1.3802308802308803,0.35339864234968604
HOUSEHOLD_1_481,TX,1.4670245398773005,0.457641231089698
HOUSEHOLD_1_481,WI,1.548987854251012,0.46994207117716386
HOUSEHOLD_1_482,CA,1.3075871496924127,0.2857674985103439
HOUSEHOLD_1_482,TX,1.5836092715231789,0.4074448290721099
HOUSEHOLD_1_482,WI,1.4149408284023668,0.3645684911841053
HOUSEHOLD_1_483,CA,1.5590872045639772,0.3760888617592653
HOUSEHOLD_1_483,TX,2.3588162762022193,0.3066083747177326
HOUSEHOLD_1_483,WI,1.6899293286219081,0.4093849383307494
HOUSEHOLD_1_484,CA,5.114973262032086,0.34641579486324536
HOUSEHOLD_1_484,TX,5.3887323943661976,0.3734385272846811
HOUSEHOLD_1_484,WI,6.419463087248322,0.37360337220939865
HOUSEHOLD_1_485,CA,1.1180596142606662,0.5187049187332378
HOUSEHOLD_1_485,TX,2.0975877192982457,0.291431160927658
HOUSEHOLD_1_485,WI,1.407652685798381,0.35325033249497906
HOUSEHOLD_1_486,CA,1.532852564102564,0.34194077202682305
HOUSEHOLD_1_486,TX,1.6765994741454864,0.423831886598972
HOUSEHOLD_1_486,WI,2.159142212189616,0.29366819251930465
HOUSEHOLD_1_487,CA,2.120842572062084,0.3276867660696264
HOUSEHOLD_1_487,TX,2.2746730083234246,0.3135892167757082
HOUSEHOLD_1_487,WI,2.255896226415094,0.3697413490187064
HOUSEHOLD_1_488,CA,1.1963727329580989,0.41428772265490577
HOUSEHOLD_1_488,TX,1.1721813725490196,0.35039149872768033
HOUSEHOLD_1_488,WI,1.2069400630914826,0.42838720969201655
HOUSEHOLD_1_489,CA,5.060846560846561,0.3562411808819558
HOUSEHOLD_1_489,TX,5.299168975069252,0.3440168847732103
HOUSEHOLD_1_489,WI,5.8323170731707314,0.3235671303146888
HOUSEHOLD_1_490,CA,1.096275071633238,0.3336410221744175
HOUSEHOLD_1_490,TX,1.3452883263009845,0.3461403610010306
HOUSEHOLD_1_490,WI,1.2519633507853403,0.426554646535148
HOUSEHOLD_1_491,CA,2.219257540603248,0.4085900355140797
HOUSEHOLD_1_491,TX,2.347239263803681,0.4171598202118253
HOUSEHOLD_1_491,WI,2.721194879089616,0.4299392458130462
HOUSEHOLD_1_492,CA,1.1963727329580989,0.3233185895890987
HOUSEHOLD_1_492,TX,2.132664437012263,0.2060613825423752
HOUSEHOLD_1_492,WI,1.5502431118314424,0.33842287117709824
HOUSEHOLD_1_493,CA,1.3312456506610995,0.5809730419890562
HOUSEHOLD_1_493,TX,2.698166431593794,0.6407553285090606
HOUSEHOLD_1_493,WI,1.8394230769230768,0.48156348381715447
HOUSEHOLD_1_494,CA,1.0663322185061315,0.18484681268176215
HOUSEHOLD_1_494,TX,1.0747191011235955,0.20692601977017563
HOUSEHOLD_1_494,WI,1.3762589928057554,0.3303941226798816
HOUSEHOLD_1_495,CA,2.1279199110122358,0.4394820333578282
HOUSEHOLD_1_495,TX,2.1862857142857144,0.4033195337440617
HOUSEHOLD_1_495,WI,2.318787878787879,0.45438733862355335
HOUSEHOLD_1_496,CA,5.940993788819876,0.3867537613596562
HOUSEHOLD_1_496,TX,5.727544910179641,0.38867806984116
HOUSEHOLD_1_496,WI,5.8323170731707314,0.3263865134117504
HOUSEHOLD_1_497,CA,1.7979323308270676,0.3095839344900686
HOUSEHOLD_1_497,TX,1.7795348837209302,0.32876852364189246
HOUSEHOLD_1_497,WI,2.2773809523809523,0.36950508032671864
HOUSEHOLD_1_498,CA,1.0290478752017214,0.2146940318038652
HOUSEHOLD_1_498,TX,1.0539944903581266,0.31052810617667326
HOUSEHOLD_1_498,WI,1.0741156653565413,0.30532894328509086
HOUSEHOLD_1_499,CA,1.6378424657534247,0.36656251721046756
HOUSEHOLD_1_499,TX,2.0329436769394262,0.37413041651065093
HOUSEHOLD_1_499,WI,1.9421319796954315,0.38150169443889986
HOUSEHOLD_1_500,CA,2.588633288227334,0.4385338248905291
HOUSEHOLD_1_500,TX,5.996865203761756,0.3298970085408775
HOUSEHOLD_1_500,WI,3.0461783439490446,0.4661265429401985
HOUSEHOLD_1_501,CA,1.6780701754385965,0.3356924531827151
HOUSEHOLD_1_501,TX,3.0365079365079364,0.15727443534930166
HOUSEHOLD_1_501,WI,3.3798586572438163,0.2400899649950835
HOUSEHOLD_1_502,CA,5.609970674486804,0.20344618073426207
HOUSEHOLD_1_502,TX,6.313531353135313,0.21899884923840593
HOUSEHOLD_1_502,WI,7.591269841269841,0.2104350597609562
HOUSEHOLD_1_503,CA,1.0143160127253446,0.3266757695550731
HOUSEHOLD_1_503,TX,1.0340540540540542,0.3851701990550383
HOUSEHOLD_1_503,WI,1.058660763696735,0.41514925717073703
HOUSEHOLD_1_504,CA,1.894059405940594,0.5708055918242166
HOUSEHOLD_1_504,TX,2.624142661179698,0.4929158198853604
HOUSEHOLD_1_504,WI,2.344362745098039,0.6735389161680657
HOUSEHOLD_1_505,CA,1.1600970285021226,0.30091960906983783
HOUSEHOLD_1_505,TX,1.1743400859422959,0.3310877835703336
HOUSEHOLD_1_505,WI,1.1801357186921653,0.3705786871049655
HOUSEHOLD_1_506,CA,1.0132415254237288,0.3932819705411012
HOUSEHOLD_1_506,TX,1.0396739130434782,0.3126607752845855
HOUSEHOLD_1_506,WI,1.8608949416342413,0.6981839340956839
HOUSEHOLD_1_507,CA,1.3193103448275862,0.4910821049996333
HOUSEHOLD_1_507,TX,1.7110912343470484,0.4839759061676276
HOUSEHOLD_1_507,WI,1.6211864406779661,0.504516205562151
HOUSEHOLD_1_508,CA,1.3557760453579022,0.5696585998156067
HOUSEHOLD_1_508,TX,1.3424561403508772,0.7380757003486611
HOUSEHOLD_1_508,WI,1.7878504672897195,0.5659838111492661
HOUSEHOLD_1_509,CA,3.4845173041894353,0.4070641972980226
HOUSEHOLD_1_509,TX,3.7956349206349205,0.41029171232989886
HOUSEHOLD_1_509,WI,3.8413654618473894,0.3984768397211146
HOUSEHOLD_1_510,CA,1.3443429374560787,0.2955021494139074
HOUSEHOLD_1_510,TX,1.3331010452961674,0.3955387415623381
HOUSEHOLD_1_510,WI,1.4233630952380953,0.3081167214112904
HOUSEHOLD_1_511,CA,1.488715953307393,0.30721082547208517
HOUSEHOLD_1_511,TX,1.4149408284023668,0.22140041677236805
HOUSEHOLD_1_511,WI,1.7034728406055208,0.34202736519421983
HOUSEHOLD_1_512,CA,7.591269841269841,0.4024844397872521
HOUSEHOLD_1_512,TX,6.931159420289855,0.36496546500513966
HOUSEHOLD_1_512,WI,6.015723270440252,0.3852030889562777
HOUSEHOLD_1_513,CA,1.8754901960784314,0.3228084386481368
HOUSEHOLD_1_513,TX,1.914914914914915,0.2995974325410411
HOUSEHOLD_1_513,WI,2.3300852618757615,0.35273546312562637
HOUSEHOLD_1_514,CA,1.7729379054680259,0.3309401107637041
HOUSEHOLD_1_514,TX,1.5527597402597402,0.174333928542637
HOUSEHOLD_1_514,WI,1.5578175895765471,0.22679305022390128
HOUSEHOLD_1_515,CA,1.3782420749279538,0.2585718474196801
HOUSEHOLD_1_515,TX,1.4749421742482651,0.38098759033000823
HOUSEHOLD_1_515,WI,1.417037037037037,0.3501256072053413
HOUSEHOLD_1_516,CA,1.006842105263158,0.21092292987829236
HOUSEHOLD_1_516,TX,1.006842105263158,0.2721266532021396
HOUSEHOLD_1_516,WI,1.0170122275385434,0.2832367404515825
HOUSEHOLD_1_517,CA,1.6392459297343616,0.14060131333693762
HOUSEHOLD_1_517,TX,1.6462994836488813,0.19487447484532966
HOUSEHOLD_1_517,WI,1.6620330147697655,0.2897289777030029
HOUSEHOLD_1_518,CA,2.624142661179698,0.9005311853487519
HOUSEHOLD_1_518,TX,2.7289586305278175,0.3850420385293527
HOUSEHOLD_1_518,WI,2.9028831562974204,0.4458845940084027
HOUSEHOLD_1_519,CA,1.1312832643406268,0.34965595521143844
HOUSEHOLD_1_519,TX,1.0657381615598887,0.41114085192074246
HOUSEHOLD_1_519,WI,1.2215836526181354,0.4434641138931692
HOUSEHOLD_1_520,CA,1.272787757817698,0.4734080030497696
HOUSEHOLD_1_520,TX,2.2719714964370548,0.38347982967381355
HOUSEHOLD_1_520,WI,1.6634782608695653,0.44803877747920184
HOUSEHOLD_1_521,CA,1.0610094287298946,0.26908507222919253
HOUSEHOLD_1_521,TX,1.0436442989634478,0.3309506913853842
HOUSEHOLD_1_521,WI,1.0747191011235955,0.3853492957484844
HOUSEHOLD_1_522,CA,1.0569060773480663,0.49101133366797955
HOUSEHOLD_1_522,TX,1.10641989589358,0.4087831338223518
HOUSEHOLD_1_522,WI,1.195625,0.513466235670278
HOUSEHOLD_1_523,CA,6.015723270440252,0.3535540699883105
HOUSEHOLD_1_523,TX,7.531496062992126,0.42430565936511033
HOUSEHOLD_1_523,WI,9.241545893719806,0.3151872399445215
HOUSEHOLD_1_524,CA,2.6606397774687065,0.32248222804228266
HOUSEHOLD_1_524,TX,2.855223880597015,0.354301619737566
HOUSEHOLD_1_524,WI,2.744619799139168,0.3378814219525196
HOUSEHOLD_1_525,CA,1.6336464560204953,0.39026068779761797
HOUSEHOLD_1_525,TX,1.9015904572564613,0.41256583854063017
HOUSEHOLD_1_525,WI,1.7438468550592525,0.4043565598631624
HOUSEHOLD_1_526,CA,6.85663082437276,0.55994333849332
HOUSEHOLD_1_526,TX,6.619377162629758,0.45543192620855444
HOUSEHOLD_1_526,WI,7.744939271255061,0.5077540677341574
HOUSEHOLD_1_527,CA,2.772463768115942,0.2669040592481474
HOUSEHOLD_1_527,TX,2.9250764525993884,0.4049751102738519
HOUSEHOLD_1_527,WI,3.1463815789473686,0.38894052733018974
HOUSEHOLD_1_528,CA,1.0290478752017214,0.33451234657170814
HOUSEHOLD_1_528,TX,1.051676745464541,0.340293501381513
HOUSEHOLD_1_528,WI,1.3548158640226629,0.36910853489885004
HOUSEHOLD_1_529,CA,2.0725893824485375,0.34578546195739995
HOUSEHOLD_1_529,TX,2.137430167597765,0.32683638596789394
HOUSEHOLD_1_529,WI,2.3300852618757615,0.4387039897379215
HOUSEHOLD_1_530,CA,1.5353130016051364,0.4249469322443636
HOUSEHOLD_1_530,TX,1.8718199608610568,0.5153473776505977
HOUSEHOLD_1_530,WI,1.5915141430948418,0.3409510297193624
HOUSEHOLD_1_531,CA,1.4118081180811808,0.4156759353951732
HOUSEHOLD_1_531,TX,1.4448640483383686,0.47013772344432
HOUSEHOLD_1_531,WI,1.5796862097440132,0.41936506374075627
HOUSEHOLD_1_532,CA,1.2016331658291457,0.3671223187143426
HOUSEHOLD_1_532,TX,1.2084649399873657,0.388065731199907
HOUSEHOLD_1_532,WI,1.525518341307815,0.4263717315636167
HOUSEHOLD_1_533,CA,1.8047169811320756,0.3841179457757498
HOUSEHOLD_1_533,TX,2.7525179856115107,0.582430161764807
HOUSEHOLD_1_533,WI,2.5337748344370863,0.3766205225255417
HOUSEHOLD_1_534,CA,5.114973262032086,0.34160640175764223
HOUSEHOLD_1_534,TX,6.3344370860927155,0.3819181373226779
HOUSEHOLD_1_534,WI,5.7620481927710845,0.4041716673182749
HOUSEHOLD_1_535,CA,1.1109175377468061,0.220100322986399
HOUSEHOLD_1_535,TX,1.167887667887668,0.24268271599571317
HOUSEHOLD_1_535,WI,1.192643391521197,0.38937853305211717
HOUSEHOLD_1_536,CA,2.4588688946015425,0.16022306010419302
HOUSEHOLD_1_536,TX,2.4588688946015425,0.2624905173273299
HOUSEHOLD_1_536,WI,2.4747736093143597,0.275685959034003
HOUSEHOLD_1_537,CA,1.0094986807387862,0.2351950451451347
HOUSEHOLD_1_537,TX,1.082625919637804,0.3578156551642728
HOUSEHOLD_1_537,WI,1.3138736263736264,0.3350305061421982
HOUSEHOLD_1_538,CA,1.3284722222222223,0.29294825426257065
HOUSEHOLD_1_538,TX,1.4405120481927711,0.36592188761044137
HOUSEHOLD_1_538,WI,1.3519434628975264,0.3357977154362363
HOUSEHOLD_1_539,CA,1.142089552238806,0.21295008629315879
HOUSEHOLD_1_539,TX,1.189676616915423,0.32201992840637117
HOUSEHOLD_1_539,WI,1.1643335362142422,0.27438443962430975
HOUSEHOLD_1_540,CA,1.6562770562770563,0.16206681534678474
HOUSEHOLD_1_540,TX,1.4448640483383686,0.26000656341149725
HOUSEHOLD_1_540,WI,1.434032983508246,0.27397216259254975
HOUSEHOLD_1_541,CA,1.239792611795204,0.2729102945238688
HOUSEHOLD_1_541,TX,1.2882154882154881,0.3430136306031834
HOUSEHOLD_1_541,WI,1.284754869039624,0.3430704564967963
HOUSEHOLD_2_001,CA,1.3732950466618807,0.3582505880883532
HOUSEHOLD_2_001,TX,1.8810226155358898,0.2802637238610943
HOUSEHOLD_2_001,WI,2.5472703062583224,0.2360194325059131
HOUSEHOLD_2_002,CA,1.14619532654284,0.38620422566209195
HOUSEHOLD_2_002,TX,1.30580204778157,0.3961107050177623
HOUSEHOLD_2_002,WI,1.3211325966850829,0.3896671237471066
HOUSEHOLD_2_003,CA,1.2710963455149502,0.4141281952932339
HOUSEHOLD_2_003,TX,2.0307855626326963,0.40723375511626014
HOUSEHOLD_2_003,WI,2.344362745098039,0.26422307013410185
HOUSEHOLD_2_004,CA,2.6133879781420766,0.4021307292092789
HOUSEHOLD_2_004,TX,3.6231060606060606,0.28685671265440504
HOUSEHOLD_2_004,WI,7.007326007326007,0.14607215465071852
HOUSEHOLD_2_005,CA,6.981751824817518,0.16650425218049927
HOUSEHOLD_2_005,TX,8.281385281385282,0.1476762654786723
HOUSEHOLD_2_005,WI,15.809917355371901,0.11472511443086367
HOUSEHOLD_2_006,CA,3.664750957854406,0.2625966135893852
HOUSEHOLD_2_006,TX,4.7002457002457,0.17561650602109113
HOUSEHOLD_2_006,WI,5.114973262032086,0.12195792147222864
HOUSEHOLD_2_007,CA,1.6577123050259965,0.49246289528274906
HOUSEHOLD_2_007,TX,2.9028831562974204,0.39314066005308923
HOUSEHOLD_2_007,WI,4.0788912579957355,0.3172363326065522
HOUSEHOLD_2_008,CA,2.216685979142526,0.38497187945268474
HOUSEHOLD_2_008,TX,2.9937402190923317,0.31189918337630546
HOUSEHOLD_2_008,WI,4.746898263027295,0.21274689590237703
HOUSEHOLD_2_009,CA,2.4811932555123217,0.3919234096987513
HOUSEHOLD_2_009,TX,3.1567656765676566,0.3969586545867445
HOUSEHOLD_2_009,WI,5.497126436781609,0.2717817123923519
HOUSEHOLD_2_010,CA,1.9342770475227502,0.334423670347014
HOUSEHOLD_2_010,TX,4.279642058165548,0.2410181645566906
HOUSEHOLD_2_010,WI,3.575700934579439,0.18982994317533308
HOUSEHOLD_2_011,CA,1.4681504221028396,0.343998384659825
HOUSEHOLD_2_011,TX,2.0592034445640475,0.3275091103881921
HOUSEHOLD_2_011,WI,1.7065120428189118,0.36662351248335806
HOUSEHOLD_2_012,CA,1.5578175895765471,0.35898712509042946
HOUSEHOLD_2_012,TX,2.379353233830846,0.3738148462302151
HOUSEHOLD_2_012,WI,2.282816229116945,0.3136569397606188
HOUSEHOLD_2_013,CA,2.149438202247191,0.5233403526180865
HOUSEHOLD_2_013,TX,2.800878477306003,0.6319690553317359
HOUSEHOLD_2_013,WI,4.298876404494382,0.4177848141129125
HOUSEHOLD_2_014,CA,1.9681069958847737,0.31826708790567754
HOUSEHOLD_2_014,TX,2.725071225071225,0.21372659135904248
HOUSEHOLD_2_014,WI,3.912065439672802,0.148115200052711
HOUSEHOLD_2_015,CA,1.7049910873440286,0.3810769703274079
HOUSEHOLD_2_015,TX,2.4876462938881665,0.29322270938000766
HOUSEHOLD_2_015,WI,3.3798586572438163,0.22862638999614288
HOUSEHOLD_2_016,CA,1.6322525597269624,0.3978610055311528
HOUSEHOLD_2_016,TX,1.6294718909710393,0.4451283696133734
HOUSEHOLD_2_016,WI,2.3734491315136474,0.2485141949253927
HOUSEHOLD_2_017,CA,4.7002457002457,0.3904002253242879
HOUSEHOLD_2_017,TX,7.652,0.2448363706037483
HOUSEHOLD_2_017,WI,8.735159817351597,0.26907100914652693
HOUSEHOLD_2_018,CA,4.113978494623656,0.1737856011069894
HOUSEHOLD_2_018,TX,7.007326007326007,0.15282044102399187
HOUSEHOLD_2_018,WI,7.531496062992126,0.08630123941006301
HOUSEHOLD_2_019,CA,1.739090909090909,0.3632044059401119
HOUSEHOLD_2_019,TX,3.5557620817843865,0.19494193744536925
HOUSEHOLD_2_019,WI,3.3269565217391306,0.19602709843341173
HOUSEHOLD_2_020,CA,3.826,0.3212663568519212
HOUSEHOLD_2_020,TX,10.175531914893616,0.13704583966021874
HOUSEHOLD_2_020,WI,8.03781512605042,0.20109764663227406
HOUSEHOLD_2_021,CA,1.5267358339984038,0.38439978810962183
HOUSEHOLD_2_021,TX,1.6491379310344827,0.36101555801511903
HOUSEHOLD_2_021,WI,2.0703463203463204,0.30181120862635996
HOUSEHOLD_2_022,CA,2.5746971736204576,0.33660978847412576
HOUSEHOLD_2_022,TX,3.3269565217391306,0.3512885903014062
HOUSEHOLD_2_022,WI,3.9362139917695473,0.27424522290356695
HOUSEHOLD_2_023,CA,5.074270557029178,0.4930978979354151
HOUSEHOLD_2_023,TX,2.6532593619972262,0.5328673306275975
HOUSEHOLD_2_023,WI,8.245689655172415,0.2530532885084353
HOUSEHOLD_2_024,CA,1.9441056910569106,0.466909732865982
HOUSEHOLD_2_024,TX,2.5746971736204576,0.3873743252527011
HOUSEHOLD_2_024,WI,3.780632411067194,0.3726808183776958
HOUSEHOLD_2_025,CA,1.3184011026878015,0.3681806178153673
HOUSEHOLD_2_025,TX,1.7945590994371483,0.43666737717597054
HOUSEHOLD_2_025,WI,2.443167305236271,0.2921835038363171
HOUSEHOLD_2_026,CA,3.5036630036630036,0.22698466431055228
HOUSEHOLD_2_026,TX,5.814589665653496,0.14250644049650368
HOUSEHOLD_2_026,WI,6.251633986928105,0.10999644228799252
HOUSEHOLD_2_027,CA,5.561046511627907,0.20035922532278216
HOUSEHOLD_2_027,TX,7.591269841269841,0.18794581673306773
HOUSEHOLD_2_027,WI,7.059040590405904,0.16666613546028364
HOUSEHOLD_2_028,CA,1.9640657084188913,0.32499902280536586
HOUSEHOLD_2_028,TX,2.3646477132262054,0.26151123179705915
HOUSEHOLD_2_028,WI,3.3798586572438163,0.20267148613651698
HOUSEHOLD_2_029,CA,1.8098391674550616,0.3876112686401101
HOUSEHOLD_2_029,TX,2.6133879781420766,0.2716417315906593
HOUSEHOLD_2_029,WI,3.0904684975767367,0.250546132517979
HOUSEHOLD_2_030,CA,1.2702523240371846,0.3804434815609994
HOUSEHOLD_2_030,TX,1.5757825370675453,0.3373911511602274
HOUSEHOLD_2_030,WI,1.5968280467445743,0.31156247875600396
HOUSEHOLD_2_031,CA,2.198850574712644,0.3866326116384092
HOUSEHOLD_2_031,TX,2.85096870342772,0.3723691700316442
HOUSEHOLD_2_031,WI,4.122844827586207,0.2575470380034029
HOUSEHOLD_2_032,CA,2.5816464237516867,0.3867265318035022
HOUSEHOLD_2_032,TX,5.060846560846561,0.519294763988053
HOUSEHOLD_2_032,WI,6.39799331103679,0.20676602224117682
HOUSEHOLD_2_033,CA,1.2660489741892786,0.4631654595940439
HOUSEHOLD_2_033,TX,1.8828740157480315,0.38634508223735325
HOUSEHOLD_2_033,WI,2.543882978723404,0.2527964413065488
HOUSEHOLD_2_034,CA,3.595864661654135,0.24187017311106287
HOUSEHOLD_2_034,TX,4.855329949238579,0.2015479704460741
HOUSEHOLD_2_034,WI,6.759717314487633,0.11984007234623764
HOUSEHOLD_2_035,CA,1.3174931129476584,0.4439264734875718
HOUSEHOLD_2_035,TX,2.1161504424778763,0.38914165091272623
HOUSEHOLD_2_035,WI,2.418457648546144,0.28142074042915344
HOUSEHOLD_2_036,CA,1.1815935762816554,0.35011409542978544
HOUSEHOLD_2_036,TX,1.5365461847389559,0.35763889772439006
HOUSEHOLD_2_036,WI,2.1045104510451047,0.2946953775620297
HOUSEHOLD_2_037,CA,1.1757836508912107,0.34057313485855034
HOUSEHOLD_2_037,TX,1.58099173553719,0.3675786056124843
HOUSEHOLD_2_037,WI,1.739090909090909,0.33521772573435815
HOUSEHOLD_2_038,CA,2.412358133669609,0.22764087141406336
HOUSEHOLD_2_038,TX,3.0316957210776545,0.1979395313001926
HOUSEHOLD_2_038,WI,3.041335453100159,0.23772173657300977
HOUSEHOLD_2_039,CA,1.6751313485113835,0.4159700220356221
HOUSEHOLD_2_039,TX,3.780632411067194,0.27736591841002284
HOUSEHOLD_2_039,WI,3.2205387205387206,0.2656358107606645
HOUSEHOLD_2_040,CA,5.796969696969697,0.3754696167099536
HOUSEHOLD_2_040,TX,3.736328125,0.3564421887720361
HOUSEHOLD_2_040,WI,8.175213675213675,0.20184269726153434
HOUSEHOLD_2_041,CA,1.4956997654417514,0.32899988504050975
HOUSEHOLD_2_041,TX,2.5039267015706805,0.3228070975107688
HOUSEHOLD_2_041,WI,3.2589437819420786,0.19270993186308438
HOUSEHOLD_2_042,CA,5.114973262032086,0.13139367447001038
HOUSEHOLD_2_042,TX,8.939252336448599,0.07119248963476726
HOUSEHOLD_2_042,WI,5.7620481927710845,0.17031524785027768
HOUSEHOLD_2_043,CA,1.3358938547486034,0.35475080512577983
HOUSEHOLD_2_043,TX,1.9865005192107996,0.2624688880411801
HOUSEHOLD_2_043,WI,3.026898734177215,0.19325796704937295
HOUSEHOLD_2_044,CA,3.2423728813559323,0.20131830846442764
HOUSEHOLD_2_044,TX,3.3211805555555554,0.3022149948260648
HOUSEHOLD_2_044,WI,3.236886632825719,0.23396225442529217
HOUSEHOLD_2_045,CA,1.8411934552454283,0.4294075054789861
HOUSEHOLD_2_045,TX,3.6577437858508604,0.2546732629868752
HOUSEHOLD_2_045,WI,2.2612293144208038,0.3804755941025115
HOUSEHOLD_2_046,CA,2.527080581241744,0.455540092204468
HOUSEHOLD_2_046,TX,4.843037974683544,0.26666209063426133
HOUSEHOLD_2_046,WI,4.855329949238579,0.24665502301365913
HOUSEHOLD_2_047,CA,1.1700305810397553,0.43013166407939435
HOUSEHOLD_2_047,TX,1.6974267968056789,0.42822958834417474
HOUSEHOLD_2_047,WI,1.5954962468723937,0.4218106387119043
HOUSEHOLD_2_048,CA,1.651986183074266,0.34953781545764046
HOUSEHOLD_2_048,TX,1.8978174603174602,0.3977106745055715
HOUSEHOLD_2_048,WI,2.379353233830846,0.2837151331265784
HOUSEHOLD_2_049,CA,1.666376306620209,0.3903336451039722
HOUSEHOLD_2_049,TX,2.2064590542099194,0.4089938451091231
HOUSEHOLD_2_049,WI,1.9015904572564613,0.3923603496336052
HOUSEHOLD_2_050,CA,1.2422077922077923,0.40035529644408224
HOUSEHOLD_2_050,TX,2.1422172452407615,0.327193012204744
HOUSEHOLD_2_050,WI,1.8828740157480315,0.30422310162053756
HOUSEHOLD_2_051,CA,1.5146476642913698,0.5815316402985029
HOUSEHOLD_2_051,TX,2.9028831562974204,0.33868771418221677
HOUSEHOLD_2_051,WI,6.419463087248322,0.19368663333616723
HOUSEHOLD_2_052,CA,1.4159881569207995,0.4189094161729297
HOUSEHOLD_2_052,TX,2.022198731501057,0.3690359935102685
HOUSEHOLD_2_052,WI,2.1837899543378994,0.29628247554507264
HOUSEHOLD_2_053,CA,2.1470258136924802,0.6097728853984375
HOUSEHOLD_2_053,TX,2.690576652601969,0.5431359631184589
HOUSEHOLD_2_053,WI,2.7805232558139537,0.4372575348149993
HOUSEHOLD_2_054,CA,1.2856182795698925,0.40054434738107203
HOUSEHOLD_2_054,TX,1.4715384615384615,0.42289188539755207
HOUSEHOLD_2_054,WI,1.3872371283538796,0.45371988544619807
HOUSEHOLD_2_055,CA,1.611625947767481,0.31081392869811525
HOUSEHOLD_2_055,TX,2.1862857142857144,0.2802339255953709
HOUSEHOLD_2_055,WI,3.9937369519832986,0.16922750571707854
HOUSEHOLD_2_056,CA,1.8500967117988394,0.3709939708337107
HOUSEHOLD_2_056,TX,4.002092050209205,0.2569042665338047
HOUSEHOLD_2_056,WI,3.6859344894026975,0.23882184642109033
HOUSEHOLD_2_057,CA,7.0851851851851855,0.4904744169050113
HOUSEHOLD_2_057,TX,11.593939393939394,0.3596047457720534
HOUSEHOLD_2_057,WI,12.031446540880504,0.3514408838962847
HOUSEHOLD_2_058,CA,3.3858407079646016,0.3021374326798335
HOUSEHOLD_2_058,TX,4.6658536585365855,0.280145191750757
HOUSEHOLD_2_058,WI,3.888211382113821,0.29528697623469985
HOUSEHOLD_2_059,CA,1.2153748411689962,0.4296057319874658
HOUSEHOLD_2_059,TX,1.299592391304348,0.3623211461378755
HOUSEHOLD_2_059,WI,1.369362920544023,0.42856399120346284
HOUSEHOLD_2_060,CA,7.386100386100386,0.2651950615575217
HOUSEHOLD_2_060,TX,8.897674418604652,0.1615007848480734
HOUSEHOLD_2_060,WI,10.747191011235955,0.10491393884553614
HOUSEHOLD_2_061,CA,2.0884279475982535,0.5002637482183565
HOUSEHOLD_2_061,TX,1.9323232323232322,0.3857104122309668
HOUSEHOLD_2_061,WI,1.9660842754367933,0.3721301843942699
HOUSEHOLD_2_062,CA,1.1815935762816554,0.586643275600476
HOUSEHOLD_2_062,TX,1.8341323106423777,45.76693373155189
HOUSEHOLD_2_062,WI,1.8411934552454283,0.39204962264803983
HOUSEHOLD_2_063,CA,1.9284274193548387,0.3754643541187064
HOUSEHOLD_2_063,TX,4.01890756302521,0.23964122311136793
HOUSEHOLD_2_063,WI,3.303972366148532,0.24440511199427178
HOUSEHOLD_2_064,CA,1.2544262295081967,0.3771043080009005
HOUSEHOLD_2_064,TX,1.7080357142857143,0.36474490474906046
HOUSEHOLD_2_064,WI,2.4747736093143597,0.2560251749538711
HOUSEHOLD_2_065,CA,5.020997375328084,0.19772592796993718
HOUSEHOLD_2_065,TX,5.796969696969697,0.2721683912262506
HOUSEHOLD_2_065,WI,9.197115384615385,0.15651638631284545
HOUSEHOLD_2_066,CA,5.343575418994414,0.3486650311522586
HOUSEHOLD_2_066,TX,7.872427983539095,0.2664587618687244
HOUSEHOLD_2_066,WI,8.245689655172415,0.20587353551342483
HOUSEHOLD_2_067,CA,4.511792452830188,0.9798602164937423
HOUSEHOLD_2_067,TX,8.775229357798166,0.6940713498555233
HOUSEHOLD_2_067,WI,4.328054298642534,2.4160067521554702
HOUSEHOLD_2_068,CA,1.3138736263736264,0.3854661444119796
HOUSEHOLD_2_068,TX,1.5170499603489294,0.39780593774869416
HOUSEHOLD_2_068,WI,2.1302895322939865,0.26347763535381674
HOUSEHOLD_2_069,CA,2.3734491315136474,0.30388583138600783
HOUSEHOLD_2_069,TX,4.943152454780361,0.14990666758717366
HOUSEHOLD_2_069,WI,3.7583497053045187,0.17192776832909465
HOUSEHOLD_2_070,CA,1.222364217252396,0.38328113722601226
HOUSEHOLD_2_070,TX,1.6225614927905003,0.39948543353332133
HOUSEHOLD_2_070,WI,2.5746971736204576,0.3866191883119547
HOUSEHOLD_2_071,CA,1.4149408284023668,0.3945570330545012
HOUSEHOLD_2_071,TX,1.8699902248289344,0.3210049792154298
HOUSEHOLD_2_071,WI,2.624142661179698,0.2655531405883834
HOUSEHOLD_2_072,CA,2.979750778816199,0.43624348771318716
HOUSEHOLD_2_072,TX,3.7073643410852712,0.446724193812746
HOUSEHOLD_2_072,WI,4.501176470588235,0.39440837896862635
HOUSEHOLD_2_073,CA,5.184281842818428,0.1412069821951087
HOUSEHOLD_2_073,TX,11.455089820359282,0.07603295572939175
HOUSEHOLD_2_073,WI,7.273764258555133,0.13776990995866703
HOUSEHOLD_2_074,CA,1.0436442989634478,0.35713058504762596
HOUSEHOLD_2_074,TX,1.1373365041617123,0.42807088890927764
HOUSEHOLD_2_074,WI,1.233397807865893,0.3883085018556187
HOUSEHOLD_2_075,CA,1.0651447661469933,0.4082096437988193
HOUSEHOLD_2_075,TX,1.222364217252396,0.4569442445883728
HOUSEHOLD_2_075,WI,1.2934415145368492,0.4188653981812133
HOUSEHOLD_2_076,CA,1.1593939393939394,0.3761710390469556
HOUSEHOLD_2_076,TX,1.71415770609319,0.30873978848304245
HOUSEHOLD_2_076,WI,2.224418604651163,0.2588516267788756
HOUSEHOLD_2_077,CA,7.273764258555133,0.2618470562137978
HOUSEHOLD_2_077,TX,14.9453125,0.12525221428984362
HOUSEHOLD_2_077,WI,8.856481481481481,0.24561858915374404
HOUSEHOLD_2_078,CA,1.8959365708622398,0.3446994021447305
HOUSEHOLD_2_078,TX,2.2773809523809523,0.39419171768929395
HOUSEHOLD_2_078,WI,2.3942428035043806,0.40547586000265357
HOUSEHOLD_2_079,CA,1.5590872045639772,0.4521114204720423
HOUSEHOLD_2_079,TX,2.855223880597015,0.24716317059928086
HOUSEHOLD_2_079,WI,2.3646477132262054,0.3201998036141222
HOUSEHOLD_2_080,CA,4.01890756302521,0.5039879028833336
HOUSEHOLD_2_080,TX,6.4847457627118645,0.5526153653401843
HOUSEHOLD_2_080,WI,6.292763157894737,0.4622434591403837
HOUSEHOLD_2_081,CA,3.236886632825719,0.7077646569479036
HOUSEHOLD_2_081,TX,3.693050193050193,0.3056431733983043
HOUSEHOLD_2_081,WI,3.497257769652651,0.3141025641025641
HOUSEHOLD_2_082,CA,1.3635067712045617,0.4055772821281255
HOUSEHOLD_2_082,TX,2.2270081490104774,0.3890805580044049
HOUSEHOLD_2_082,WI,2.599184782608696,0.28420406015263033
HOUSEHOLD_2_083,CA,2.009453781512605,0.4677217071037942
HOUSEHOLD_2_083,TX,4.438515081206496,0.26828429419204686
HOUSEHOLD_2_083,WI,8.502222222222223,0.2238048381781522
HOUSEHOLD_2_084,CA,1.1700305810397553,0.45723321871322714
HOUSEHOLD_2_084,TX,1.6048657718120805,0.3680394079661031
HOUSEHOLD_2_084,WI,1.542741935483871,0.376526751816665
HOUSEHOLD_2_085,CA,3.8336673346693386,0.25758558109989743
HOUSEHOLD_2_085,TX,5.796969696969697,0.154144877899043
HOUSEHOLD_2_085,WI,10.93142857142857,0.11661920660458383
HOUSEHOLD_2_086,CA,4.843037974683544,0.20028471486790395
HOUSEHOLD_2_086,TX,7.872427983539095,0.10224398941253902
HOUSEHOLD_2_086,WI,10.453551912568306,0.1210697465799507
HOUSEHOLD_2_087,CA,5.047493403693931,0.10480265832824545
HOUSEHOLD_2_087,TX,6.712280701754386,0.1605300857263484
HOUSEHOLD_2_087,WI,7.531496062992126,0.11656144039512346
HOUSEHOLD_2_088,CA,1.509865824782952,0.3431599050972207
HOUSEHOLD_2_088,TX,2.679271708683473,0.2509249366324818
HOUSEHOLD_2_088,WI,2.736766809728183,0.2531181642936583
HOUSEHOLD_2_089,CA,1.4437735849056603,0.37023946119313034
HOUSEHOLD_2_089,TX,1.4459561602418745,0.3832692353005803
HOUSEHOLD_2_089,WI,1.5414987912973408,0.4073744916306443
HOUSEHOLD_2_090,CA,1.4659003831417625,0.37866066489514827
HOUSEHOLD_2_090,TX,1.830622009569378,0.35576645168552257
HOUSEHOLD_2_090,WI,2.4652061855670104,0.27716321824501483
HOUSEHOLD_2_091,CA,2.602721088435374,0.3080503626455641
HOUSEHOLD_2_091,TX,6.642361111111111,0.13544309918733122
HOUSEHOLD_2_091,WI,4.818639798488665,0.14449591400112224
HOUSEHOLD_2_092,CA,3.3978685612788633,0.22664698269961217
HOUSEHOLD_2_092,TX,6.441077441077441,0.12573476807257086
HOUSEHOLD_2_092,WI,3.609433962264151,0.1778257546668242
HOUSEHOLD_2_093,CA,1.8978174603174602,0.4682644715229169
HOUSEHOLD_2_093,TX,1.9520408163265306,0.628324927949263
HOUSEHOLD_2_093,WI,2.198850574712644,0.5629574547156158
HOUSEHOLD_2_094,CA,3.5623836126629422,0.2619178541669506
HOUSEHOLD_2_094,TX,5.814589665653496,0.2008910519378846
HOUSEHOLD_2_094,WI,5.850152905198777,0.1291296133775103
HOUSEHOLD_2_095,CA,2.1738636363636363,0.3346440035975016
HOUSEHOLD_2_095,TX,3.0461783439490446,0.3499833224085584
HOUSEHOLD_2_095,WI,5.577259475218659,0.16381624756619878
HOUSEHOLD_2_096,CA,1.5994983277591974,0.3912260271065442
HOUSEHOLD_2_096,TX,2.0115667718191377,0.3405563221565369
HOUSEHOLD_2_096,WI,1.8921859545004946,0.3401252490426771
HOUSEHOLD_2_097,CA,3.7956349206349205,0.258332633954061
HOUSEHOLD_2_097,TX,5.996865203761756,0.19528855698460348
HOUSEHOLD_2_097,WI,8.281385281385282,0.09100526553332333
HOUSEHOLD_2_098,CA,1.5901911886949294,0.42436303864541647
HOUSEHOLD_2_098,TX,2.5304232804232805,0.27410985153529144
HOUSEHOLD_2_098,WI,3.616257088846881,0.24680022649918534
HOUSEHOLD_2_099,CA,2.821533923303835,0.29767322274596564
HOUSEHOLD_2_099,TX,3.338568935427574,0.19381794002883493
HOUSEHOLD_2_099,WI,2.984399375975039,0.26161989449759143
HOUSEHOLD_2_100,CA,2.671787709497207,0.3818442414349064
HOUSEHOLD_2_100,TX,5.198369565217392,0.21897065221493434
HOUSEHOLD_2_100,WI,3.391843971631206,0.3252657910789475
HOUSEHOLD_2_101,CA,8.00418410041841,0.2981835005740587
HOUSEHOLD_2_101,TX,20.13684210526316,0.13485020385537927
HOUSEHOLD_2_101,WI,18.754901960784313,0.09246418101976671
HOUSEHOLD_2_102,CA,2.23220536756126,0.34297711342424836
HOUSEHOLD_2_102,TX,2.3414932680538554,0.3134687480116398
HOUSEHOLD_2_102,WI,2.571236559139785,0.36236960485845116
HOUSEHOLD_2_103,CA,3.1105691056910567,0.38669138858662494
HOUSEHOLD_2_103,TX,3.510091743119266,0.4741949924868798
HOUSEHOLD_2_103,WI,3.780632411067194,0.41183103818953326
HOUSEHOLD_2_104,CA,1.956032719836401,0.3601938681011994
HOUSEHOLD_2_104,TX,2.7927007299270072,0.24073169569464634
HOUSEHOLD_2_104,WI,4.185995623632385,0.16325902647243107
HOUSEHOLD_2_105,CA,2.171396140749149,0.30050017432869996
HOUSEHOLD_2_105,TX,2.1837899543378994,0.2682765860087528
HOUSEHOLD_2_105,WI,3.453068592057762,0.15632259608403623
HOUSEHOLD_2_106,CA,2.4494238156209986,0.2773926830388325
HOUSEHOLD_2_106,TX,4.5439429928741095,0.16607245208889657
HOUSEHOLD_2_106,WI,7.386100386100386,0.10610492391347039
HOUSEHOLD_2_107,CA,2.2746730083234246,0.25912518515341865
HOUSEHOLD_2_107,TX,4.01890756302521,0.13462076202569476
HOUSEHOLD_2_107,WI,2.834074074074074,0.20649590818925634
HOUSEHOLD_2_108,CA,2.455712451861361,0.45217657084707924
HOUSEHOLD_2_108,TX,5.593567251461988,0.1991540336978709
HOUSEHOLD_2_108,WI,3.8336673346693386,0.31540615409805817
HOUSEHOLD_2_109,CA,2.817378497790869,0.3601596204217539
HOUSEHOLD_2_109,TX,4.213656387665198,0.4149417978597646
HOUSEHOLD_2_109,WI,4.620772946859903,0.2878711469604897
HOUSEHOLD_2_110,CA,2.6643454038997216,0.2350903430112966
HOUSEHOLD_2_110,TX,2.784570596797671,0.45814654482391604
HOUSEHOLD_2_110,WI,2.7134751773049643,0.2843161693689484
HOUSEHOLD_2_111,CA,2.296518607442977,1.1463336850021042
HOUSEHOLD_2_111,TX,5.6765578635014835,0.8802608187024439
HOUSEHOLD_2_111,WI,4.794486215538847,0.3352294191346129
HOUSEHOLD_2_112,CA,2.255896226415094,0.42215029760826406
HOUSEHOLD_2_112,TX,1.9865005192107996,0.408511771362164
HOUSEHOLD_2_112,WI,2.9937402190923317,0.31996719050175026
HOUSEHOLD_2_113,CA,1.225496476617553,0.37025826923437277
HOUSEHOLD_2_113,TX,1.499216300940439,0.3444602956731544
HOUSEHOLD_2_113,WI,2.156708004509583,0.29806683241820325
HOUSEHOLD_2_114,CA,2.8467261904761907,0.41918459740713854
HOUSEHOLD_2_114,TX,4.0358649789029535,0.5555849760928484
HOUSEHOLD_2_114,WI,6.313531353135313,0.28884851672347633
HOUSEHOLD_2_115,CA,1.294316644113667,0.2658582118652172
HOUSEHOLD_2_115,TX,1.4118081180811808,0.4142018243951757
HOUSEHOLD_2_115,WI,1.568032786885246,0.37520784539637625
HOUSEHOLD_2_116,CA,2.772463768115942,0.39028347622125525
HOUSEHOLD_2_116,TX,5.45014245014245,0.3318704877580915
HOUSEHOLD_2_116,WI,6.355481727574751,0.318454108956602
HOUSEHOLD_2_117,CA,1.58099173553719,0.4303640494202498
HOUSEHOLD_2_117,TX,1.7566574839302111,0.4161627602754094
HOUSEHOLD_2_117,WI,1.8429672447013488,0.4749461034186617
HOUSEHOLD_2_118,CA,1.6765994741454864,0.3705773029284836
HOUSEHOLD_2_118,TX,1.8236415633937082,0.38374503082651507
HOUSEHOLD_2_118,WI,1.7729379054680259,0.43763966178646885
HOUSEHOLD_2_119,CA,1.2470664928292048,0.37154773706184835
HOUSEHOLD_2_119,TX,1.9015904572564613,0.30033223244493723
HOUSEHOLD_2_119,WI,3.1156351791530943,0.18506475775190787
HOUSEHOLD_2_120,CA,6.832142857142857,0.3309002583404637
HOUSEHOLD_2_120,TX,9.911917098445596,0.3373882641291811
HOUSEHOLD_2_120,WI,12.031446540880504,0.19371835443037974
HOUSEHOLD_2_121,CA,2.095290251916758,0.46192697899174223
HOUSEHOLD_2_121,TX,3.204355108877722,0.3330866552169112
HOUSEHOLD_2_121,WI,3.7509803921568627,0.2482770265282449
HOUSEHOLD_2_122,CA,1.695921985815603,0.36390595720102403
HOUSEHOLD_2_122,TX,2.543882978723404,0.3304192390370534
HOUSEHOLD_2_122,WI,3.888211382113821,0.18539493979374658
HOUSEHOLD_2_123,CA,4.56563245823389,0.3685371863897868
HOUSEHOLD_2_123,TX,5.241095890410959,0.32278633831177694
HOUSEHOLD_2_123,WI,4.0358649789029535,0.33382928118393235
HOUSEHOLD_2_124,CA,1.4760802469135803,0.44016877267891763
HOUSEHOLD_2_124,TX,1.5515004055150041,0.4187991628206504
HOUSEHOLD_2_124,WI,2.1664779161947907,0.31078216405946946
HOUSEHOLD_2_125,CA,2.7096317280453257,0.36488208812002493
HOUSEHOLD_2_125,TX,5.184281842818428,0.18987939401589565
HOUSEHOLD_2_125,WI,4.167755991285403,0.25210301958795306
HOUSEHOLD_2_126,CA,2.8637724550898205,0.39676524980386846
HOUSEHOLD_2_126,TX,4.185995623632385,0.3994144819440316
HOUSEHOLD_2_126,WI,4.459207459207459,0.26325214551997306
HOUSEHOLD_2_127,CA,2.7289586305278175,0.43163090610553007
HOUSEHOLD_2_127,TX,3.309688581314879,0.35604920875071155
HOUSEHOLD_2_127,WI,5.03421052631579,0.22767010561671286
HOUSEHOLD_2_128,CA,1.8081285444234405,0.5717061741134994
HOUSEHOLD_2_128,TX,2.1862857142857144,0.4723114594827718
HOUSEHOLD_2_128,WI,2.8637724550898205,0.3237653144778821
HOUSEHOLD_2_129,CA,4.027368421052632,0.4813354837256238
HOUSEHOLD_2_129,TX,4.7825,0.42925560975531085
HOUSEHOLD_2_129,WI,5.886153846153846,0.31404897065713294
HOUSEHOLD_2_130,CA,6.272131147540984,0.28336421562322084
HOUSEHOLD_2_130,TX,10.687150837988828,0.16098690289188003
HOUSEHOLD_2_130,WI,20.13684210526316,0.0723219344076545
HOUSEHOLD_2_131,CA,1.9421319796954315,0.40286838766371946
HOUSEHOLD_2_131,TX,3.490875912408759,0.2486862742090863
HOUSEHOLD_2_131,WI,4.01890756302521,0.20901350566843743
HOUSEHOLD_2_132,CA,5.343575418994414,0.411831040534851
HOUSEHOLD_2_132,TX,7.164794007490637,0.4108737736842274
HOUSEHOLD_2_132,WI,7.138059701492537,0.3307750615098314
HOUSEHOLD_2_133,CA,1.3782420749279538,0.39633812133490653
HOUSEHOLD_2_133,TX,2.123196448390677,0.4159292104123206
HOUSEHOLD_2_133,WI,2.4908854166666665,0.25390831160942023
HOUSEHOLD_2_134,CA,4.0702127659574465,0.16524313928899087
HOUSEHOLD_2_134,TX,9.66161616161616,0.05989433336786492
HOUSEHOLD_2_134,WI,4.5985576923076925,0.16129106573777946
HOUSEHOLD_2_135,CA,1.1400476758045293,0.4101987140115406
HOUSEHOLD_2_135,TX,1.4492424242424242,0.3581396149730327
HOUSEHOLD_2_135,WI,2.3329268292682928,0.2982640865472295
HOUSEHOLD_2_136,CA,1.372309899569584,0.37732272868775024
HOUSEHOLD_2_136,TX,1.5206677265500794,0.372438780611583
HOUSEHOLD_2_136,WI,1.438345864661654,0.47049080543991095
HOUSEHOLD_2_137,CA,1.7080357142857143,0.43139926172205845
HOUSEHOLD_2_137,TX,2.772463768115942,0.6120123528846781
HOUSEHOLD_2_137,WI,2.513797634691196,0.3427744423403069
HOUSEHOLD_2_138,CA,3.303972366148532,0.2764506574385877
HOUSEHOLD_2_138,TX,6.131410256410256,0.14711303847073784
HOUSEHOLD_2_138,WI,5.465714285714285,0.20045919351823374
HOUSEHOLD_2_139,CA,1.2813127930341595,0.3494897149430733
HOUSEHOLD_2_139,TX,1.962051282051282,0.46037441167541976
HOUSEHOLD_2_139,WI,2.5237467018469655,0.20964948311739437
HOUSEHOLD_2_140,CA,1.020811099252935,0.27447219543909485
HOUSEHOLD_2_140,TX,1.2753333333333334,0.3608148560125835
HOUSEHOLD_2_140,WI,1.3331010452961674,0.3506898329999824
HOUSEHOLD_2_141,CA,4.367579908675799,0.17609445937502285
HOUSEHOLD_2_141,TX,5.087765957446808,0.1324732426030752
HOUSEHOLD_2_141,WI,4.490610328638498,0.13148601990256015
HOUSEHOLD_2_142,CA,1.069910514541387,0.5528168041687335
HOUSEHOLD_2_142,TX,1.062187673514714,0.367721272677104
HOUSEHOLD_2_142,WI,1.1226525821596245,0.8154600589396138
HOUSEHOLD_2_143,CA,1.4118081180811808,0.386055634968102
HOUSEHOLD_2_143,TX,2.3763975155279504,0.2939448564324257
HOUSEHOLD_2_143,WI,2.400250941028858,0.28822314879766603
HOUSEHOLD_2_144,CA,2.8637724550898205,0.23957165457391452
HOUSEHOLD_2_144,TX,3.912065439672802,0.1822548192026591
HOUSEHOLD_2_144,WI,4.328054298642534,0.17867107181794653
HOUSEHOLD_2_145,CA,1.3266296809986131,0.4615656363004075
HOUSEHOLD_2_145,TX,1.379235760634463,0.35242800323812223
HOUSEHOLD_2_145,WI,1.3303198887343533,0.3665764126515133
HOUSEHOLD_2_146,CA,3.888211382113821,0.40475362168971374
HOUSEHOLD_2_146,TX,6.034700315457413,0.33793151702063323
HOUSEHOLD_2_146,WI,6.712280701754386,0.33713218669926814
HOUSEHOLD_2_147,CA,3.9688796680497926,0.13582577893344183
HOUSEHOLD_2_147,TX,5.7620481927710845,0.09558796082637475
HOUSEHOLD_2_147,WI,10.229946524064172,0.06625430107526882
HOUSEHOLD_2_148,CA,2.3823163138231633,0.46708763193193137
HOUSEHOLD_2_148,TX,2.7096317280453257,0.38985163469877027
HOUSEHOLD_2_148,WI,3.9937369519832986,0.3088472204901833
HOUSEHOLD_2_149,CA,4.0702127659574465,0.22199390853443612
HOUSEHOLD_2_149,TX,9.241545893719806,0.10807019660124449
HOUSEHOLD_2_149,WI,9.423645320197044,0.1075374455103528
HOUSEHOLD_2_150,CA,2.2773809523809523,0.42339146592962607
HOUSEHOLD_2_150,TX,4.448837209302326,0.2790901239249898
HOUSEHOLD_2_150,WI,6.441077441077441,0.19612678139618334
HOUSEHOLD_2_151,CA,6.034700315457413,0.3389644259861905
HOUSEHOLD_2_151,TX,7.561264822134388,0.32050715501819305
HOUSEHOLD_2_151,WI,10.807909604519773,0.20174869994610423
HOUSEHOLD_2_152,CA,1.3703438395415473,0.3818071264412655
HOUSEHOLD_2_152,TX,4.044397463002114,0.19556804097220828
HOUSEHOLD_2_152,WI,6.190938511326861,0.0834237707506406
HOUSEHOLD_2_153,CA,3.6859344894026975,0.42138800145867344
HOUSEHOLD_2_153,TX,6.111821086261981,0.27556279104691944
HOUSEHOLD_2_153,WI,6.931159420289855,0.2555546860036473
HOUSEHOLD_2_154,CA,1.503930817610063,0.48014331137712873
HOUSEHOLD_2_154,TX,1.3822254335260116,0.44790232166293303
HOUSEHOLD_2_154,WI,2.0158061116965227,0.341038347364457
HOUSEHOLD_2_155,CA,1.3102739726027397,0.384428541405665
HOUSEHOLD_2_155,TX,2.282816229116945,0.32948951280208094
HOUSEHOLD_2_155,WI,2.649584487534626,0.22181540589536453
HOUSEHOLD_2_156,CA,2.1938073394495414,0.34770040842334743
HOUSEHOLD_2_156,TX,3.236886632825719,0.2494833873264786
HOUSEHOLD_2_156,WI,3.2869415807560136,0.2675473689155497
HOUSEHOLD_2_157,CA,5.299168975069252,0.25774831901017137
HOUSEHOLD_2_157,TX,7.059040590405904,0.1962175384975621
HOUSEHOLD_2_157,WI,11.95625,0.09418749836834449
HOUSEHOLD_2_158,CA,2.3972431077694236,0.3134467965025275
HOUSEHOLD_2_158,TX,5.45014245014245,0.156068897570919
HOUSEHOLD_2_158,WI,5.373595505617978,0.139855127711531
HOUSEHOLD_2_159,CA,1.1306146572104019,0.340589911887661
HOUSEHOLD_2_159,TX,1.1919003115264797,0.34416304017241595
HOUSEHOLD_2_159,WI,1.1867245657568237,0.3731720655507974
HOUSEHOLD_2_160,CA,1.0627777777777778,0.2700287317766046
HOUSEHOLD_2_160,TX,1.1823238566131027,0.41522637112203475
HOUSEHOLD_2_160,WI,1.2856182795698925,0.3810574806853194
HOUSEHOLD_2_161,CA,4.7825,0.2373826959748047
HOUSEHOLD_2_161,TX,7.840163934426229,0.17504290145833537
HOUSEHOLD_2_161,WI,14.492424242424242,0.04000057720890635
HOUSEHOLD_2_162,CA,6.39799331103679,0.4627726947651006
HOUSEHOLD_2_162,TX,13.193103448275862,0.49465285407172316
HOUSEHOLD_2_162,WI,10.807909604519773,0.38337588587723803
HOUSEHOLD_2_163,CA,1.5243027888446214,0.4687516671107389
HOUSEHOLD_2_163,TX,3.478181818181818,0.2623642382822825
HOUSEHOLD_2_163,WI,2.302045728038508,0.4101799828291427
HOUSEHOLD_2_164,CA,4.167755991285403,0.41891588050049744
HOUSEHOLD_2_164,TX,6.073015873015873,0.28824050003348506
HOUSEHOLD_2_164,WI,8.353711790393014,0.2353879365427095
HOUSEHOLD_2_165,CA,2.7019774011299433,0.296494234531385
HOUSEHOLD_2_165,TX,4.002092050209205,0.17878893682055336
HOUSEHOLD_2_165,WI,3.5823970037453186,0.19725611854836628
HOUSEHOLD_2_166,CA,1.499216300940439,0.4461070664480326
HOUSEHOLD_2_166,TX,2.961300309597523,0.3412984305286018
HOUSEHOLD_2_166,WI,3.1567656765676566,0.2333424231535831
HOUSEHOLD_2_167,CA,3.595864661654135,0.4148409442237278
HOUSEHOLD_2_167,TX,4.56563245823389,0.4426799148313285
HOUSEHOLD_2_167,WI,4.917737789203085,0.3962272594953127
HOUSEHOLD_2_168,CA,2.4811932555123217,0.27559592072114586
HOUSEHOLD_2_168,TX,2.8467261904761907,0.4040589297650465
HOUSEHOLD_2_168,WI,3.3978685612788633,0.22252700013964052
HOUSEHOLD_2_169,CA,3.1883333333333335,0.31479687317551935
HOUSEHOLD_2_169,TX,6.783687943262412,0.24960063052260617
HOUSEHOLD_2_169,WI,6.832142857142857,0.1227992144886561
HOUSEHOLD_2_170,CA,1.1823238566131027,0.3727248059704975
HOUSEHOLD_2_170,TX,1.3842257597684515,0.3382828710447131
HOUSEHOLD_2_170,WI,1.5304,0.3709456361123711
HOUSEHOLD_2_171,CA,2.8637724550898205,0.36904021699886763
HOUSEHOLD_2_171,TX,4.222958057395143,0.3608999892975873
HOUSEHOLD_2_171,WI,5.2699724517906334,0.29748815719048144
HOUSEHOLD_2_172,CA,1.1845201238390093,0.46482644982020377
HOUSEHOLD_2_172,TX,1.5194598888006354,0.7276316773996253
HOUSEHOLD_2_172,WI,1.9091816367265468,0.30715821736864013
HOUSEHOLD_2_173,CA,1.7343608340888486,0.3978742808880456
HOUSEHOLD_2_173,TX,2.6459197786998616,0.30456845150154843
HOUSEHOLD_2_173,WI,3.5823970037453186,0.23805668532734223
HOUSEHOLD_2_174,CA,2.3414932680538554,0.24442732021274927
HOUSEHOLD_2_174,TX,3.8413654618473894,0.1843334490873983
HOUSEHOLD_2_174,WI,4.688725490196078,0.1324193595213334
HOUSEHOLD_2_175,CA,8.464601769911505,0.41638679348769564
HOUSEHOLD_2_175,TX,10.121693121693122,0.18143333752990057
HOUSEHOLD_2_175,WI,14.170370370370371,0.1836061005109095
HOUSEHOLD_2_176,CA,1.156590084643289,0.24152042868582316
HOUSEHOLD_2_176,TX,1.2008788449466417,0.311521153465799
HOUSEHOLD_2_176,WI,1.3202208419599724,0.4745642059940615
HOUSEHOLD_2_177,CA,4.140692640692641,0.5356270733412509
HOUSEHOLD_2_177,TX,4.7825,0.4495518257034546
HOUSEHOLD_2_177,WI,8.10593220338983,0.28849516441005807
HOUSEHOLD_2_178,CA,1.5502431118314424,0.3349923257761556
HOUSEHOLD_2_178,TX,1.7911985018726593,0.36037410764717626
HOUSEHOLD_2_178,WI,2.7328571428571427,0.3458394016333931
HOUSEHOLD_2_179,CA,1.7187780772686434,0.35589895192323456
HOUSEHOLD_2_179,TX,3.595864661654135,0.7232458274402923
HOUSEHOLD_2_179,WI,2.965891472868217,0.22703514259108876
HOUSEHOLD_2_180,CA,4.328054298642534,0.7816586902224621
HOUSEHOLD_2_180,TX,3.2423728813559323,0.5384368127683288
HOUSEHOLD_2_180,WI,3.3858407079646016,0.47905971015543913
HOUSEHOLD_2_182,CA,1.796244131455399,0.37783623638182395
HOUSEHOLD_2_182,TX,2.705799151343706,0.35408913674364517
HOUSEHOLD_2_182,WI,3.8183632734530937,0.22017703610693096
HOUSEHOLD_2_183,CA,1.1386904761904761,0.3282066220351473
HOUSEHOLD_2_183,TX,1.3902616279069768,0.3787250725205327
HOUSEHOLD_2_183,WI,1.9441056910569106,0.2695536986569696
HOUSEHOLD_2_184,CA,1.0887877063175868,0.37247811006944975
HOUSEHOLD_2_184,TX,1.6722027972027973,0.4022960472700188
HOUSEHOLD_2_184,WI,1.7582720588235294,0.3489948852626652
HOUSEHOLD_2_185,CA,1.7502287282708142,0.4573155673413236
HOUSEHOLD_2_185,TX,1.8754901960784314,0.42906092459679634
HOUSEHOLD_2_185,WI,2.9937402190923317,0.41255213041323774
HOUSEHOLD_2_186,CA,7.621513944223108,0.36978906421214114
HOUSEHOLD_2_186,TX,13.284722222222221,0.25374042866754226
HOUSEHOLD_2_186,WI,11.057803468208093,0.17241903228646535
HOUSEHOLD_2_187,CA,2.6133879781420766,0.3553621378173414
HOUSEHOLD_2_187,TX,2.3588162762022193,0.4080893373840613
HOUSEHOLD_2_187,WI,2.8424962852897475,0.43763260686186795
HOUSEHOLD_2_188,CA,2.606267029972752,0.4119073034309535
HOUSEHOLD_2_188,TX,3.7956349206349205,0.30125580847007055
HOUSEHOLD_2_188,WI,4.6658536585365855,0.2845879088053315
HOUSEHOLD_2_189,CA,2.943076923076923,0.21095294564709768
HOUSEHOLD_2_189,TX,7.652,0.11818976261765253
HOUSEHOLD_2_189,WI,4.930412371134021,0.14142821234738717
HOUSEHOLD_2_190,CA,2.6569444444444446,0.648125603319629
HOUSEHOLD_2_190,TX,3.2589437819420786,0.5775584688498799
HOUSEHOLD_2_190,WI,1.8098391674550616,0.6667455262336326
HOUSEHOLD_2_191,CA,1.1128563118091914,0.4450835137629388
HOUSEHOLD_2_191,TX,1.755045871559633,0.44166293241196297
HOUSEHOLD_2_191,WI,1.737511353315168,0.3534158134634325
HOUSEHOLD_2_192,CA,3.281303602058319,0.45640582139313884
HOUSEHOLD_2_192,TX,4.880102040816326,0.22472148612345008
HOUSEHOLD_2_192,WI,5.15633423180593,0.19177648280669485
HOUSEHOLD_2_193,CA,1.3093771389459274,0.4377711588918822
HOUSEHOLD_2_193,TX,1.6062132661628883,0.8179807079296209
HOUSEHOLD_2_193,WI,1.3340306834030684,0.38437953377757367
HOUSEHOLD_2_194,CA,5.868098159509202,0.36282757396912424
HOUSEHOLD_2_194,TX,7.840163934426229,0.23606831346301346
HOUSEHOLD_2_194,WI,9.470297029702971,0.21024054271804177
HOUSEHOLD_2_195,CA,1.4448640483383686,0.4119871960806328
HOUSEHOLD_2_195,TX,2.347239263803681,0.232207962208776
HOUSEHOLD_2_195,WI,3.0316957210776545,0.20041042717976149
HOUSEHOLD_2_196,CA,1.6884377758164166,0.26939304889109544
HOUSEHOLD_2_196,TX,6.15112540192926,0.410156039986999
HOUSEHOLD_2_196,WI,1.9323232323232322,0.3426890871003513
HOUSEHOLD_2_197,CA,1.169315403422983,0.3527340290399481
HOUSEHOLD_2_197,TX,1.2341935483870967,0.36517947292770536
HOUSEHOLD_2_197,WI,1.2008788449466417,0.35509551926409844
HOUSEHOLD_2_198,CA,1.6170752324598479,0.32102504782677077
HOUSEHOLD_2_198,TX,2.520421607378129,0.2406888278727655
HOUSEHOLD_2_198,WI,4.5875299760191846,0.1326963925287541
HOUSEHOLD_2_199,CA,1.09002849002849,0.3243492333392865
HOUSEHOLD_2_199,TX,1.1845201238390093,0.3634761822146958
HOUSEHOLD_2_199,WI,1.2294344473007712,0.42503257756976803
HOUSEHOLD_2_200,CA,1.3040218132242671,0.4302566132712649
HOUSEHOLD_2_200,TX,1.85188770571152,0.4498621212824858
HOUSEHOLD_2_200,WI,1.821904761904762,0.32771540290494977
HOUSEHOLD_2_201,CA,1.0505216913783635,0.3088234596109638
HOUSEHOLD_2_201,TX,1.3567375886524822,0.35191056080186467
HOUSEHOLD_2_201,WI,1.439428141459744,0.30628250842563864
HOUSEHOLD_2_202,CA,4.052966101694915,0.20731077916475113
HOUSEHOLD_2_202,TX,6.376666666666667,0.1180385552384791
HOUSEHOLD_2_202,WI,13.567375886524824,0.06106095607018989
HOUSEHOLD_2_203,CA,2.154279279279279,0.4142578148339478
HOUSEHOLD_2_203,TX,1.825381679389313,0.35825603882037743
HOUSEHOLD_2_203,WI,1.9072781655034896,0.3791265932439246
HOUSEHOLD_2_204,CA,2.1938073394495414,0.26237899985733587
HOUSEHOLD_2_204,TX,6.956363636363636,0.11914627694035336
HOUSEHOLD_2_204,WI,5.15633423180593,0.10517079831780181
HOUSEHOLD_2_205,CA,2.6459197786998616,0.29584926969577374
HOUSEHOLD_2_205,TX,4.318284424379232,0.20412594451585706
HOUSEHOLD_2_205,WI,3.826,0.21791073282915804
HOUSEHOLD_2_206,CA,1.7187780772686434,0.30753291732425164
HOUSEHOLD_2_206,TX,2.592140921409214,0.24955343348541598
HOUSEHOLD_2_206,WI,3.0461783439490446,0.257975759165544
HOUSEHOLD_2_207,CA,1.4286781179985064,0.39219077517857087
HOUSEHOLD_2_207,TX,2.6943661971830988,0.20382504163559093
HOUSEHOLD_2_207,WI,2.9250764525993884,0.18125609319664202
HOUSEHOLD_2_208,CA,2.0243386243386245,0.3155101984412753
HOUSEHOLD_2_208,TX,5.3887323943661976,0.1686470146842024
HOUSEHOLD_2_208,WI,3.8413654618473894,0.17336853298381036
HOUSEHOLD_2_209,CA,1.71415770609319,0.3623317147983159
HOUSEHOLD_2_209,TX,2.540504648074369,0.2488312003066419
HOUSEHOLD_2_209,WI,2.137430167597765,0.25911792274555623
HOUSEHOLD_2_210,CA,3.1883333333333335,0.2557383325839845
HOUSEHOLD_2_210,TX,4.480093676814988,0.24605456962244726
HOUSEHOLD_2_210,WI,8.390350877192983,0.16968956497797352
HOUSEHOLD_2_211,CA,3.1258169934640523,0.23674297071504768
HOUSEHOLD_2_211,TX,8.10593220338983,0.1453763003287006
HOUSEHOLD_2_211,WI,9.15311004784689,0.20382106462494504
HOUSEHOLD_2_212,CA,1.082625919637804,0.4297081525736111
HOUSEHOLD_2_212,TX,1.1051415366839976,0.4957536248296277
HOUSEHOLD_2_212,WI,1.2208040842373964,0.5391738022704055
HOUSEHOLD_2_213,CA,2.106828193832599,0.2721199133042956
HOUSEHOLD_2_213,TX,2.161581920903955,0.4374579216834458
HOUSEHOLD_2_213,WI,2.1518560179977504,0.36564345572952656
HOUSEHOLD_2_214,CA,1.7712962962962964,0.31988241670225265
HOUSEHOLD_2_214,TX,2.868065967016492,0.42789414615745514
HOUSEHOLD_2_214,WI,2.7927007299270072,0.27222764348367556
HOUSEHOLD_2_215,CA,1.5796862097440132,0.49719715068879144
HOUSEHOLD_2_215,TX,2.671787709497207,0.3821068274926771
HOUSEHOLD_2_215,WI,2.0658747300215983,0.3915977867441402
HOUSEHOLD_2_216,CA,9.377450980392156,0.34626248093035683
HOUSEHOLD_2_216,TX,10.627777777777778,0.2614525139664804
HOUSEHOLD_2_216,WI,17.234234234234233,0.15743900019837326
HOUSEHOLD_2_217,CA,1.11610268378063,0.4914850019902538
HOUSEHOLD_2_217,TX,1.312071330589849,0.5368266248469872
HOUSEHOLD_2_217,WI,1.503930817610063,0.5286688508450437
HOUSEHOLD_2_218,CA,2.2719714964370548,0.2709022257259549
HOUSEHOLD_2_218,TX,3.780632411067194,0.2203573685654125
HOUSEHOLD_2_218,WI,4.480093676814988,0.19342877006279985
HOUSEHOLD_2_219,CA,1.2495101241018942,0.39523580398090863
HOUSEHOLD_2_219,TX,1.4415975885455916,0.4391997969433575
HOUSEHOLD_2_219,WI,1.5230891719745223,0.36480845046963123
HOUSEHOLD_2_220,CA,1.7110912343470484,0.40438799184826985
HOUSEHOLD_2_220,TX,2.6349862258953167,0.35936412810119334
HOUSEHOLD_2_220,WI,3.16198347107438,0.20468909216521944
HOUSEHOLD_2_221,CA,3.2423728813559323,0.642665429762403
HOUSEHOLD_2_221,TX,4.232300884955753,0.6848421720663301
HOUSEHOLD_2_221,WI,3.8803245436105476,0.547900192136687
HOUSEHOLD_2_222,CA,1.2215836526181354,0.3184859850271689
HOUSEHOLD_2_222,TX,1.5243027888446214,0.42439976161193965
HOUSEHOLD_2_222,WI,1.532852564102564,0.424184821289294
HOUSEHOLD_2_223,CA,1.5527597402597402,0.30681238510401104
HOUSEHOLD_2_223,TX,2.85096870342772,0.2161930535098272
HOUSEHOLD_2_223,WI,2.6606397774687065,0.19368988649603786
HOUSEHOLD_2_224,CA,1.994786235662148,0.3812076616323069
HOUSEHOLD_2_224,TX,3.693050193050193,0.22138979321241814
HOUSEHOLD_2_224,WI,3.6231060606060606,0.22012911511501573
HOUSEHOLD_2_225,CA,2.446291560102302,0.32692926027055674
HOUSEHOLD_2_225,TX,2.817378497790869,0.4507889565200258
HOUSEHOLD_2_225,WI,2.721194879089616,0.38548574280346914
HOUSEHOLD_2_226,CA,1.7911985018726593,0.3676779084136042
HOUSEHOLD_2_226,TX,2.3763975155279504,0.31390637668036037
HOUSEHOLD_2_226,WI,2.7485632183908044,0.3236905295873953
HOUSEHOLD_2_227,CA,2.6569444444444446,0.3545414403698146
HOUSEHOLD_2_227,TX,5.343575418994414,0.15968311362000573
HOUSEHOLD_2_227,WI,4.746898263027295,0.21779580725872977
HOUSEHOLD_2_228,CA,1.383224873463485,0.41019827929870145
HOUSEHOLD_2_228,TX,2.477979274611399,0.27014905699364183
HOUSEHOLD_2_228,WI,1.7979323308270676,0.3204293246647895
HOUSEHOLD_2_229,CA,1.8115530303030303,0.3396910447330861
HOUSEHOLD_2_229,TX,2.4876462938881665,0.35199882593886456
HOUSEHOLD_2_229,WI,2.554072096128171,0.25101631775526917
HOUSEHOLD_2_230,CA,6.596551724137931,0.3024278963663028
HOUSEHOLD_2_230,TX,7.776422764227642,0.35260452437557477
HOUSEHOLD_2_230,WI,9.710659898477157,0.18387836919050105
HOUSEHOLD_2_231,CA,1.3615658362989325,0.34312086484959
HOUSEHOLD_2_231,TX,2.164027149321267,0.25516567186306605
HOUSEHOLD_2_231,WI,2.2090069284064664,0.22591743621796728
HOUSEHOLD_2_232,CA,1.570607553366174,0.4197386101371552
HOUSEHOLD_2_232,TX,2.171396140749149,0.3323194602604913
HOUSEHOLD_2_232,WI,2.161581920903955,0.35999394927175954
HOUSEHOLD_2_233,CA,1.8554801163918526,0.32264595172847943
HOUSEHOLD_2_233,TX,6.462837837837838,0.13725139040441606
HOUSEHOLD_2_233,WI,3.5036630036630036,0.22726979846186432
HOUSEHOLD_2_234,CA,1.8884501480750246,0.37405512622103
HOUSEHOLD_2_234,TX,2.0793478260869565,0.3556331046967067
HOUSEHOLD_2_234,WI,3.0125984251968503,0.2542066630372404
HOUSEHOLD_2_235,CA,1.6225614927905003,0.4569816028698958
HOUSEHOLD_2_235,TX,2.855223880597015,0.2405803405613037
HOUSEHOLD_2_235,WI,3.07556270096463,0.5645937486780598
HOUSEHOLD_2_236,CA,1.8013182674199624,0.2863590139326082
HOUSEHOLD_2_236,TX,2.03727369542066,0.23959866609030722
HOUSEHOLD_2_236,WI,4.459207459207459,0.15738217224098003
HOUSEHOLD_2_237,CA,2.154279279279279,0.7055916289492765
HOUSEHOLD_2_237,TX,2.804985337243402,0.5079348309856714
HOUSEHOLD_2_237,WI,3.810756972111554,0.3108076472129863
HOUSEHOLD_2_238,CA,1.4829457364341085,0.3695162465382841
HOUSEHOLD_2_238,TX,2.1664779161947907,0.33254645294335194
HOUSEHOLD_2_238,WI,2.4032663316582914,0.2999686818123476
HOUSEHOLD_2_239,CA,1.0290478752017214,1.9875287226976313
HOUSEHOLD_2_239,TX,1.210759493670886,0.4070656433150554
HOUSEHOLD_2_239,WI,1.2169211195928753,0.4390944013459634
HOUSEHOLD_2_240,CA,1.7663896583564174,0.689406848427308
HOUSEHOLD_2_240,TX,3.1672185430463577,0.6012837829003286
HOUSEHOLD_2_240,WI,3.4344703770197484,0.7756629892892226
HOUSEHOLD_2_241,CA,1.4372652141247182,0.42948633450494916
HOUSEHOLD_2_241,TX,1.709562109025916,0.36048910618992
HOUSEHOLD_2_241,WI,3.3444055944055946,0.16747008814841668
HOUSEHOLD_2_242,CA,2.0748373101952278,0.3612753938086674
HOUSEHOLD_2_242,TX,4.554761904761905,0.2117645318448096
HOUSEHOLD_2_242,WI,3.8413654618473894,0.19056772754544146
HOUSEHOLD_2_243,CA,2.327250608272506,0.2346839913517795
HOUSEHOLD_2_243,TX,5.313888888888889,0.23436728320690886
HOUSEHOLD_2_243,WI,7.937759336099585,0.081686187673601
HOUSEHOLD_2_244,CA,1.6765994741454864,0.44090825937939404
HOUSEHOLD_2_244,TX,1.5629084967320261,0.3980545136275181
HOUSEHOLD_2_244,WI,2.03727369542066,0.2979685905302654
HOUSEHOLD_2_245,CA,6.981751824817518,0.36770976225004903
HOUSEHOLD_2_245,TX,16.780701754385966,0.2907950571437527
HOUSEHOLD_2_245,WI,9.10952380952381,0.289056819567262
HOUSEHOLD_2_246,CA,1.3165863730213352,0.3797085927732748
HOUSEHOLD_2_246,TX,2.0703463203463204,0.25206674656459327
HOUSEHOLD_2_246,WI,1.9540347293156282,0.27967629952998335
HOUSEHOLD_2_247,CA,1.4525436598329537,0.36530329365590397
HOUSEHOLD_2_247,TX,1.6048657718120805,0.3296656021395031
HOUSEHOLD_2_247,WI,1.6824978012313105,0.3343879503154977
HOUSEHOLD_2_248,CA,3.516544117647059,0.46918136015698936
HOUSEHOLD_2_248,TX,4.289237668161435,0.45779749458537355
HOUSEHOLD_2_248,WI,4.735148514851486,0.3697226472631124
HOUSEHOLD_2_249,CA,2.5237467018469655,0.3391539846693073
HOUSEHOLD_2_249,TX,7.301526717557252,0.17655904476399417
HOUSEHOLD_2_249,WI,3.3738977072310408,0.2900981103610532
HOUSEHOLD_2_250,CA,1.1852540272614622,0.3737278069029898
HOUSEHOLD_2_250,TX,1.7615101289134438,0.3314125222526499
HOUSEHOLD_2_250,WI,1.8149905123339658,0.34161954958447366
HOUSEHOLD_2_251,CA,1.7518315018315018,0.45457199864945463
HOUSEHOLD_2_251,TX,1.6062132661628883,0.4262724953691598
HOUSEHOLD_2_251,WI,2.3617283950617285,0.4857744799144454
HOUSEHOLD_2_252,CA,2.338630806845966,0.37037115253247016
HOUSEHOLD_2_252,TX,3.3978685612788633,0.2704095307565385
HOUSEHOLD_2_252,WI,2.9250764525993884,0.2591608963340313
HOUSEHOLD_2_253,CA,2.500653594771242,0.2234644280201837
HOUSEHOLD_2_253,TX,6.131410256410256,0.07806889625925328
HOUSEHOLD_2_253,WI,4.0702127659574465,0.12712860349841945
HOUSEHOLD_2_254,CA,2.744619799139168,0.2528189756034839
HOUSEHOLD_2_254,TX,6.619377162629758,0.14266101380357366
HOUSEHOLD_2_254,WI,4.968831168831169,0.1434832469497132
HOUSEHOLD_2_255,CA,1.5291766586730615,0.32982956208659425
HOUSEHOLD_2_255,TX,4.1496746203904555,0.16969035502736848
HOUSEHOLD_2_255,WI,5.465714285714285,0.12745687287327456
HOUSEHOLD_2_256,CA,1.3577004968062456,0.3962528532921143
HOUSEHOLD_2_256,TX,1.7486288848263254,0.4349969096760549
HOUSEHOLD_2_256,WI,1.8627069133398246,0.38097528429312427
HOUSEHOLD_2_257,CA,1.3912727272727272,0.4216656901016982
HOUSEHOLD_2_257,TX,1.6280851063829787,0.3845661555853866
HOUSEHOLD_2_257,WI,2.0658747300215983,0.32103173664564066
HOUSEHOLD_2_258,CA,3.6299810246679316,0.20752763575598537
HOUSEHOLD_2_258,TX,4.298876404494382,0.14777395030949605
HOUSEHOLD_2_258,WI,3.9937369519832986,0.18200600139311462
HOUSEHOLD_2_259,CA,1.2593811718235681,0.38871822524362554
HOUSEHOLD_2_259,TX,2.1255555555555556,0.2304631418432888
HOUSEHOLD_2_259,WI,2.8257016248153617,0.2097439763291448
HOUSEHOLD_2_260,CA,1.7004444444444444,0.3390747196587323
HOUSEHOLD_2_260,TX,2.9295558958652372,0.20526210713382534
HOUSEHOLD_2_260,WI,3.409982174688057,0.18652822130386237
HOUSEHOLD_2_261,CA,1.7296564195298372,0.4038424910941024
HOUSEHOLD_2_261,TX,2.721194879089616,0.3740895473403382
HOUSEHOLD_2_261,WI,3.536044362292052,0.30811041108694537
HOUSEHOLD_2_262,CA,1.1579903147699757,0.32039974782813935
HOUSEHOLD_2_262,TX,1.5954962468723937,0.34565850253560937
HOUSEHOLD_2_262,WI,1.7422586520947176,0.3242315047333749
HOUSEHOLD_2_263,CA,4.387614678899083,0.3348098804529815
HOUSEHOLD_2_263,TX,4.930412371134021,0.28938081808039023
HOUSEHOLD_2_263,WI,6.807829181494662,0.18815693107792944
HOUSEHOLD_2_264,CA,2.8382789317507418,0.382277742644815
HOUSEHOLD_2_264,TX,4.01890756302521,0.33237328509154584
HOUSEHOLD_2_264,WI,4.044397463002114,0.29329087272344456
HOUSEHOLD_2_265,CA,1.6780701754385965,0.36590692371336025
HOUSEHOLD_2_265,TX,2.1689342403628116,0.293258634057165
HOUSEHOLD_2_265,WI,3.204355108877722,0.23091442953020141
HOUSEHOLD_2_266,CA,2.045989304812834,0.47991901773001994
HOUSEHOLD_2_266,TX,2.0264830508474576,0.4168925764587975
HOUSEHOLD_2_266,WI,1.8736532810969637,0.37257715524982776
HOUSEHOLD_2_267,CA,2.056989247311828,0.4301940983142549
HOUSEHOLD_2_267,TX,2.0243386243386245,0.3500038712747902
HOUSEHOLD_2_267,WI,2.164027149321267,0.3394225383958578
HOUSEHOLD_2_268,CA,1.5439870863599676,0.4152778696803542
HOUSEHOLD_2_268,TX,2.106828193832599,0.3106260468518734
HOUSEHOLD_2_268,WI,2.772463768115942,0.26534198654295826
HOUSEHOLD_2_269,CA,1.608915054667788,0.3446771892139613
HOUSEHOLD_2_269,TX,4.289237668161435,0.16716069942240175
HOUSEHOLD_2_269,WI,3.2589437819420786,0.19621597660154091
HOUSEHOLD_2_270,CA,1.9034825870646765,0.42414592044376753
HOUSEHOLD_2_270,TX,3.6026365348399247,0.3889283150527748
HOUSEHOLD_2_270,WI,3.27008547008547,0.35238981883661114
HOUSEHOLD_2_271,CA,2.216685979142526,0.3333552899884629
HOUSEHOLD_2_271,TX,3.3738977072310408,0.2952841929383437
HOUSEHOLD_2_271,WI,3.367957746478873,0.2268518444525067
HOUSEHOLD_2_272,CA,2.7019774011299433,0.3978328716163294
HOUSEHOLD_2_272,TX,3.549165120593692,0.2575473396090219
HOUSEHOLD_2_272,WI,4.387614678899083,0.273137542135861
HOUSEHOLD_2_273,CA,1.3266296809986131,0.3813830193390078
HOUSEHOLD_2_273,TX,2.0073452256033577,0.28167767925645526
HOUSEHOLD_2_273,WI,2.671787709497207,0.26091623636103156
HOUSEHOLD_2_274,CA,2.6133879781420766,0.262841565101951
HOUSEHOLD_2_274,TX,3.350262697022767,0.26026345060130285
HOUSEHOLD_2_274,WI,5.544927536231884,0.19465943259130608
HOUSEHOLD_2_275,CA,1.3238754325259516,0.3764291368368994
HOUSEHOLD_2_275,TX,1.9803312629399585,0.25116126787810544
HOUSEHOLD_2_275,WI,1.6780701754385965,0.30990500035535207
HOUSEHOLD_2_276,CA,3.350262697022767,0.34630993724871295
HOUSEHOLD_2_276,TX,5.1702702702702705,0.2903641630934268
HOUSEHOLD_2_276,WI,5.727544910179641,0.24954414703421293
HOUSEHOLD_2_277,CA,2.347239263803681,0.3745632446208269
HOUSEHOLD_2_277,TX,3.549165120593692,0.3123632308630953
HOUSEHOLD_2_277,WI,5.101333333333334,0.19497250152308962
HOUSEHOLD_2_278,CA,6.15112540192926,0.25830001464704533
HOUSEHOLD_2_278,TX,7.19172932330827,0.2240230092807243
HOUSEHOLD_2_278,WI,7.329501915708812,0.20675976071856716
HOUSEHOLD_2_279,CA,2.156708004509583,0.36419944281244554
HOUSEHOLD_2_279,TX,3.8183632734530937,0.4434305262045645
HOUSEHOLD_2_279,WI,3.8803245436105476,0.27702752204185505
HOUSEHOLD_2_280,CA,3.788118811881188,0.3466954998272724
HOUSEHOLD_2_280,TX,5.528901734104046,0.2529298074524577
HOUSEHOLD_2_280,WI,6.3344370860927155,0.2489231710823957
HOUSEHOLD_2_281,CA,1.3654532476802284,0.3564789278280478
HOUSEHOLD_2_281,TX,2.04162219850587,0.2796449937140424
HOUSEHOLD_2_281,WI,2.0243386243386245,0.2788357906130986
HOUSEHOLD_2_282,CA,1.8167141500474835,0.3969204142489707
HOUSEHOLD_2_282,TX,2.2013808975834293,0.45351820044978003
HOUSEHOLD_2_282,WI,2.2270081490104774,0.4887054511673882
HOUSEHOLD_2_283,CA,2.154279279279279,0.3498692155232199
HOUSEHOLD_2_283,TX,4.298876404494382,0.287054328319186
HOUSEHOLD_2_283,WI,3.9937369519832986,0.37911884073568075
HOUSEHOLD_2_284,CA,1.218471337579618,0.436244971924661
HOUSEHOLD_2_284,TX,1.6974267968056789,0.6355694511469966
HOUSEHOLD_2_284,WI,2.3159806295399514,0.2745727871850661
HOUSEHOLD_2_285,CA,1.4459561602418745,0.38051461354097055
HOUSEHOLD_2_285,TX,2.2665876777251186,0.41105454954971077
HOUSEHOLD_2_285,WI,2.327250608272506,0.2958131285784839
HOUSEHOLD_2_286,CA,3.9200819672131146,0.49439472458664974
HOUSEHOLD_2_286,TX,5.313888888888889,0.2661131644534295
HOUSEHOLD_2_286,WI,6.85663082437276,0.2726097489355454
HOUSEHOLD_2_287,CA,1.161505768063145,0.38331370197482534
HOUSEHOLD_2_287,TX,1.7296564195298372,0.3419695225855505
HOUSEHOLD_2_287,WI,1.49453125,0.3237674706504952
HOUSEHOLD_2_288,CA,1.2519633507853403,0.38847647521833867
HOUSEHOLD_2_288,TX,1.8115530303030303,0.29282663998936714
HOUSEHOLD_2_288,WI,1.7895229186155286,0.3080018378343571
HOUSEHOLD_2_289,CA,3.236886632825719,0.40252296067865584
HOUSEHOLD_2_289,TX,3.8803245436105476,0.5062002329370795
HOUSEHOLD_2_289,WI,5.1702702702702705,0.34383087500256604
HOUSEHOLD_2_290,CA,3.080515297906602,0.2652642993292711
HOUSEHOLD_2_290,TX,5.922600619195046,0.13148385244943603
HOUSEHOLD_2_290,WI,3.8961303462321792,0.16964933858706754
HOUSEHOLD_2_291,CA,2.2090069284064664,0.42405174957388775
HOUSEHOLD_2_291,TX,4.1317494600431965,0.22665127128009455
HOUSEHOLD_2_291,WI,4.5875299760191846,0.3894176261652233
HOUSEHOLD_2_292,CA,1.8572815533980582,0.35703924607916976
HOUSEHOLD_2_292,TX,4.222958057395143,0.17911989795918362
HOUSEHOLD_2_292,WI,5.241095890410959,0.13931938184781192
HOUSEHOLD_2_293,CA,1.554021121039805,0.33346638529003436
HOUSEHOLD_2_293,TX,2.764450867052023,0.22481859554141248
HOUSEHOLD_2_293,WI,3.765748031496063,0.15382857214990137
HOUSEHOLD_2_294,CA,1.2262820512820514,0.594816201009966
HOUSEHOLD_2_294,TX,1.9600409836065573,0.6253782570396421
HOUSEHOLD_2_294,WI,1.7049910873440286,0.4721621011369139
HOUSEHOLD_2_295,CA,1.1482593037214885,0.3738057133352114
HOUSEHOLD_2_295,TX,1.5941666666666667,0.34596326162997004
HOUSEHOLD_2_295,WI,2.191294387170676,0.22790140135567308
HOUSEHOLD_2_296,CA,1.7778810408921932,0.35485456833682805
HOUSEHOLD_2_296,TX,2.599184782608696,0.31987806542445324
HOUSEHOLD_2_296,WI,2.7406876790830945,0.2414042222678723
HOUSEHOLD_2_297,CA,1.1779556650246306,0.34817060778430803
HOUSEHOLD_2_297,TX,2.056989247311828,0.31082068634750115
HOUSEHOLD_2_297,WI,1.7861811391223157,0.2573535806708796
HOUSEHOLD_2_298,CA,1.764760147601476,0.37505655893846424
HOUSEHOLD_2_298,TX,2.477979274611399,0.44848880541786856
HOUSEHOLD_2_298,WI,2.3882646691635454,0.35532135264313586
HOUSEHOLD_2_299,CA,1.0379815518176885,0.3282212791789884
HOUSEHOLD_2_299,TX,1.0987937966685812,0.3510674091839077
HOUSEHOLD_2_299,WI,1.1496394230769231,0.39621121352713345
HOUSEHOLD_2_300,CA,2.686797752808989,0.3397933401854233
HOUSEHOLD_2_300,TX,4.0615711252653925,0.250128518801933
HOUSEHOLD_2_300,WI,4.407834101382488,0.2696007324324986
HOUSEHOLD_2_301,CA,1.0844671201814058,0.5611353993969499
HOUSEHOLD_2_301,TX,1.136660724896019,0.5999456974785093
HOUSEHOLD_2_301,WI,1.2987101154107263,0.525500378354295
HOUSEHOLD_2_302,CA,2.2505882352941176,0.4592357895243126
HOUSEHOLD_2_302,TX,3.3738977072310408,0.420245368040403
HOUSEHOLD_2_302,WI,4.631961259079903,0.304088419036821
HOUSEHOLD_2_303,CA,2.4973890339425586,0.39431886485083356
HOUSEHOLD_2_303,TX,4.5439429928741095,0.2892426253469288
HOUSEHOLD_2_303,WI,5.101333333333334,0.19669926101789253
HOUSEHOLD_2_304,CA,3.065705128205128,0.27101602261764923
HOUSEHOLD_2_304,TX,4.677261613691932,0.17815374550429003
HOUSEHOLD_2_304,WI,5.465714285714285,0.12421325103564604
HOUSEHOLD_2_305,CA,1.5515004055150041,0.37565090001243845
HOUSEHOLD_2_305,TX,2.1021978021978023,0.28630747150242986
HOUSEHOLD_2_305,WI,2.606267029972752,0.25620126115057307
HOUSEHOLD_2_306,CA,4.620772946859903,0.2764588735905556
HOUSEHOLD_2_306,TX,4.83080808080808,0.359275593914381
HOUSEHOLD_2_306,WI,7.19172932330827,0.25215073433335067
HOUSEHOLD_2_307,CA,7.357692307692307,0.3054829927600439
HOUSEHOLD_2_307,TX,9.28640776699029,0.19504692154359554
HOUSEHOLD_2_307,WI,14.603053435114504,0.12968926598895378
HOUSEHOLD_2_308,CA,1.167887667887668,0.6269449920818364
HOUSEHOLD_2_308,TX,1.5074862096138693,0.5287611579279434
HOUSEHOLD_2_308,WI,1.5243027888446214,0.5322812673085547
HOUSEHOLD_2_309,CA,5.6765578635014835,0.17584463326286304
HOUSEHOLD_2_309,TX,7.246212121212121,0.15089838216655485
HOUSEHOLD_2_309,WI,9.10952380952381,0.12019668548533967
HOUSEHOLD_2_310,CA,1.3266296809986131,0.4013242169348428
HOUSEHOLD_2_310,TX,2.35012285012285,0.2575571031748679
HOUSEHOLD_2_310,WI,1.8921859545004946,0.3328315127380874
HOUSEHOLD_2_311,CA,1.6751313485113835,0.4013555011980126
HOUSEHOLD_2_311,TX,2.3048192771084337,0.386011741053478
HOUSEHOLD_2_311,WI,3.356140350877193,0.2567295609677333
HOUSEHOLD_2_312,CA,3.2589437819420786,0.2527052962975721
HOUSEHOLD_2_312,TX,3.9771309771309773,0.39976328826392654
HOUSEHOLD_2_312,WI,3.5690298507462686,0.333956386292835
HOUSEHOLD_2_313,CA,2.876691729323308,0.5625080037207313
HOUSEHOLD_2_313,TX,2.965891472868217,0.5339245934344139
HOUSEHOLD_2_313,WI,4.56563245823389,0.46517459813159545
HOUSEHOLD_2_314,CA,4.490610328638498,0.565979740028913
HOUSEHOLD_2_314,TX,5.996865203761756,1.2384974013625292
HOUSEHOLD_2_314,WI,6.665505226480836,0.33297786750103325
HOUSEHOLD_2_315,CA,1.2122940430925222,0.3887491388556635
HOUSEHOLD_2_315,TX,1.5414987912973408,0.3919192488929966
HOUSEHOLD_2_315,WI,2.0592034445640475,0.25259761777675693
HOUSEHOLD_2_316,CA,1.4351087771942985,0.357837441003198
HOUSEHOLD_2_316,TX,1.5134493670886076,0.39910766154039656
HOUSEHOLD_2_316,WI,1.8921859545004946,0.3239162209588321
HOUSEHOLD_2_317,CA,1.9480651731160896,0.28221780950695075
HOUSEHOLD_2_317,TX,2.885369532428356,0.8397643387638962
HOUSEHOLD_2_317,WI,3.172470978441128,0.21180041615269724
HOUSEHOLD_2_318,CA,5.7620481927710845,0.34422879801467415
HOUSEHOLD_2_318,TX,4.367579908675799,0.29653500873356536
HOUSEHOLD_2_318,WI,9.10952380952381,0.25651486409459684
HOUSEHOLD_2_319,CA,2.0394456289978677,0.43116851998334155
HOUSEHOLD_2_319,TX,2.500653594771242,0.3983418517121957
HOUSEHOLD_2_319,WI,2.8132352941176473,0.302202080067354
HOUSEHOLD_2_320,CA,1.9264853977844913,0.42918786366107636
HOUSEHOLD_2_320,TX,2.736766809728183,0.3831298265733685
HOUSEHOLD_2_320,WI,3.575700934579439,0.2638935359540187
HOUSEHOLD_2_321,CA,1.4159881569207995,0.3420821415286999
HOUSEHOLD_2_321,TX,2.2746730083234246,0.4662297062057743
HOUSEHOLD_2_321,WI,2.258559622195986,0.292557056639203
HOUSEHOLD_2_322,CA,1.8167141500474835,0.39310717320692384
HOUSEHOLD_2_322,TX,2.106828193832599,0.36572988696611114
HOUSEHOLD_2_322,WI,2.7019774011299433,0.3899726016059533
HOUSEHOLD_2_323,CA,2.6606397774687065,0.3906731835787547
HOUSEHOLD_2_323,TX,2.4307496823379924,0.5544558158508817
HOUSEHOLD_2_323,WI,3.575700934579439,0.49242070861356535
HOUSEHOLD_2_324,CA,1.2084649399873657,0.38208493148036565
HOUSEHOLD_2_324,TX,2.291017964071856,0.2572457403224217
HOUSEHOLD_2_324,WI,2.335775335775336,0.30543156007487826
HOUSEHOLD_2_325,CA,1.1148018648018647,0.34906472690259444
HOUSEHOLD_2_325,TX,1.4405120481927711,0.3433003605448399
HOUSEHOLD_2_325,WI,1.3772498200143988,0.3413400724430743
HOUSEHOLD_2_326,CA,1.8081285444234405,0.3753087019027136
HOUSEHOLD_2_326,TX,2.4747736093143597,0.2764569842213029
HOUSEHOLD_2_326,WI,2.3942428035043806,0.27950242742190645
HOUSEHOLD_2_327,CA,2.056989247311828,0.3576892481204792
HOUSEHOLD_2_327,TX,3.575700934579439,0.6384396210881051
HOUSEHOLD_2_327,WI,1.9480651731160896,0.3256615992637447
HOUSEHOLD_2_328,CA,1.548987854251012,0.42878852371580717
HOUSEHOLD_2_328,TX,2.2505882352941176,0.2828034130226737
HOUSEHOLD_2_328,WI,3.1055194805194803,0.22914052376654168
HOUSEHOLD_2_329,CA,1.2660489741892786,0.4757325959354272
HOUSEHOLD_2_329,TX,1.542741935483871,0.5768865779537721
HOUSEHOLD_2_329,WI,1.5941666666666667,0.4780696007802572
HOUSEHOLD_2_330,CA,5.020997375328084,0.31716284115827176
HOUSEHOLD_2_330,TX,11.664634146341463,0.19118845902369128
HOUSEHOLD_2_330,WI,7.713709677419355,0.2654293918876405
HOUSEHOLD_2_331,CA,4.892583120204604,0.2138299411965168
HOUSEHOLD_2_331,TX,9.28640776699029,0.15449631089439778
HOUSEHOLD_2_331,WI,13.102739726027398,0.11585682650804112
HOUSEHOLD_2_332,CA,1.6751313485113835,0.3367997870643785
HOUSEHOLD_2_332,TX,3.650763358778626,0.20036455376154244
HOUSEHOLD_2_332,WI,3.4468468468468467,0.22712085590014178
HOUSEHOLD_2_333,CA,2.961300309597523,0.41222335680807437
HOUSEHOLD_2_333,TX,5.693452380952381,0.3852852730713528
HOUSEHOLD_2_333,WI,4.6658536585365855,0.5280205111431336
HOUSEHOLD_2_334,CA,2.2090069284064664,0.47284013505535116
HOUSEHOLD_2_334,TX,3.5623836126629422,0.28483806511379695
HOUSEHOLD_2_334,WI,2.885369532428356,0.4102896199321175
HOUSEHOLD_2_335,CA,3.315424610051993,0.3274050859327082
HOUSEHOLD_2_335,TX,3.9937369519832986,0.36203038834201584
HOUSEHOLD_2_335,WI,4.337868480725623,0.3660797761992026
HOUSEHOLD_2_336,CA,1.1468824940047961,0.30542189470419545
HOUSEHOLD_2_336,TX,1.2987101154107263,0.41209036342527294
HOUSEHOLD_2_336,WI,1.3943148688046647,0.40419845399046844
HOUSEHOLD_2_337,CA,1.651986183074266,0.3298878842979188
HOUSEHOLD_2_337,TX,2.132664437012263,0.25158563035627235
HOUSEHOLD_2_337,WI,3.2478777589134125,0.19866085268742908
HOUSEHOLD_2_338,CA,3.643809523809524,0.34583755213750816
HOUSEHOLD_2_338,TX,8.281385281385282,0.16102389318694796
HOUSEHOLD_2_338,WI,4.7825,0.32590687817567077
HOUSEHOLD_2_339,CA,2.0748373101952278,0.3703354732291422
HOUSEHOLD_2_339,TX,3.303972366148532,0.3200912291346569
HOUSEHOLD_2_339,WI,3.6299810246679316,0.23912644334063307
HOUSEHOLD_2_340,CA,3.3858407079646016,0.7169763633749094
HOUSEHOLD_2_340,TX,7.111524163568773,0.47115003044921056
HOUSEHOLD_2_340,WI,7.4147286821705425,0.7981471537957971
HOUSEHOLD_2_341,CA,1.0539944903581266,0.394117400339054
HOUSEHOLD_2_341,TX,1.5693191140278917,0.42299312438436665
HOUSEHOLD_2_341,WI,1.7234234234234234,0.3284059973965352
HOUSEHOLD_2_342,CA,1.6854625550660793,0.4595474266371381
HOUSEHOLD_2_342,TX,1.5731907894736843,0.2998622741177134
HOUSEHOLD_2_342,WI,1.600836820083682,0.40062857488528025
HOUSEHOLD_2_343,CA,2.0547798066595058,0.40705432473210046
HOUSEHOLD_2_343,TX,2.5816464237516867,0.3580733247193948
HOUSEHOLD_2_343,WI,2.9117199391171993,0.2504864149223726
HOUSEHOLD_2_344,CA,3.2925989672977627,0.40922194005874574
HOUSEHOLD_2_344,TX,3.4718693284936477,0.4615875392437893
HOUSEHOLD_2_344,WI,5.299168975069252,0.3699427209582168
HOUSEHOLD_2_345,CA,1.6577123050259965,0.3127091582657749
HOUSEHOLD_2_345,TX,3.367957746478873,0.3891867724069322
HOUSEHOLD_2_345,WI,3.497257769652651,0.2123552197670638
HOUSEHOLD_2_346,CA,1.7454379562043796,0.4027386145412158
HOUSEHOLD_2_346,TX,1.9844398340248963,0.45223643826620824
HOUSEHOLD_2_346,WI,2.998432601880878,0.42426621904722744
HOUSEHOLD_2_347,CA,1.3812274368231048,0.4020467426199597
HOUSEHOLD_2_347,TX,2.6277472527472527,0.692376238352916
HOUSEHOLD_2_347,WI,2.9385560675883258,0.28386631485436314
HOUSEHOLD_2_348,CA,1.0318230852211434,0.3061125701986644
HOUSEHOLD_2_348,TX,1.151715833835039,0.38007367172182727
HOUSEHOLD_2_348,WI,1.1971214017521903,0.36400831594836286
HOUSEHOLD_2_349,CA,1.1468824940047961,0.4378973748368161
HOUSEHOLD_2_349,TX,1.5981620718462823,0.37580587369262103
HOUSEHOLD_2_349,WI,2.0394456289978677,0.39078345670936826
HOUSEHOLD_2_350,CA,1.0569060773480663,0.3926281186280726
HOUSEHOLD_2_350,TX,1.2438231469440832,0.4538250047072584
HOUSEHOLD_2_350,WI,1.6678291194420227,0.3826182554398217
HOUSEHOLD_2_351,CA,2.1812998859749144,0.3514916539597856
HOUSEHOLD_2_351,TX,2.7289586305278175,0.27170013479315974
HOUSEHOLD_2_351,WI,3.7731755424063116,0.1830662581698429
HOUSEHOLD_2_352,CA,1.8681640625,0.38454788558527
HOUSEHOLD_2_352,TX,3.8568548387096775,0.6930470217330141
HOUSEHOLD_2_352,WI,2.7328571428571427,0.2712307741739328
HOUSEHOLD_2_353,CA,1.4933645589383295,0.31114700495561637
HOUSEHOLD_2_353,TX,1.9701338825952626,0.38491551498476123
HOUSEHOLD_2_353,WI,2.095290251916758,0.3316997143907405
HOUSEHOLD_2_354,CA,1.1852540272614622,1.3946318220737348
HOUSEHOLD_2_354,TX,1.4525436598329537,0.45412975006394185
HOUSEHOLD_2_354,WI,1.4933645589383295,0.45096866897344146
HOUSEHOLD_2_355,CA,1.2978290366350067,0.39366828232430584
HOUSEHOLD_2_355,TX,2.056989247311828,0.2966312379903322
HOUSEHOLD_2_355,WI,2.313180169286578,0.30852273778670947
HOUSEHOLD_2_356,CA,1.383224873463485,0.3979980665376934
HOUSEHOLD_2_356,TX,1.5122529644268774,0.34648378199341867
HOUSEHOLD_2_356,WI,2.721194879089616,0.2100821116931495
HOUSEHOLD_2_357,CA,1.9342770475227502,0.6382525732425753
HOUSEHOLD_2_357,TX,5.184281842818428,0.2263573792688431
HOUSEHOLD_2_357,WI,6.783687943262412,0.21131868853338562
HOUSEHOLD_2_358,CA,5.577259475218659,0.2373344992992122
HOUSEHOLD_2_358,TX,8.856481481481481,0.23987300067623377
HOUSEHOLD_2_358,WI,8.03781512605042,0.22304427310359862
HOUSEHOLD_2_359,CA,3.8336673346693386,0.39115459196550717
HOUSEHOLD_2_359,TX,7.840163934426229,0.24905645358314507
HOUSEHOLD_2_359,WI,6.881294964028777,0.31790289084296997
HOUSEHOLD_2_360,CA,4.298876404494382,0.378912209950002
HOUSEHOLD_2_360,TX,5.577259475218659,0.2769093870030105
HOUSEHOLD_2_360,WI,10.747191011235955,0.15617725082092165
HOUSEHOLD_2_361,CA,2.296518607442977,0.45601656865861423
HOUSEHOLD_2_361,TX,3.5623836126629422,0.3066254645655526
HOUSEHOLD_2_361,WI,3.497257769652651,0.2807937622834514
HOUSEHOLD_2_362,CA,2.0770901194353963,0.2542238750996663
HOUSEHOLD_2_362,TX,2.965891472868217,0.2568846202029689
HOUSEHOLD_2_362,WI,3.253401360544218,0.19120030429969234
HOUSEHOLD_2_363,CA,1.85188770571152,0.4293093470833902
HOUSEHOLD_2_363,TX,2.0884279475982535,0.3818512599616429
HOUSEHOLD_2_363,WI,3.6299810246679316,0.17084387255720346
HOUSEHOLD_2_364,CA,4.010482180293501,0.4478816437258846
HOUSEHOLD_2_364,TX,7.531496062992126,0.2345518347872864
HOUSEHOLD_2_364,WI,5.198369565217392,0.29359065482024965
HOUSEHOLD_2_365,CA,7.033088235294118,0.3783897590619443
HOUSEHOLD_2_365,TX,11.187134502923977,0.27688121472722393
HOUSEHOLD_2_365,WI,8.540178571428571,0.33005443300864
HOUSEHOLD_2_366,CA,1.0442139737991267,0.33838320908600833
HOUSEHOLD_2_366,TX,1.1386904761904761,0.3824910186034714
HOUSEHOLD_2_366,WI,1.1013241220495107,0.4444506493921267
HOUSEHOLD_2_367,CA,1.4636572302983932,0.35522649314532867
HOUSEHOLD_2_367,TX,2.255896226415094,0.2842152404396536
HOUSEHOLD_2_367,WI,2.9890625,0.19519869442904114
HOUSEHOLD_2_368,CA,1.230225080385852,0.39714811690910673
HOUSEHOLD_2_368,TX,1.2951929587000677,0.3705609692250309
HOUSEHOLD_2_368,WI,1.6170752324598479,0.313438114479087
HOUSEHOLD_2_369,CA,1.127948113207547,0.30753845973503047
HOUSEHOLD_2_369,TX,1.607563025210084,0.3274416961309199
HOUSEHOLD_2_369,WI,1.7979323308270676,0.28414690307219814
HOUSEHOLD_2_370,CA,1.9580348004094166,0.4454017173050155
HOUSEHOLD_2_370,TX,2.540504648074369,0.344363209712454
HOUSEHOLD_2_370,WI,2.868065967016492,0.31881085017430516
HOUSEHOLD_2_371,CA,1.0385450597176982,0.5713800667519878
HOUSEHOLD_2_371,TX,1.2864828513786146,0.56553576638836
HOUSEHOLD_2_371,WI,1.3452883263009845,0.49836454638153654
HOUSEHOLD_2_372,CA,4.620772946859903,0.47197032097711333
HOUSEHOLD_2_372,TX,7.386100386100386,0.34769002268490584
HOUSEHOLD_2_372,WI,10.121693121693122,0.2235664009537252
HOUSEHOLD_2_373,CA,1.5134493670886076,0.40113394843446115
HOUSEHOLD_2_373,TX,2.0438034188034186,0.38793218634460347
HOUSEHOLD_2_373,WI,2.9890625,0.26372936662754093
HOUSEHOLD_2_374,CA,1.7296564195298372,0.40457617161052456
HOUSEHOLD_2_374,TX,2.1161504424778763,0.41720427545176475
HOUSEHOLD_2_374,WI,2.412358133669609,0.3582639114089768
HOUSEHOLD_2_375,CA,1.3174931129476584,0.33903175255955464
HOUSEHOLD_2_375,TX,2.347239263803681,0.3637735538011273
HOUSEHOLD_2_375,WI,2.6569444444444446,0.2421557131776091
HOUSEHOLD_2_376,CA,1.225496476617553,0.38810071559754133
HOUSEHOLD_2_376,TX,1.6157094594594594,0.33381940352921585
HOUSEHOLD_2_376,WI,1.4772200772200772,0.3416166636587074
HOUSEHOLD_2_377,CA,1.386231884057971,0.3960847968602379
HOUSEHOLD_2_377,TX,2.6830294530154277,0.7721747492851764
HOUSEHOLD_2_377,WI,2.4307496823379924,0.26700119046272736
HOUSEHOLD_2_378,CA,2.0793478260869565,0.3677228886316448
HOUSEHOLD_2_378,TX,1.8013182674199624,0.36197992165971293
HOUSEHOLD_2_378,WI,3.1515650741350907,0.29921307569636046
HOUSEHOLD_2_379,CA,1.7234234234234234,0.43403433218617105
HOUSEHOLD_2_379,TX,2.9206106870229007,0.45050995443365527
HOUSEHOLD_2_379,WI,3.391843971631206,0.26692596461015083
HOUSEHOLD_2_380,CA,1.304911323328786,0.4329297612017646
HOUSEHOLD_2_380,TX,1.5796862097440132,0.37365988828911706
HOUSEHOLD_2_380,WI,2.009453781512605,0.3405764296969527
HOUSEHOLD_2_381,CA,5.922600619195046,0.21533169427191173
HOUSEHOLD_2_381,TX,9.023584905660377,0.16994973825881565
HOUSEHOLD_2_381,WI,9.66161616161616,0.21161145151838717
HOUSEHOLD_2_382,CA,3.549165120593692,0.3465630748253817
HOUSEHOLD_2_382,TX,4.576555023923445,0.3510850694544508
HOUSEHOLD_2_382,WI,4.241685144124168,0.3295191316974044
HOUSEHOLD_2_383,CA,1.6707423580786027,0.4115151547391533
HOUSEHOLD_2_383,TX,1.5822994210090984,0.39119615633372234
HOUSEHOLD_2_383,WI,1.4547528517110266,0.35217149191626745
HOUSEHOLD_2_384,CA,2.0592034445640475,0.3643957844961358
HOUSEHOLD_2_384,TX,2.219257540603248,0.4223198445874098
HOUSEHOLD_2_384,WI,2.2992788461538463,0.48547670486531513
HOUSEHOLD_2_385,CA,1.6462994836488813,0.3558347884060001
HOUSEHOLD_2_385,TX,2.2115606936416183,0.3451858911987213
HOUSEHOLD_2_385,WI,3.2205387205387206,0.2718806913131669
HOUSEHOLD_2_386,CA,2.3048192771084337,0.43559216264048223
HOUSEHOLD_2_386,TX,2.885369532428356,0.41286065331398825
HOUSEHOLD_2_386,WI,4.044397463002114,0.2682507492672542
HOUSEHOLD_2_387,CA,3.8490945674044266,0.38243679910909434
HOUSEHOLD_2_387,TX,4.620772946859903,0.34048889632919155
HOUSEHOLD_2_387,WI,3.765748031496063,0.41317982425168914
HOUSEHOLD_2_388,CA,1.2405966277561609,0.333476140161585
HOUSEHOLD_2_388,TX,1.4286781179985064,0.385775744925036
HOUSEHOLD_2_388,WI,2.05037513397642,0.3141351658934948
HOUSEHOLD_2_389,CA,3.0365079365079364,0.421209559368836
HOUSEHOLD_2_389,TX,3.1672185430463577,0.35498651819770094
HOUSEHOLD_2_389,WI,3.231418918918919,0.3460651383124175
HOUSEHOLD_2_390,CA,1.3471830985915494,0.4035009722156749
HOUSEHOLD_2_390,TX,1.5641864268192969,0.3414918268303367
HOUSEHOLD_2_390,WI,2.554072096128171,0.3401473749360111
HOUSEHOLD_2_391,CA,1.2838926174496643,0.37429738804370044
HOUSEHOLD_2_391,TX,3.4718693284936477,0.1535873951606857
HOUSEHOLD_2_391,WI,2.679271708683473,0.1976654573355402
HOUSEHOLD_2_392,CA,5.978125,0.13882746997319753
HOUSEHOLD_2_392,TX,7.561264822134388,0.11085773246678825
HOUSEHOLD_2_392,WI,8.897674418604652,0.07888205379665947
HOUSEHOLD_2_393,CA,2.8810240963855422,0.32001834512052124
HOUSEHOLD_2_393,TX,5.868098159509202,0.15896200587606835
HOUSEHOLD_2_393,WI,5.940993788819876,0.16661444136163028
HOUSEHOLD_2_394,CA,1.8184410646387832,0.35015670669518323
HOUSEHOLD_2_394,TX,2.965891472868217,0.26466977891134486
HOUSEHOLD_2_394,WI,2.784570596797671,0.2909965332225132
HOUSEHOLD_2_395,CA,1.0753232152894885,0.623327038429375
HOUSEHOLD_2_395,TX,1.71415770609319,0.6471184837443947
HOUSEHOLD_2_395,WI,1.6184433164128595,0.4213383496097616
HOUSEHOLD_2_396,CA,6.832142857142857,0.2973306628773045
HOUSEHOLD_2_396,TX,7.904958677685951,0.24757800739631158
HOUSEHOLD_2_396,WI,17.234234234234233,0.10021297601380927
HOUSEHOLD_2_397,CA,7.808163265306122,0.24094354873356927
HOUSEHOLD_2_397,TX,5.868098159509202,0.20754456724148138
HOUSEHOLD_2_397,WI,8.427312775330396,0.14200750413387636
HOUSEHOLD_2_398,CA,1.7187780772686434,0.33794207750903293
HOUSEHOLD_2_398,TX,2.7886297376093294,0.25942150234501526
HOUSEHOLD_2_398,WI,4.818639798488665,0.1217090410275595
HOUSEHOLD_2_399,CA,3.729044834307992,1.077651986529175
HOUSEHOLD_2_399,TX,4.0963597430406855,0.2540343459399578
HOUSEHOLD_2_399,WI,4.357630979498861,0.3694386895373123
HOUSEHOLD_2_400,CA,2.6830294530154277,0.40782538842413174
HOUSEHOLD_2_400,TX,3.6859344894026975,0.3461261851924526
HOUSEHOLD_2_400,WI,3.609433962264151,0.28717331672110313
HOUSEHOLD_2_401,CA,1.8411934552454283,0.5026585489364025
HOUSEHOLD_2_401,TX,2.4062893081761008,0.4014209151700887
HOUSEHOLD_2_401,WI,2.907294832826748,0.38487879973907363
HOUSEHOLD_2_402,CA,3.07556270096463,0.4111496072506327
HOUSEHOLD_2_402,TX,3.9281314168377826,0.35629267683690224
HOUSEHOLD_2_402,WI,5.020997375328084,0.2770118872848582
HOUSEHOLD_2_403,CA,1.1380130874479477,0.3586909965492088
HOUSEHOLD_2_403,TX,1.6929203539823008,0.35318235685245936
HOUSEHOLD_2_403,WI,2.6386206896551725,0.2878604636883264
HOUSEHOLD_2_404,CA,3.1463815789473686,0.3575628677927584
HOUSEHOLD_2_404,TX,3.315424610051993,0.3743092782369147
HOUSEHOLD_2_404,WI,4.770573566084788,0.27043006320063695
HOUSEHOLD_2_405,CA,2.6532593619972262,0.4646048535040188
HOUSEHOLD_2_405,TX,3.215126050420168,0.400669939194088
HOUSEHOLD_2_405,WI,3.8490945674044266,0.32262362018916846
HOUSEHOLD_2_406,CA,1.4749421742482651,0.36521241554940886
HOUSEHOLD_2_406,TX,2.7485632183908044,0.21221520126046028
HOUSEHOLD_2_406,WI,2.2665876777251186,0.31914068810182705
HOUSEHOLD_2_407,CA,1.7470319634703195,0.28354717915818417
HOUSEHOLD_2_407,TX,2.446291560102302,0.23398611078638612
HOUSEHOLD_2_407,WI,3.356140350877193,0.1570335674413552
HOUSEHOLD_2_408,CA,1.2016331658291457,0.3691481716968372
HOUSEHOLD_2_408,TX,1.7422586520947176,0.40868555679772406
HOUSEHOLD_2_408,WI,1.6989342806394316,0.3821456546423268
HOUSEHOLD_2_409,CA,1.0681183696259073,0.28955612263739
HOUSEHOLD_2_409,TX,1.1531042796865583,0.3485440611536545
HOUSEHOLD_2_409,WI,1.1524096385542169,0.3506269247600877
HOUSEHOLD_2_410,CA,1.0633685380767093,0.34372089057937394
HOUSEHOLD_2_410,TX,1.429745889387145,0.38028681895131383
HOUSEHOLD_2_410,WI,1.3066939890710383,0.4003835743737725
HOUSEHOLD_2_411,CA,1.142089552238806,0.3368536142774411
HOUSEHOLD_2_411,TX,1.6534140017286085,0.37489681812023384
HOUSEHOLD_2_411,WI,2.1689342403628116,0.3311518856942084
HOUSEHOLD_2_412,CA,4.746898263027295,0.3495876671264213
HOUSEHOLD_2_412,TX,7.591269841269841,0.12359045708702064
HOUSEHOLD_2_412,WI,7.443579766536965,0.10346005286699457
HOUSEHOLD_2_413,CA,4.328054298642534,0.38681434755940547
HOUSEHOLD_2_413,TX,5.512968299711815,0.3131934839726748
HOUSEHOLD_2_413,WI,4.631961259079903,0.3249791465361615
HOUSEHOLD_2_414,CA,3.912065439672802,0.43222188313254456
HOUSEHOLD_2_414,TX,5.481375358166189,0.5144274409476867
HOUSEHOLD_2_414,WI,9.066350710900474,0.17454028694634546
HOUSEHOLD_2_415,CA,2.668061366806137,0.3558643266472677
HOUSEHOLD_2_415,TX,4.438515081206496,0.24793673886486603
HOUSEHOLD_2_415,WI,4.770573566084788,0.15335828036817462
HOUSEHOLD_2_416,CA,1.7582720588235294,0.42408267681216444
HOUSEHOLD_2_416,TX,1.913,0.40811701130065847
HOUSEHOLD_2_416,WI,2.3329268292682928,0.3943005371962588
HOUSEHOLD_2_417,CA,1.4372652141247182,0.36051098199252163
HOUSEHOLD_2_417,TX,2.817378497790869,0.21690874305380015
HOUSEHOLD_2_417,WI,1.7811918063314711,0.2550121772812557
HOUSEHOLD_2_418,CA,6.376666666666667,0.4152507266046585
HOUSEHOLD_2_418,TX,6.832142857142857,0.3157643284229082
HOUSEHOLD_2_418,WI,5.978125,0.28295120742888774
HOUSEHOLD_2_419,CA,5.868098159509202,0.2668455888190749
HOUSEHOLD_2_419,TX,9.710659898477157,0.2583184284727235
HOUSEHOLD_2_419,WI,10.869318181818182,0.17643060239370495
HOUSEHOLD_2_420,CA,3.0173501577287065,0.36757788442624584
HOUSEHOLD_2_420,TX,3.4718693284936477,0.3228712556855435
HOUSEHOLD_2_420,WI,3.536044362292052,0.27414443697142643
HOUSEHOLD_2_421,CA,1.0645520311630494,0.278612895446071
HOUSEHOLD_2_421,TX,1.0442139737991267,0.30387452553057215
HOUSEHOLD_2_421,WI,1.225496476617553,0.38003580134385956
HOUSEHOLD_2_422,CA,2.2064590542099194,0.27173482392397424
HOUSEHOLD_2_422,TX,3.041335453100159,0.2382297568404995
HOUSEHOLD_2_422,WI,5.3887323943661976,0.11781071545711447
HOUSEHOLD_2_423,CA,1.304911323328786,0.3628777156886784
HOUSEHOLD_2_423,TX,1.7004444444444444,0.37545615881260447
HOUSEHOLD_2_423,WI,2.0725893824485375,0.32730670136693146
HOUSEHOLD_2_424,CA,1.4898753894080996,0.35097179183136906
HOUSEHOLD_2_424,TX,1.9968684759916493,0.2660276516955086
HOUSEHOLD_2_424,WI,2.253239104829211,0.28540300571868055
HOUSEHOLD_2_425,CA,1.7861811391223157,0.3205054377907034
HOUSEHOLD_2_425,TX,2.671787709497207,0.2696247393813885
HOUSEHOLD_2_425,WI,6.906137184115524,0.08654112920770175
HOUSEHOLD_2_426,CA,1.230225080385852,0.38990996698064545
HOUSEHOLD_2_426,TX,1.532852564102564,0.4258934318163981
HOUSEHOLD_2_426,WI,2.5816464237516867,0.2129737939621721
HOUSEHOLD_2_427,CA,1.0598337950138503,0.39439120844475833
HOUSEHOLD_2_427,TX,1.1475704859028195,0.369102757231527
HOUSEHOLD_2_427,WI,1.136660724896019,0.4469185814142758
HOUSEHOLD_2_428,CA,3.2259696458684655,0.22677204832626818
HOUSEHOLD_2_428,TX,6.034700315457413,0.14603890035940353
HOUSEHOLD_2_428,WI,4.5439429928741095,0.15240548782875138
HOUSEHOLD_2_429,CA,3.2478777589134125,0.21529203397335264
HOUSEHOLD_2_429,TX,4.501176470588235,0.1370371255190643
HOUSEHOLD_2_429,WI,7.329501915708812,0.11010280125121295
HOUSEHOLD_2_430,CA,3.8646464646464644,0.5138818952429149
HOUSEHOLD_2_430,TX,3.0608,0.42100968868792354
HOUSEHOLD_2_430,WI,5.328690807799443,0.560181794146723
HOUSEHOLD_2_431,CA,1.488715953307393,0.4261558480927048
HOUSEHOLD_2_431,TX,1.8663414634146342,0.42894116035499025
HOUSEHOLD_2_431,WI,2.6422651933701657,0.22026456423673269
HOUSEHOLD_2_432,CA,4.735148514851486,0.3911477088428563
HOUSEHOLD_2_432,TX,5.497126436781609,0.27535916319778
HOUSEHOLD_2_432,WI,8.775229357798166,0.21225108265211626
HOUSEHOLD_2_433,CA,1.9823834196891192,0.37715106979951935
HOUSEHOLD_2_433,TX,3.4160714285714286,0.18587714748441317
HOUSEHOLD_2_433,WI,3.1207177814029365,0.24159161431509915
HOUSEHOLD_2_434,CA,1.5590872045639772,0.6255563187471763
HOUSEHOLD_2_434,TX,1.5641864268192969,0.43575209533141085
HOUSEHOLD_2_434,WI,1.5464834276475343,0.34265963641751374
HOUSEHOLD_2_435,CA,1.5578175895765471,0.40142794316076325
HOUSEHOLD_2_435,TX,2.7019774011299433,0.2794688694984918
HOUSEHOLD_2_435,WI,4.1317494600431965,0.13454457603864875
HOUSEHOLD_2_436,CA,2.0052410901467503,0.48801159703478053
HOUSEHOLD_2_436,TX,2.7485632183908044,0.4325349202548836
HOUSEHOLD_2_436,WI,3.9362139917695473,0.2562153831414143
HOUSEHOLD_2_437,CA,1.0385450597176982,0.33513817759477715
HOUSEHOLD_2_437,TX,1.2519633507853403,0.4086172931442874
HOUSEHOLD_2_437,WI,1.4191394658753709,0.3623032015317656
HOUSEHOLD_2_438,CA,1.134638196915777,0.3641092960055082
HOUSEHOLD_2_438,TX,1.2544262295081967,0.3486070693733182
HOUSEHOLD_2_438,WI,1.6336464560204953,0.32387387924009536
HOUSEHOLD_2_439,CA,1.8572815533980582,0.3508121807368398
HOUSEHOLD_2_439,TX,2.440051020408163,0.39893790696697656
HOUSEHOLD_2_439,WI,2.6830294530154277,0.4287631190998049
HOUSEHOLD_2_440,CA,1.0735129068462401,0.6035847382030874
HOUSEHOLD_2_440,TX,1.0528343423225097,1.186346105849452
HOUSEHOLD_2_440,WI,1.197871008140263,0.4786694724466678
HOUSEHOLD_2_441,CA,2.527080581241744,0.21163005376848848
HOUSEHOLD_2_441,TX,4.5985576923076925,0.15359502526233967
HOUSEHOLD_2_441,WI,4.1496746203904555,0.15312144655936116
HOUSEHOLD_2_442,CA,1.1593939393939394,0.4035561931827997
HOUSEHOLD_2_442,TX,1.2462540716612378,0.4630442871883701
HOUSEHOLD_2_442,WI,1.1786814540973505,0.39282614204715316
HOUSEHOLD_2_443,CA,1.276184122748499,0.4160707129395021
HOUSEHOLD_2_443,TX,2.106828193832599,0.33930904285066
HOUSEHOLD_2_443,WI,2.2800953516090585,0.36193617326662614
HOUSEHOLD_2_444,CA,1.4276119402985075,0.38571510240939816
HOUSEHOLD_2_444,TX,2.009453781512605,0.39050770299101956
HOUSEHOLD_2_444,WI,2.721194879089616,0.314231344204254
HOUSEHOLD_2_445,CA,2.156708004509583,0.3386824557711325
HOUSEHOLD_2_445,TX,4.4282407407407405,0.2787016794183791
HOUSEHOLD_2_445,WI,4.0615711252653925,0.1773861954682003
HOUSEHOLD_2_446,CA,4.843037974683544,0.15760676069013035
HOUSEHOLD_2_446,TX,5.373595505617978,0.28582685150082326
HOUSEHOLD_2_446,WI,7.007326007326007,0.15977448702602332
HOUSEHOLD_2_447,CA,1.161505768063145,0.6279765560306084
HOUSEHOLD_2_447,TX,1.1629179331306991,0.7359519351666618
HOUSEHOLD_2_447,WI,1.4704073789392775,0.523079231469563
HOUSEHOLD_2_448,CA,6.441077441077441,1.8020118050226481
HOUSEHOLD_2_448,TX,12.341935483870968,0.21118803143596535
HOUSEHOLD_2_448,WI,14.066176470588236,0.12524352207117917
HOUSEHOLD_2_449,CA,2.216685979142526,0.3541794128091622
HOUSEHOLD_2_449,TX,2.592140921409214,0.41645342416734044
HOUSEHOLD_2_449,WI,2.817378497790869,0.4256409127869447
HOUSEHOLD_2_450,CA,1.1971214017521903,0.3154047079491666
HOUSEHOLD_2_450,TX,1.9803312629399585,0.29014262859945034
HOUSEHOLD_2_450,WI,1.739090909090909,0.3156229374039323
HOUSEHOLD_2_451,CA,1.7845149253731343,0.3926332407763829
HOUSEHOLD_2_451,TX,2.2141203703703702,0.348299106866529
HOUSEHOLD_2_451,WI,2.154279279279279,0.36265210371188716
HOUSEHOLD_2_452,CA,1.4681504221028396,0.47026573523637194
HOUSEHOLD_2_452,TX,2.527080581241744,0.8114134732980737
HOUSEHOLD_2_452,WI,3.6577437858508604,0.19201157254267318
HOUSEHOLD_2_453,CA,1.0832389580973953,0.3004665723025707
HOUSEHOLD_2_453,TX,1.3500352858151023,0.4250272567089347
HOUSEHOLD_2_453,WI,1.5062992125984251,0.3146508809859345
HOUSEHOLD_2_454,CA,2.307599517490953,0.42154860150025386
HOUSEHOLD_2_454,TX,3.4406474820143886,0.4403111494658888
HOUSEHOLD_2_454,WI,5.15633423180593,0.30496194153337003
HOUSEHOLD_2_455,CA,1.7249774571686203,0.34291874625869107
HOUSEHOLD_2_455,TX,2.3763975155279504,0.25586353944562906
HOUSEHOLD_2_455,WI,3.7509803921568627,0.1610176912759686
HOUSEHOLD_2_456,CA,3.3444055944055946,0.2270782073160966
HOUSEHOLD_2_456,TX,5.299168975069252,0.16993245541838128
HOUSEHOLD_2_456,WI,8.540178571428571,0.08120062825915358
HOUSEHOLD_2_457,CA,1.282171581769437,0.319083153098773
HOUSEHOLD_2_457,TX,2.1255555555555556,0.282785305137431
HOUSEHOLD_2_457,WI,2.436942675159236,0.2625484331023689
HOUSEHOLD_2_458,CA,3.1830282861896837,0.29750021627802437
HOUSEHOLD_2_458,TX,7.218867924528302,0.16564677255567292
HOUSEHOLD_2_458,WI,6.272131147540984,0.18731778506627234
HOUSEHOLD_2_459,CA,3.7956349206349205,0.3139974623414418
HOUSEHOLD_2_459,TX,7.246212121212121,0.23410475350954513
HOUSEHOLD_2_459,WI,12.585526315789474,0.14562711793224195
HOUSEHOLD_2_460,CA,2.517105263157895,0.30203658866938793
HOUSEHOLD_2_460,TX,3.403914590747331,0.3692509463980085
HOUSEHOLD_2_460,WI,4.185995623632385,0.2665111532293338
HOUSEHOLD_2_461,CA,1.4647779479326186,0.34834696248127806
HOUSEHOLD_2_461,TX,4.122844827586207,0.16810724082604417
HOUSEHOLD_2_461,WI,2.385286783042394,0.23315162878775975
HOUSEHOLD_2_462,CA,1.9660842754367933,0.31401016184342084
HOUSEHOLD_2_462,TX,3.736328125,0.24215474657171573
HOUSEHOLD_2_462,WI,2.7173295454545454,0.22031960217981506
HOUSEHOLD_2_463,CA,4.270089285714286,0.3738303611377437
HOUSEHOLD_2_463,TX,7.301526717557252,0.3059200774018802
HOUSEHOLD_2_463,WI,8.695454545454545,0.17860841886131668
HOUSEHOLD_2_464,CA,2.721194879089616,0.24843299509827665
HOUSEHOLD_2_464,TX,2.8940998487140694,0.23704370681102524
HOUSEHOLD_2_464,WI,3.332752613240418,0.2004157563104687
HOUSEHOLD_2_465,CA,1.0522552255225524,0.34650221472361253
HOUSEHOLD_2_465,TX,1.324792243767313,0.38000364771247913
HOUSEHOLD_2_465,WI,1.3586647727272727,0.40217469179792553
HOUSEHOLD_2_466,CA,1.7312217194570136,0.40479089555020575
HOUSEHOLD_2_466,TX,2.7173295454545454,0.30958450683142336
HOUSEHOLD_2_466,WI,2.705799151343706,0.2747283674935623
HOUSEHOLD_2_467,CA,1.5074862096138693,0.30922968121940436
HOUSEHOLD_2_467,TX,1.8115530303030303,0.37365672893833496
HOUSEHOLD_2_467,WI,1.994786235662148,0.3412922785185059
HOUSEHOLD_2_468,CA,1.284754869039624,0.40481238765500116
HOUSEHOLD_2_468,TX,1.8590864917395529,0.27853625108531366
HOUSEHOLD_2_468,WI,2.1446188340807173,0.24935443353580738
HOUSEHOLD_2_469,CA,4.044397463002114,0.350349315029409
HOUSEHOLD_2_469,TX,6.170967741935484,0.19781688822676874
HOUSEHOLD_2_469,WI,6.506802721088436,0.23852870624699984
HOUSEHOLD_2_470,CA,1.026838432635534,0.32395673437164024
HOUSEHOLD_2_470,TX,1.0783540022547915,0.3588090439740875
HOUSEHOLD_2_470,WI,1.2422077922077923,0.3790600527713687
HOUSEHOLD_2_471,CA,1.4201930215293244,0.42549674289067696
HOUSEHOLD_2_471,TX,2.1302895322939865,0.35262478256892776
HOUSEHOLD_2_471,WI,1.7811918063314711,0.3641275066330293
HOUSEHOLD_2_472,CA,1.2381877022653722,0.39470128720764436
HOUSEHOLD_2_472,TX,1.442684766214178,0.3516762853731873
HOUSEHOLD_2_472,WI,1.6678291194420227,0.37217988293886217
HOUSEHOLD_2_473,CA,1.8394230769230768,0.36460256530177043
HOUSEHOLD_2_473,TX,3.0365079365079364,0.2718854902588164
HOUSEHOLD_2_473,WI,4.0702127659574465,0.17797785236364005
HOUSEHOLD_2_474,CA,2.0816104461371054,0.29739820450197185
HOUSEHOLD_2_474,TX,5.744744744744745,0.10264527439772667
HOUSEHOLD_2_474,WI,5.434659090909091,0.2375097360059031
HOUSEHOLD_2_475,CA,2.022198731501057,0.44873850263693876
HOUSEHOLD_2_475,TX,3.9443298969072167,0.30339409058493
HOUSEHOLD_2_475,WI,2.7134751773049643,0.34846383970271455
HOUSEHOLD_2_476,CA,4.480093676814988,0.34612346253831533
HOUSEHOLD_2_476,TX,2.224418604651163,0.47300525871760074
HOUSEHOLD_2_476,WI,6.39799331103679,0.4667346747904923
HOUSEHOLD_2_477,CA,3.1515650741350907,0.41310959597766134
HOUSEHOLD_2_477,TX,3.510091743119266,0.4005885645995779
HOUSEHOLD_2_477,WI,4.328054298642534,0.37926406049254424
HOUSEHOLD_2_478,CA,2.564343163538874,0.30270254713365774
HOUSEHOLD_2_478,TX,5.087765957446808,0.17495570532156643
HOUSEHOLD_2_478,WI,5.14247311827957,0.1989578912004808
HOUSEHOLD_2_479,CA,2.0158061116965227,0.5746063757155002
HOUSEHOLD_2_479,TX,2.564343163538874,0.6427631732191083
HOUSEHOLD_2_479,WI,4.968831168831169,0.25129776659699576
HOUSEHOLD_2_480,CA,1.439428141459744,0.38786336215603356
HOUSEHOLD_2_480,TX,2.5816464237516867,0.24935239949090363
HOUSEHOLD_2_480,WI,3.1207177814029365,0.2507361851391199
HOUSEHOLD_2_481,CA,2.772463768115942,0.28151769178268615
HOUSEHOLD_2_481,TX,2.41540404040404,0.25524798417443223
HOUSEHOLD_2_481,WI,3.1004862236628847,0.206239319785939
HOUSEHOLD_2_482,CA,2.1446188340807173,0.4137898630587374
HOUSEHOLD_2_482,TX,2.800878477306003,0.2970509841190385
HOUSEHOLD_2_482,WI,4.609638554216867,0.21306484960537572
HOUSEHOLD_2_483,CA,1.0814019219898248,0.26270778475830775
HOUSEHOLD_2_483,TX,1.1874612042209807,0.34581479662295755
HOUSEHOLD_2_483,WI,1.2527832351015062,0.3443528134321931
HOUSEHOLD_2_484,CA,2.149438202247191,0.4241650455610966
HOUSEHOLD_2_484,TX,3.0559105431309903,0.4444058493043965
HOUSEHOLD_2_484,WI,3.8961303462321792,0.3556816503947229
HOUSEHOLD_2_485,CA,1.2016331658291457,0.5155534629789348
HOUSEHOLD_2_485,TX,1.5888704318936877,0.519467008429375
HOUSEHOLD_2_485,WI,2.0073452256033577,0.4004884233729217
HOUSEHOLD_2_486,CA,1.2176957352005093,0.37557211493014875
HOUSEHOLD_2_486,TX,2.198850574712644,0.8217008355750951
HOUSEHOLD_2_486,WI,1.994786235662148,0.2831472368912245
HOUSEHOLD_2_487,CA,5.996865203761756,0.2239455391208906
HOUSEHOLD_2_487,TX,7.561264822134388,0.20154860719764559
HOUSEHOLD_2_487,WI,7.246212121212121,0.17701401289058605
HOUSEHOLD_2_488,CA,1.2702523240371846,0.41039596925302774
HOUSEHOLD_2_488,TX,2.0264830508474576,0.3023281442683313
HOUSEHOLD_2_488,WI,2.263905325443787,0.2512190675761987
HOUSEHOLD_2_489,CA,2.282816229116945,0.336044998535399
HOUSEHOLD_2_489,TX,4.735148514851486,0.18382133995037225
HOUSEHOLD_2_489,WI,5.434659090909091,0.1284637378519931
HOUSEHOLD_2_490,CA,3.332752613240418,0.20543222795599947
HOUSEHOLD_2_490,TX,3.362038664323374,0.2947386473840674
HOUSEHOLD_2_490,WI,3.510091743119266,0.2913110355224829
HOUSEHOLD_2_491,CA,1.7280939476061428,0.36904800635177804
HOUSEHOLD_2_491,TX,1.9323232323232322,0.34680410616679486
HOUSEHOLD_2_491,WI,3.007861635220126,0.3055790879664367
HOUSEHOLD_2_492,CA,1.142089552238806,0.4751601831900044
HOUSEHOLD_2_492,TX,1.488715953307393,0.42448814631472154
HOUSEHOLD_2_492,WI,1.8865877712031558,0.36999190850729763
HOUSEHOLD_2_493,CA,3.9524793388429753,0.3384445162301174
HOUSEHOLD_2_493,TX,4.5224586288416075,0.2860234729078616
HOUSEHOLD_2_493,WI,4.7825,0.3163605352077578
HOUSEHOLD_2_494,CA,2.4652061855670104,0.28146822362294127
HOUSEHOLD_2_494,TX,3.026898734177215,0.3393109004105108
HOUSEHOLD_2_494,WI,3.4406474820143886,0.21223477845192132
HOUSEHOLD_2_495,CA,1.9303733602421795,0.3831507579128388
HOUSEHOLD_2_495,TX,2.4844155844155846,0.3852744151191623
HOUSEHOLD_2_495,WI,2.7927007299270072,0.3896299832917726
HOUSEHOLD_2_496,CA,2.2270081490104774,0.43002248625269995
HOUSEHOLD_2_496,TX,2.800878477306003,0.3686853744549496
HOUSEHOLD_2_496,WI,4.5985576923076925,0.44352921516886007
HOUSEHOLD_2_497,CA,1.7811918063314711,0.38337247546940517
HOUSEHOLD_2_497,TX,1.7945590994371483,0.3993463160067959
HOUSEHOLD_2_497,WI,2.0052410901467503,0.3634930046077056
HOUSEHOLD_2_498,CA,3.960662525879917,0.4604300226990988
HOUSEHOLD_2_498,TX,4.167755991285403,0.48792272627098937
HOUSEHOLD_2_498,WI,6.832142857142857,0.3741092198724568
HOUSEHOLD_2_499,CA,3.080515297906602,0.43361616456468455
HOUSEHOLD_2_499,TX,4.010482180293501,0.48146613202210414
HOUSEHOLD_2_499,WI,3.8803245436105476,0.34146887938177073
HOUSEHOLD_2_500,CA,1.3211325966850829,0.3786381790323286
HOUSEHOLD_2_500,TX,2.0525751072961373,0.30791430733983405
HOUSEHOLD_2_500,WI,2.5816464237516867,0.23592318222277092
HOUSEHOLD_2_501,CA,2.2348130841121496,0.3718614586233884
HOUSEHOLD_2_501,TX,2.979750778816199,0.3899721810978353
HOUSEHOLD_2_501,WI,2.855223880597015,0.3339643593708395
HOUSEHOLD_2_502,CA,4.511792452830188,0.2537540320462307
HOUSEHOLD_2_502,TX,6.3344370860927155,0.2433230262560539
HOUSEHOLD_2_502,WI,11.524096385542169,0.10422364470231281
HOUSEHOLD_2_503,CA,3.1777408637873754,0.18830004611602505
HOUSEHOLD_2_503,TX,3.9281314168377826,0.20169176996377566
HOUSEHOLD_2_503,WI,4.204395604395605,0.17043015246886367
HOUSEHOLD_2_504,CA,3.2478777589134125,0.5219651503110708
HOUSEHOLD_2_504,TX,5.047493403693931,0.38823601594191176
HOUSEHOLD_2_504,WI,5.6765578635014835,0.31553679106244686
HOUSEHOLD_2_505,CA,1.200125470514429,0.3656205956735961
HOUSEHOLD_2_505,TX,1.9681069958847737,0.4395372521547568
HOUSEHOLD_2_505,WI,2.318787878787879,0.2297754190977637
HOUSEHOLD_2_506,CA,2.4032663316582914,0.4044248727099664
HOUSEHOLD_2_506,TX,3.5036630036630036,0.24784082339537722
HOUSEHOLD_2_506,WI,8.10593220338983,0.09934584125493286
HOUSEHOLD_2_507,CA,1.537781350482315,0.3808661749816123
HOUSEHOLD_2_507,TX,1.8483091787439614,0.39420803014226774
HOUSEHOLD_2_507,WI,2.219257540603248,0.3367394228696002
HOUSEHOLD_2_508,CA,2.4588688946015425,0.2772153003184439
HOUSEHOLD_2_508,TX,6.190938511326861,0.14569753187857715
HOUSEHOLD_2_508,WI,6.783687943262412,0.1442370542523059
HOUSEHOLD_2_509,CA,1.1252941176470588,0.3561772090424757
HOUSEHOLD_2_509,TX,1.2286448298008992,0.3593948203729375
HOUSEHOLD_2_509,WI,1.9989550679205852,0.2718016811993332
HOUSEHOLD_2_510,CA,1.0717086834733893,0.3113388682586909
HOUSEHOLD_2_510,TX,1.1707466340269277,0.41104319861044375
HOUSEHOLD_2_510,WI,1.1971214017521903,0.35740231496095703
HOUSEHOLD_2_511,CA,1.1496394230769231,0.4577992014729375
HOUSEHOLD_2_511,TX,1.3973703433162892,0.44802652181834035
HOUSEHOLD_2_511,WI,1.9187562688064193,0.2734336629493703
HOUSEHOLD_2_512,CA,1.0912721049629206,0.4575679443207215
HOUSEHOLD_2_512,TX,1.721872187218722,0.5626638949343449
HOUSEHOLD_2_512,WI,1.5390185036202735,0.4372462799631953
HOUSEHOLD_2_513,CA,1.8884501480750246,0.444140984894708
HOUSEHOLD_2_513,TX,2.327250608272506,0.42496920049713666
HOUSEHOLD_2_513,WI,2.9751166407465006,0.3468409684676938
HOUSEHOLD_2_514,CA,1.8132701421800947,0.35039721178009403
HOUSEHOLD_2_514,TX,3.5623836126629422,0.1994861777543918
HOUSEHOLD_2_514,WI,4.347727272727273,0.18744142790573098
HOUSEHOLD_2_515,CA,5.313888888888889,0.2935723109940772
HOUSEHOLD_2_515,TX,8.21030042918455,0.2637799410488181
HOUSEHOLD_2_515,WI,8.502222222222223,0.2410993013230266
HOUSEHOLD_2_516,CA,2.4494238156209986,0.2667822163661209
HOUSEHOLD_2_516,TX,2.705799151343706,0.2719943901066638
HOUSEHOLD_2_516,WI,4.818639798488665,0.1377811837743273
